candidate_id,confidence,recommended_action,name,name_en,aliases,brand_name,brewery,beer_style,abv,ibu,country,origin_region,image_url,description,tasting_note,status,source,source_drink_count,source_tenant_count,public_visible_count,enabled_count,source_drink_ids,source_tenant_ids,source_names,source_brand_names,source_breweries,review_note
candidate_0291,exact_brand_name_match,create_product_then_link_source_drinks,泡泡浴,,,Alus,Alus,日式柚子拉格,5.1,,深圳,,https://agtujigvxxdppngirqtu.supabase.co/storage/v1/object/public/taplist-media/3d6cb427-a8c3-4583-a7c4-5a3ad9f5f787/drinks/bf585bd3-9a78-4c17-ad7e-327340cd6abd/_____20260604223640_97_60.jpg,,,active,production_drinks_2026-06-30_conservative_exact_key,5,4,2,5,bf585bd3-9a78-4c17-ad7e-327340cd6abd|cb23ecc2-dce3-4519-a6ad-83848d69b15a|8a4db5ad-ea3e-487e-8254-f098879b2343|c463fc75-47bd-44ed-a011-fb120867de0e|7198042c-626d-4fa5-ad6c-eb883a6165e5,3d6cb427-a8c3-4583-a7c4-5a3ad9f5f787|57d005da-1193-4bd2-955a-ef6b9653516d|81a90487-39c9-46bb-b221-68ff631275d6|c3af90db-9734-4750-927c-38f6b37fb3e0,泡泡浴,Alus,Alus,Exact normalized brand+name matched. Still review before merging if packaging/bar-specific naming differs.
candidate_0322,exact_brand_name_match,create_product_then_link_source_drinks,饼干,,,Alus,Alus,德式皮尔森,5.2,,深圳,,https://agtujigvxxdppngirqtu.supabase.co/storage/v1/object/public/taplist-media/82bf1237-e90c-4379-a2bc-a6dad2726b93/drinks/541585e6-4440-479f-a306-ee145de58a17/no-menu-beer-artwork__4_.jpg,,,active,production_drinks_2026-06-30_conservative_exact_key,3,3,1,3,fabc796c-cd3e-4bdd-9e2a-d408081d5323|af551b53-d9e8-47c4-ac8f-9da701f9fbbb|541585e6-4440-479f-a306-ee145de58a17,57d005da-1193-4bd2-955a-ef6b9653516d|283206e3-22d9-4a54-b8a5-70694b1ec062|82bf1237-e90c-4379-a2bc-a6dad2726b93,饼干,Alus,Alus,Exact normalized brand+name matched. Still review before merging if packaging/bar-specific naming differs.
candidate_0509,exact_brand_name_match,create_product_then_link_source_drinks,狄俄尼索斯的眼泪,,,退界,退界,白葡萄海盐酒花酸拉格,6,,成都,,https://agtujigvxxdppngirqtu.supabase.co/storage/v1/object/public/taplist-media/7aa1147c-5c8b-4c68-bc11-56ce34608689/drinks/9c6dd799-7f8c-44ce-b912-95fb85e0f35d/no-menu-beer-artwork__64_.jpg,葡萄汁水的鲜活进发中段透出矿物与草本,葡萄汁水的鲜活进发中段透出矿物与草本,active,production_drinks_2026-06-30_conservative_exact_key,3,3,2,3,9c6dd799-7f8c-44ce-b912-95fb85e0f35d|d681ca8e-2f25-46fe-9e70-bc4bdd78f531|624eb27a-c715-4e04-bb2a-46b839cb7111,7aa1147c-5c8b-4c68-bc11-56ce34608689|494bcf1f-8346-480f-a396-204b104c9313|283206e3-22d9-4a54-b8a5-70694b1ec062,狄俄尼索斯的眼泪,退界,退界,Exact normalized brand+name matched. Still review before merging if packaging/bar-specific naming differs.
candidate_0387,exact_brand_name_match,create_product_then_link_source_drinks,黑武士,,,玄水屋,玄水屋,水果酸艾尔,4.2,,西安,,https://agtujigvxxdppngirqtu.supabase.co/storage/v1/object/public/taplist-media/d897a73b-37fb-4c57-af0f-79d8759173cb/drinks/7dd63e93-6d77-406d-94f3-b878b3e265da/no-menu-beer-artwork__86_.jpg,,,active,production_drinks_2026-06-30_conservative_exact_key,3,3,1,3,6735f156-12dd-48b6-9b99-ef372bf0a8e4|7dd63e93-6d77-406d-94f3-b878b3e265da|b9f80a82-f1e8-4c6f-8ff2-703c5dbdaa16,283206e3-22d9-4a54-b8a5-70694b1ec062|d897a73b-37fb-4c57-af0f-79d8759173cb|7cce9b27-acd5-4bdc-a302-153c8245a1c1,黑武士,玄水屋,玄水屋,Exact normalized brand+name matched. Still review before merging if packaging/bar-specific naming differs.
candidate_0396,exact_brand_name_match,create_product_then_link_source_drinks,酒花大盗,,,Deadman,Deadman,双倍IPA,8,,香港,,https://agtujigvxxdppngirqtu.supabase.co/storage/v1/object/public/taplist-media/81a90487-39c9-46bb-b221-68ff631275d6/drinks/e4fb40f2-af9b-423f-a95a-94c728a3cdb8/no-menu-beer-artwork__18_.jpg,,,active,production_drinks_2026-06-30_conservative_exact_key,3,2,2,3,e4fb40f2-af9b-423f-a95a-94c728a3cdb8|699e8493-a68c-4d21-b68f-1bd6ba2b5146|acea536b-e527-460f-a436-e74b73e9fd1c,81a90487-39c9-46bb-b221-68ff631275d6|82bf1237-e90c-4379-a2bc-a6dad2726b93,酒花大盗,Deadman,Deadman,Exact normalized brand+name matched. Still review before merging if packaging/bar-specific naming differs.
candidate_0329,exact_brand_name_match,create_product_then_link_source_drinks,想象中的雨,,,Fever,Fever,农舍艾尔塞松,4.6,,西安,,https://agtujigvxxdppngirqtu.supabase.co/storage/v1/object/public/taplist-media/1cff208a-4424-4867-966d-a7839ac59f6f/drinks/94d157cd-cad5-4db7-9c0f-52f510ef694d/no-menu-beer-artwork__95_.jpg,,,active,production_drinks_2026-06-30_conservative_exact_key,3,3,2,3,94d157cd-cad5-4db7-9c0f-52f510ef694d|6ac05b76-0976-4939-b37a-bddbc85b7a03|945ed276-5436-4b11-b570-ba7c45bf2377,1cff208a-4424-4867-966d-a7839ac59f6f|494bcf1f-8346-480f-a396-204b104c9313|26597d55-8a12-4185-b3ef-cb9a3ac1773a,想象中的雨,Fever|FEVER,Fever|FEVER,Exact normalized brand+name matched. Still review before merging if packaging/bar-specific naming differs.
candidate_0280,exact_brand_name_match,create_product_then_link_source_drinks,晓夫,,,退界,退界,墨西哥拉格,4.3,,成都,,https://agtujigvxxdppngirqtu.supabase.co/storage/v1/object/public/taplist-media/c3af90db-9734-4750-927c-38f6b37fb3e0/drinks/88d10062-8afb-4c24-a230-4a913d041493/no-menu-beer-artwork_-_2026-06-07T201741.747.jpg,,,active,production_drinks_2026-06-30_conservative_exact_key,3,3,1,3,88d10062-8afb-4c24-a230-4a913d041493|7ecf0b7c-ddb3-42a9-a9bc-5c5b3a1edf39|13a3b7e5-1dd9-4b66-8284-920b0e8ac946,c3af90db-9734-4750-927c-38f6b37fb3e0|57d005da-1193-4bd2-955a-ef6b9653516d|a4f4002f-fccd-41dd-bbc5-153d30fc5385,晓夫,退界,退界,Exact normalized brand+name matched. Still review before merging if packaging/bar-specific naming differs.
candidate_0175,exact_brand_name_match,create_product_then_link_source_drinks,依帕,,,赤屿谷盗,赤屿谷盗,西海岸 IPA,5.7,30,海南,,https://agtujigvxxdppngirqtu.supabase.co/storage/v1/object/public/taplist-media/d897a73b-37fb-4c57-af0f-79d8759173cb/drinks/8ddeccdf-1951-4563-a48a-d313efba1523/no-menu-beer-artwork__47_.jpg,,,active,production_drinks_2026-06-30_conservative_exact_key,3,3,2,3,4d1da7d9-8b21-4706-b535-355b9ff70103|8ddeccdf-1951-4563-a48a-d313efba1523|fb7b89d5-a7b5-4813-86ee-9286275cabd6,4d1da7d9-8b21-4706-b535-355b9ff79388|d897a73b-37fb-4c57-af0f-79d8759173cb|2c191730-69f6-4031-8256-91aa59e5bc52,依帕,赤屿谷盗,赤屿谷盗|赤峪谷盈,Exact normalized brand+name matched. Still review before merging if packaging/bar-specific naming differs.
candidate_0350,exact_brand_name_match,create_product_then_link_source_drinks,从我的吧台滚出去,,,Liquid's Tag,Liquid's Tag,西海岸IPA,6.3,,上海,,https://agtujigvxxdppngirqtu.supabase.co/storage/v1/object/public/taplist-media/494bcf1f-8346-480f-a396-204b104c9313/drinks/0f5ddbd1-a1d8-485d-a08b-1bd59fc8afd8/no-menu-beer-artwork__2_.jpg,,,active,production_drinks_2026-06-30_conservative_exact_key,2,2,1,2,816640be-c4d6-4579-98b7-93cbe3036852|0f5ddbd1-a1d8-485d-a08b-1bd59fc8afd8,7aa1147c-5c8b-4c68-bc11-56ce34608689|494bcf1f-8346-480f-a396-204b104c9313,从我的吧台滚出去,Liquid's Tag,Liquid's Tag,Exact normalized brand+name matched. Still review before merging if packaging/bar-specific naming differs.
candidate_0511,exact_brand_name_match,create_product_then_link_source_drinks,大师的疯狂,,,蔓延,蔓延,浑浊IPA,7,,武汉,,https://agtujigvxxdppngirqtu.supabase.co/storage/v1/object/public/taplist-media/da21ab4e-93f7-49ca-8318-15fcbae24a93/drinks/b42fb32a-927e-44de-af61-ad668be63819/no-menu-beer-artwork__65_.jpg,,,active,production_drinks_2026-06-30_conservative_exact_key,2,2,1,2,b42fb32a-927e-44de-af61-ad668be63819|5cd36ffd-0d89-40c1-b503-8430d4a74f96,da21ab4e-93f7-49ca-8318-15fcbae24a93|494bcf1f-8346-480f-a396-204b104c9313,大师的疯狂,蔓延,蔓延,Exact normalized brand+name matched. Still review before merging if packaging/bar-specific naming differs.
candidate_0354,exact_brand_name_match,create_product_then_link_source_drinks,风暴中心 金桔芒果酸,,,云朴精酿,云朴精酿,水果酸艾尔,5,,昆明,,https://agtujigvxxdppngirqtu.supabase.co/storage/v1/object/public/taplist-media/494bcf1f-8346-480f-a396-204b104c9313/drinks/59e6b7d7-e251-4a9a-ad99-bbcb908732b7/no-menu-beer-artwork__4_.jpg,,,active,production_drinks_2026-06-30_conservative_exact_key,2,2,1,2,3ba6d6d9-3265-486c-81bb-968519bbe479|59e6b7d7-e251-4a9a-ad99-bbcb908732b7,7aa1147c-5c8b-4c68-bc11-56ce34608689|494bcf1f-8346-480f-a396-204b104c9313,风暴中心 金桔芒果酸,云朴精酿,云朴精酿,Exact normalized brand+name matched. Still review before merging if packaging/bar-specific naming differs.
candidate_0424,exact_brand_name_match,create_product_then_link_source_drinks,浮柚,,,云泥,云泥,水果增味西打,7,,昆明,,https://agtujigvxxdppngirqtu.supabase.co/storage/v1/object/public/taplist-media/82bf1237-e90c-4379-a2bc-a6dad2726b93/drinks/11d1c95f-1951-4d54-83ed-6c52c5d06777/no-menu-beer-artwork__5_.jpg,,,active,production_drinks_2026-06-30_conservative_exact_key,2,2,1,2,cf260c55-1df1-4b31-b071-d54709c396c2|11d1c95f-1951-4d54-83ed-6c52c5d06777,57d005da-1193-4bd2-955a-ef6b9653516d|82bf1237-e90c-4379-a2bc-a6dad2726b93,浮柚,云泥,云泥,Exact normalized brand+name matched. Still review before merging if packaging/bar-specific naming differs.
candidate_0301,exact_brand_name_match,create_product_then_link_source_drinks,谷仓金,,,Fever,Fever,金色窑臧拉格,5.9,,西安,,https://agtujigvxxdppngirqtu.supabase.co/storage/v1/object/public/taplist-media/81a90487-39c9-46bb-b221-68ff631275d6/drinks/cf0db959-5861-404d-b2c4-b2267093eced/no-menu-beer-artwork__30_.jpg,,,active,production_drinks_2026-06-30_conservative_exact_key,2,2,1,2,0fcfe276-265d-423d-b0a6-f4786621e491|cf0db959-5861-404d-b2c4-b2267093eced,57d005da-1193-4bd2-955a-ef6b9653516d|81a90487-39c9-46bb-b221-68ff631275d6,谷仓金,Fever|FEVER,Fever|FEVER,Exact normalized brand+name matched. Still review before merging if packaging/bar-specific naming differs.
candidate_0616,exact_brand_name_match,create_product_then_link_source_drinks,金标,,,小熊贝莲,小熊贝莲,拉格,5,,日本,,https://agtujigvxxdppngirqtu.supabase.co/storage/v1/object/public/taplist-media/7aa1147c-5c8b-4c68-bc11-56ce34608689/drinks/1daf6154-31c6-47a6-8a66-91d9aa9563a3/no-menu-beer-artwork__3_.jpg,,,active,production_drinks_2026-06-30_conservative_exact_key,2,2,2,2,1daf6154-31c6-47a6-8a66-91d9aa9563a3|9230ff47-4dac-4a8a-9bf6-bb86642d694d,7aa1147c-5c8b-4c68-bc11-56ce34608689|57d005da-1193-4bd2-955a-ef6b9653516d,金标,小熊贝莲,小熊贝莲,Exact normalized brand+name matched. Still review before merging if packaging/bar-specific naming differs.
candidate_0481,exact_brand_name_match,create_product_then_link_source_drinks,金狼之舞,,,虽吴,虽吴,APA,5,,苏州,,https://agtujigvxxdppngirqtu.supabase.co/storage/v1/object/public/taplist-media/7aa1147c-5c8b-4c68-bc11-56ce34608689/drinks/f157c23d-c2ee-4bcc-b6bf-20330d3af0da/no-menu-beer-artwork__51_.jpg,,,active,production_drinks_2026-06-30_conservative_exact_key,2,2,1,2,f157c23d-c2ee-4bcc-b6bf-20330d3af0da|572775af-27fb-4422-9669-8c29631e007b,7aa1147c-5c8b-4c68-bc11-56ce34608689|4d1da7d9-8b21-4706-b535-355b9ff79388,金狼之舞,虽吴,虽吴|虽吾,Exact normalized brand+name matched. Still review before merging if packaging/bar-specific naming differs.
candidate_0601,exact_brand_name_match,create_product_then_link_source_drinks,酒花构建,,,蔓延,蔓延,像桃子酸IPA,6.9,,武汉,,https://agtujigvxxdppngirqtu.supabase.co/storage/v1/object/public/taplist-media/2c191730-69f6-4031-8256-91aa59e5bc52/drinks/b9d23b15-9628-4f05-9a93-b5d15364f4d8/no-menu-beer-artwork__43_.jpg,柔和的酸度率先打开味蕾，随后是成熟白桃般饱满而细腻的香气。 没有真实水果的参与，却能感受到桃皮的清香、果肉的甜润，以及咬开一颗熟桃时迸发出的多汁感。,柔和的酸度率先打开味蕾，随后是成熟白桃般饱满而细腻的香气。 没有真实水果的参与，却能感受到桃皮的清香、果肉的甜润，以及咬开一颗熟桃时迸发出的多汁感。,active,production_drinks_2026-06-30_conservative_exact_key,2,2,1,2,b9d23b15-9628-4f05-9a93-b5d15364f4d8|a3739ffb-d7d6-4975-b6ea-eb21520bc75d,2c191730-69f6-4031-8256-91aa59e5bc52|494bcf1f-8346-480f-a396-204b104c9313,酒花构建,蔓延,蔓延,Exact normalized brand+name matched. Still review before merging if packaging/bar-specific naming differs.
candidate_0554,exact_brand_name_match,create_product_then_link_source_drinks,卡里斯马,,,玄水屋,玄水屋,酸赛松,5.1,,西安,,https://agtujigvxxdppngirqtu.supabase.co/storage/v1/object/public/taplist-media/82bf1237-e90c-4379-a2bc-a6dad2726b93/drinks/8bb09053-199d-4aff-9d8e-734f384c1be0/no-menu-beer-artwork__7_.jpg,,,active,production_drinks_2026-06-30_conservative_exact_key,2,2,2,2,8bb09053-199d-4aff-9d8e-734f384c1be0|ab5380d2-9520-4b56-9ac2-eb0d257373bc,82bf1237-e90c-4379-a2bc-a6dad2726b93|13b6f277-ab0d-4c19-ba8a-d97a5af9f51d,卡里斯马,玄水屋,玄水屋,Exact normalized brand+name matched. Still review before merging if packaging/bar-specific naming differs.
candidate_0522,exact_brand_name_match,create_product_then_link_source_drinks,乱语,,,蔓延,蔓延,美式淡色艾尔,4.7,,武汉,,https://agtujigvxxdppngirqtu.supabase.co/storage/v1/object/public/taplist-media/13b6f277-ab0d-4c19-ba8a-d97a5af9f51d/drinks/538efcb1-34be-46b4-b670-f44920808c21/no-menu-beer-artwork__85_.jpg,,,active,production_drinks_2026-06-30_conservative_exact_key,2,2,1,2,538efcb1-34be-46b4-b670-f44920808c21|a6c15c93-04a9-4e82-8ec9-e2b269b25955,13b6f277-ab0d-4c19-ba8a-d97a5af9f51d|a4f4002f-fccd-41dd-bbc5-153d30fc5385,乱语,蔓延,蔓延,Exact normalized brand+name matched. Still review before merging if packaging/bar-specific naming differs.
candidate_0405,exact_brand_name_match,create_product_then_link_source_drinks,梦,,,疯熊工业,疯熊工业,西海岸淡色艾尔,5.2,,广州,,https://agtujigvxxdppngirqtu.supabase.co/storage/v1/object/public/taplist-media/831db2a1-ee47-4d88-9c0b-3e19a5668d6d/drinks/23fe2e86-210b-4689-b8fc-5d4add727c93/no-menu-beer-artwork__17_.jpg,,,active,production_drinks_2026-06-30_conservative_exact_key,2,2,1,2,23fe2e86-210b-4689-b8fc-5d4add727c93|f9bba99c-b740-4bc1-a1ca-4eed250ab178,831db2a1-ee47-4d88-9c0b-3e19a5668d6d|7cce9b27-acd5-4bdc-a302-153c8245a1c1,梦,疯熊工业,疯熊工业,Exact normalized brand+name matched. Still review before merging if packaging/bar-specific naming differs.
candidate_0446,exact_brand_name_match,create_product_then_link_source_drinks,蜜桃奶油,,,邪恶双子,邪恶双子,水果酸艾尔,6,,美国,,https://agtujigvxxdppngirqtu.supabase.co/storage/v1/object/public/taplist-media/57d005da-1193-4bd2-955a-ef6b9653516d/drinks/b35a74b6-d7d0-4a78-acce-1fd838d9a59c/no-menu-beer-artwork__20_.jpg,,,active,production_drinks_2026-06-30_conservative_exact_key,2,2,2,2,b35a74b6-d7d0-4a78-acce-1fd838d9a59c|7d71b097-40dc-448b-a323-8e5f6d193261,57d005da-1193-4bd2-955a-ef6b9653516d|a4f4002f-fccd-41dd-bbc5-153d30fc5385,蜜桃奶油,邪恶双子,邪恶双子,Exact normalized brand+name matched. Still review before merging if packaging/bar-specific naming differs.
candidate_0242,exact_brand_name_match,create_product_then_link_source_drinks,萨兹公爵,,,山丘,山丘,捷克拉格,5,,,,https://agtujigvxxdppngirqtu.supabase.co/storage/v1/object/public/taplist-media/13b6f277-ab0d-4c19-ba8a-d97a5af9f51d/drinks/543ccea4-600d-4859-972f-4f8b224475e6/no-menu-beer-artwork__21_.jpg,,,active,production_drinks_2026-06-30_conservative_exact_key,2,2,1,1,4c9ba575-a325-4bd1-b997-96e8af07c35c|543ccea4-600d-4859-972f-4f8b224475e6,81a90487-39c9-46bb-b221-68ff631275d6|13b6f277-ab0d-4c19-ba8a-d97a5af9f51d,萨兹公爵,山丘,山丘,Exact normalized brand+name matched. Still review before merging if packaging/bar-specific naming differs.
candidate_0228,exact_brand_name_match,create_product_then_link_source_drinks,山间酸,,,酒花农场,酒花农场,单一赤霞珠酸艾尔,6.8,,,,https://agtujigvxxdppngirqtu.supabase.co/storage/v1/object/public/taplist-media/81a90487-39c9-46bb-b221-68ff631275d6/drinks/49cd5820-2b58-4573-8c75-bb02a4ed6e94/no-menu-bar-cover__13_.jpg,精选天山北麓优质产区赤霰珠葡萄，玫红色半透明酒体，黑醋栗味及果香感十足,精选天山北麓优质产区赤霰珠葡萄，玫红色半透明酒体，黑醋栗味及果香感十足,active,production_drinks_2026-06-30_conservative_exact_key,2,1,1,2,187a4263-dcec-4e5c-9b3c-0d48d54c460d|49cd5820-2b58-4573-8c75-bb02a4ed6e94,81a90487-39c9-46bb-b221-68ff631275d6,山间酸,酒花农场,酒花农场,Exact normalized brand+name matched. Still review before merging if packaging/bar-specific naming differs.
candidate_0496,exact_brand_name_match,create_product_then_link_source_drinks,少甜少冰,,,火碳,火碳,港式冻柠茶西打,4,,香港,,https://agtujigvxxdppngirqtu.supabase.co/storage/v1/object/public/taplist-media/3d6cb427-a8c3-4583-a7c4-5a3ad9f5f787/drinks/1f372356-505a-40c4-9928-34ffeb8f3366/no-menu-beer-artwork__42_.jpg,用正宗锡兰红茶为基底，搭配新鲜柠檬，完整复刻港式冻柠茶的经典风味。浓郁茶香、清新柠香，加上轻盈微气泡与4.0%酒精度，熟悉的港式味道，多了一点刚刚好的微醺感。,用正宗锡兰红茶为基底，搭配新鲜柠檬，完整复刻港式冻柠茶的经典风味。浓郁茶香、清新柠香，加上轻盈微气泡与4.0%酒精度，熟悉的港式味道，多了一点刚刚好的微醺感。,active,production_drinks_2026-06-30_conservative_exact_key,2,2,2,2,1f372356-505a-40c4-9928-34ffeb8f3366|a6bc8029-0967-4973-9d80-f94636e015c5,3d6cb427-a8c3-4583-a7c4-5a3ad9f5f787|81a90487-39c9-46bb-b221-68ff631275d6,少甜少冰,火碳,火碳,Exact normalized brand+name matched. Still review before merging if packaging/bar-specific naming differs.
candidate_0539,exact_brand_name_match,create_product_then_link_source_drinks,太平洋四重奏,,,明日酿造,明日酿造,DDH Pale Ale,5.8,,上海,,https://agtujigvxxdppngirqtu.supabase.co/storage/v1/object/public/taplist-media/b4c33fea-51e3-426d-9dfa-b13947153ac2/drinks/df10fd51-8f25-4354-a6f0-aac4956abb95/no-menu-beer-artwork__7_.jpg,,,active,production_drinks_2026-06-30_conservative_exact_key,2,2,2,2,df10fd51-8f25-4354-a6f0-aac4956abb95|f5fce418-7a79-46db-9043-0e296f9d4e93,b4c33fea-51e3-426d-9dfa-b13947153ac2|4d1da7d9-8b21-4706-b535-355b9ff79388,太平洋四重奏,明日酿造,明日酿造,Exact normalized brand+name matched. Still review before merging if packaging/bar-specific naming differs.
candidate_0210,exact_brand_name_match,create_product_then_link_source_drinks,下快攻,,,退界,退界,五月博克,7,,成都,,https://agtujigvxxdppngirqtu.supabase.co/storage/v1/object/public/taplist-media/c3af90db-9734-4750-927c-38f6b37fb3e0/drinks/fd72100b-c9bf-478b-af09-0c7de8bc7714/no-menu-beer-artwork__11_.jpg,,,active,production_drinks_2026-06-30_conservative_exact_key,2,2,1,2,c09f46e2-52b0-4892-aca2-46125657b75c|fd72100b-c9bf-478b-af09-0c7de8bc7714,57d005da-1193-4bd2-955a-ef6b9653516d|c3af90db-9734-4750-927c-38f6b37fb3e0,下快攻,退界,退界,Exact normalized brand+name matched. Still review before merging if packaging/bar-specific naming differs.
candidate_0624,exact_brand_name_match,create_product_then_link_source_drinks,夏沁,,,HESPER,HESPER,Sour Hoppy Lager,5,,东莞,,https://agtujigvxxdppngirqtu.supabase.co/storage/v1/object/public/taplist-media/494bcf1f-8346-480f-a396-204b104c9313/drinks/200d3537-5b05-490c-8d6f-6c59774efec0/no-menu-beer-artwork__13_.jpg,,,active,production_drinks_2026-06-30_conservative_exact_key,2,2,1,2,200d3537-5b05-490c-8d6f-6c59774efec0|b0175d6a-18a6-467a-a6c8-d4132ba461c5,494bcf1f-8346-480f-a396-204b104c9313|4d1da7d9-8b21-4706-b535-355b9ff79388,夏沁,HESPER,HESPER,Exact normalized brand+name matched. Still review before merging if packaging/bar-specific naming differs.
candidate_0432,exact_brand_name_match,create_product_then_link_source_drinks,小花冠,,,虽吾,虽吾,墨西哥拉格,4.2,,扬州,,https://agtujigvxxdppngirqtu.supabase.co/storage/v1/object/public/taplist-media/26597d55-8a12-4185-b3ef-cb9a3ac1773a/drinks/b5be827e-be9a-4016-a1bf-4bc82e264bd6/no-menu-beer-artwork__19_.jpg,,,active,production_drinks_2026-06-30_conservative_exact_key,2,2,1,2,25ba7d64-f634-4fc1-8957-78c0df84dff5|b5be827e-be9a-4016-a1bf-4bc82e264bd6,81a90487-39c9-46bb-b221-68ff631275d6|26597d55-8a12-4185-b3ef-cb9a3ac1773a,小花冠,虽吾,虽吾,Exact normalized brand+name matched. Still review before merging if packaging/bar-specific naming differs.
candidate_0504,exact_brand_name_match,create_product_then_link_source_drinks,笑脸,,,欧米尼珀罗,欧米尼珀罗,帝国甜点世涛,11,,瑞典,,https://agtujigvxxdppngirqtu.supabase.co/storage/v1/object/public/taplist-media/283206e3-22d9-4a54-b8a5-70694b1ec062/drinks/b300865d-4265-4f48-bf2a-1328062371b2/no-menu-beer-artwork__62_.jpg,,,active,production_drinks_2026-06-30_conservative_exact_key,2,2,1,2,b300865d-4265-4f48-bf2a-1328062371b2|da570bb8-80cb-4653-aa39-24f02bfb7685,283206e3-22d9-4a54-b8a5-70694b1ec062|7cce9b27-acd5-4bdc-a302-153c8245a1c1,笑脸,欧米尼珀罗,欧米尼珀罗,Exact normalized brand+name matched. Still review before merging if packaging/bar-specific naming differs.
candidate_0352,exact_brand_name_match,create_product_then_link_source_drinks,幸运,,,凯西,凯西,农舍艾尔,8,,美国,,https://agtujigvxxdppngirqtu.supabase.co/storage/v1/object/public/taplist-media/494bcf1f-8346-480f-a396-204b104c9313/drinks/0a93a6c0-dcf5-4c27-8a7b-51337de9d0fe/casey___.png,,,active,production_drinks_2026-06-30_conservative_exact_key,2,2,1,2,625c7605-6190-4ad8-b1c7-d815cc246a76|0a93a6c0-dcf5-4c27-8a7b-51337de9d0fe,7aa1147c-5c8b-4c68-bc11-56ce34608689|494bcf1f-8346-480f-a396-204b104c9313,幸运,凯西,凯西,Exact normalized brand+name matched. Still review before merging if packaging/bar-specific naming differs.
candidate_0508,exact_brand_name_match,create_product_then_link_source_drinks,玄骥,,,狸造,狸造,DDH黑IPA,7.2,,北京,,https://agtujigvxxdppngirqtu.supabase.co/storage/v1/object/public/taplist-media/1cff208a-4424-4867-966d-a7839ac59f6f/drinks/cbe7c458-88f3-44f3-94b8-2e4a64fa48f5/no-menu-beer-artwork__68_.jpg,,,active,production_drinks_2026-06-30_conservative_exact_key,2,2,2,2,cbe7c458-88f3-44f3-94b8-2e4a64fa48f5|4e208591-004f-4b8c-8ac0-d26731ba67e0,1cff208a-4424-4867-966d-a7839ac59f6f|13b6f277-ab0d-4c19-ba8a-d97a5af9f51d,玄骥,狸造,狸造,Exact normalized brand+name matched. Still review before merging if packaging/bar-specific naming differs.
candidate_0519,exact_brand_name_match,create_product_then_link_source_drinks,有限社交,,,TAPSTAR,TAPSTAR,美式淡色艾尔,5,,,,https://agtujigvxxdppngirqtu.supabase.co/storage/v1/object/public/taplist-media/2c191730-69f6-4031-8256-91aa59e5bc52/drinks/058d1c8e-4117-4caf-8dd5-a42a972d154c/no-menu-beer-artwork__75_.jpg,,,active,production_drinks_2026-06-30_conservative_exact_key,2,2,1,2,058d1c8e-4117-4caf-8dd5-a42a972d154c|826fac7c-6a10-4ff9-8b72-8798099efc22,2c191730-69f6-4031-8256-91aa59e5bc52|4d1da7d9-8b21-4706-b535-355b9ff79388,有限社交,TAPSTAR,TAPSTAR,Exact normalized brand+name matched. Still review before merging if packaging/bar-specific naming differs.
candidate_0622,exact_brand_name_match,create_product_then_link_source_drinks,玉米诱惑,,,美西,美西,墨西哥拉格,4.8,,成都,,https://agtujigvxxdppngirqtu.supabase.co/storage/v1/object/public/taplist-media/494bcf1f-8346-480f-a396-204b104c9313/drinks/9a21a89d-58b1-4bdf-a347-a2eda08f0ac1/no-menu-beer-artwork__10_.jpg,,,active,production_drinks_2026-06-30_conservative_exact_key,2,2,2,2,9a21a89d-58b1-4bdf-a347-a2eda08f0ac1|713f0c24-1fe7-48ed-b5a0-e0d704e473d9,494bcf1f-8346-480f-a396-204b104c9313|487685c5-99f1-463c-9e19-9eeea1cf6699,玉米诱惑,美西,美西,Exact normalized brand+name matched. Still review before merging if packaging/bar-specific naming differs.
candidate_0500,exact_brand_name_match,create_product_then_link_source_drinks,原始灵魂示意,,,凯西,凯西,野菌艾尔,5.8,,美国,,https://agtujigvxxdppngirqtu.supabase.co/storage/v1/object/public/taplist-media/283206e3-22d9-4a54-b8a5-70694b1ec062/drinks/fc162277-39d3-40ed-aa12-2bb52bcf44b7/no-menu-beer-artwork__63_.jpg,,,active,production_drinks_2026-06-30_conservative_exact_key,2,2,1,2,fc162277-39d3-40ed-aa12-2bb52bcf44b7|84d83ea6-eabf-4db2-8ed6-daad85be0413,283206e3-22d9-4a54-b8a5-70694b1ec062|7cce9b27-acd5-4bdc-a302-153c8245a1c1,原始灵魂示意,凯西,凯西,Exact normalized brand+name matched. Still review before merging if packaging/bar-specific naming differs.
candidate_0618,exact_brand_name_match,create_product_then_link_source_drinks,长夏有风,,,赤屿谷盗,赤屿谷盗,西海岸IPA,6.2,,海南,,https://agtujigvxxdppngirqtu.supabase.co/storage/v1/object/public/taplist-media/487685c5-99f1-463c-9e19-9eeea1cf6699/drinks/569be77d-646b-49a0-95e3-edc31914d3d6/no-menu-beer-artwork__35_.jpg,,,active,production_drinks_2026-06-30_conservative_exact_key,2,2,2,2,91439df4-d1b5-405c-b0d4-a879c5e8fa99|569be77d-646b-49a0-95e3-edc31914d3d6,27c1beca-c912-4f4a-bee5-3ccf0e5d981f|487685c5-99f1-463c-9e19-9eeea1cf6699,长夏有风,赤屿谷盗,赤屿谷盗,Exact normalized brand+name matched. Still review before merging if packaging/bar-specific naming differs.
candidate_0277,exact_brand_name_match,create_product_then_link_source_drinks,折射,,,Fever,Fever,美式IPA,6.1,34,西安,,https://agtujigvxxdppngirqtu.supabase.co/storage/v1/object/public/taplist-media/831db2a1-ee47-4d88-9c0b-3e19a5668d6d/drinks/cb6a4ae3-e071-44de-8fc8-0610ea588f19/no-menu-beer-artwork__84_.jpg,"干爽酒体中满是EI Dorado的菠萝味和
Segal农场的Cascade那种甜橙味，低苦度易饮，易饮，Lutra酵母能让这款酒慢慢都是酒花味，而没有任何酵母香气干扰。","干爽酒体中满是EI Dorado的菠萝味和
Segal农场的Cascade那种甜橙味，低苦度易饮，易饮，Lutra酵母能让这款酒慢慢都是酒花味，而没有任何酵母香气干扰。",active,production_drinks_2026-06-30_conservative_exact_key,2,2,1,2,cb6a4ae3-e071-44de-8fc8-0610ea588f19|ccefb5a0-df8c-4f8a-8354-26c6cd40fcb7,831db2a1-ee47-4d88-9c0b-3e19a5668d6d|494bcf1f-8346-480f-a396-204b104c9313,折射,Fever,Fever,Exact normalized brand+name matched. Still review before merging if packaging/bar-specific naming differs.
candidate_0524,exact_brand_name_match,create_product_then_link_source_drinks,中途乐园,,,蔓延,蔓延,西海岸IPA,7,,武汉,,https://agtujigvxxdppngirqtu.supabase.co/storage/v1/object/public/taplist-media/2c191730-69f6-4031-8256-91aa59e5bc52/drinks/3367c327-a397-4548-b63f-95fa7033cbdb/no-menu-beer-artwork__69_.jpg,,,active,production_drinks_2026-06-30_conservative_exact_key,2,2,1,2,3367c327-a397-4548-b63f-95fa7033cbdb|a61d54c8-a639-476e-824f-f59a21c6874e,2c191730-69f6-4031-8256-91aa59e5bc52|82bf1237-e90c-4379-a2bc-a6dad2726b93,中途乐园,蔓延,蔓延,Exact normalized brand+name matched. Still review before merging if packaging/bar-specific naming differs.
candidate_0229,exact_brand_name_match,create_product_then_link_source_drinks,Fever,,,想象中的雨,想象中的雨,农舍艾尔：塞松,5.2,14,,,https://agtujigvxxdppngirqtu.supabase.co/storage/v1/object/public/taplist-media/81a90487-39c9-46bb-b221-68ff631275d6/drinks/5f5dee80-1a8c-43c0-a1ad-4d8d56aba001/no-menu-bar-cover__15_.jpg,,,active,production_drinks_2026-06-30_conservative_exact_key,2,1,1,2,a965113f-26bd-471a-9fd8-d5c7f9ede987|5f5dee80-1a8c-43c0-a1ad-4d8d56aba001,81a90487-39c9-46bb-b221-68ff631275d6,Fever,想象中的雨,想象中的雨|Fever,Exact normalized brand+name matched. Still review before merging if packaging/bar-specific naming differs.
candidate_0130,single_drink,create_product_then_link_source_drinks,805 Blonde,,,Firestone Walker,Firestone Walker,,,,,,https://images.unsplash.com/photo-1600788886242-5c96aabe3757?auto=format&fit=crop&w=900&q=80,,,active,production_drinks_2026-06-30_conservative_exact_key,1,1,1,1,d1000001-0001-4001-8001-000000000401,b1000001-0001-4001-8001-000000000004,805 Blonde,Firestone Walker,Firestone Walker,Single source drink; safe to create as standalone product if this row should enter pool.
candidate_0440,single_drink,create_product_then_link_source_drinks,阿佳,,,无毛用,无毛用,藏式香料Mead,4.5,,广州,,https://agtujigvxxdppngirqtu.supabase.co/storage/v1/object/public/taplist-media/44a4429c-fb70-47a5-923b-370fce8f167e/drinks/2af6a3e7-e381-4f57-b9b0-fe0cf3066e85/no-menu-beer-artwork__3_.jpg,,,active,production_drinks_2026-06-30_conservative_exact_key,1,1,1,1,2af6a3e7-e381-4f57-b9b0-fe0cf3066e85,44a4429c-fb70-47a5-923b-370fce8f167e,阿佳,无毛用,无毛用,Single source drink; safe to create as standalone product if this row should enter pool.
candidate_0485,single_drink,create_product_then_link_source_drinks,阿诗玛的莓果园,,,云酊,云酊,四倍莓果果泥西打,3,,云南,,https://agtujigvxxdppngirqtu.supabase.co/storage/v1/object/public/taplist-media/a4f4002f-fccd-41dd-bbc5-153d30fc5385/drinks/85806ece-b775-461f-8dd0-191b48d3292c/no-menu-beer-artwork__49_.jpg,,,active,production_drinks_2026-06-30_conservative_exact_key,1,1,1,1,85806ece-b775-461f-8dd0-191b48d3292c,a4f4002f-fccd-41dd-bbc5-153d30fc5385,阿诗玛的莓果园,云酊,云酊,Single source drink; safe to create as standalone product if this row should enter pool.
candidate_0515,single_drink,create_product_then_link_source_drinks,爱因斯坦的数数学成绩单,,,彼岸,彼岸,德式淡色艾尔,5,,,,https://agtujigvxxdppngirqtu.supabase.co/storage/v1/object/public/taplist-media/2c191730-69f6-4031-8256-91aa59e5bc52/drinks/9c391a8c-6108-4e64-994e-59e2ce2a4b41/no-menu-beer-artwork__74_.jpg,,,active,production_drinks_2026-06-30_conservative_exact_key,1,1,1,1,9c391a8c-6108-4e64-994e-59e2ce2a4b41,2c191730-69f6-4031-8256-91aa59e5bc52,爱因斯坦的数数学成绩单,彼岸,彼岸,Single source drink; safe to create as standalone product if this row should enter pool.
candidate_0427,single_drink,create_product_then_link_source_drinks,安布拉纳闪耀,,,布鲁瑞,布鲁瑞,帝国世涛,19.1,,美国,,https://agtujigvxxdppngirqtu.supabase.co/storage/v1/object/public/taplist-media/7aa1147c-5c8b-4c68-bc11-56ce34608689/drinks/12997034-9b22-4c77-a61b-408fca5a07cc/no-menu-beer-artwork__21_.jpg,这是一款添加了巴西坚果、巴西莓和巴西香草，并在巴西硬木（Amburana）桶陈酿的帝国世涛。,这是一款添加了巴西坚果、巴西莓和巴西香草，并在巴西硬木（Amburana）桶陈酿的帝国世涛。,active,production_drinks_2026-06-30_conservative_exact_key,1,1,1,1,12997034-9b22-4c77-a61b-408fca5a07cc,7aa1147c-5c8b-4c68-bc11-56ce34608689,安布拉纳闪耀,布鲁瑞,布鲁瑞,Single source drink; safe to create as standalone product if this row should enter pool.
candidate_0414,single_drink,create_product_then_link_source_drinks,安娜,,,农舍山,农舍山,农舍艾尔,6.2,,美国,,https://agtujigvxxdppngirqtu.supabase.co/storage/v1/object/public/taplist-media/7cce9b27-acd5-4bdc-a302-153c8245a1c1/drinks/446b3504-6ef7-4337-9715-6997caebc435/no-menu-beer-artwork__4_.jpg,,,active,production_drinks_2026-06-30_conservative_exact_key,1,1,1,1,446b3504-6ef7-4337-9715-6997caebc435,7cce9b27-acd5-4bdc-a302-153c8245a1c1,安娜,农舍山,农舍山,Single source drink; safe to create as standalone product if this row should enter pool.
candidate_0677,single_drink,create_product_then_link_source_drinks,暗夜医者,,,艾尔复兴*布鲁乔司,艾尔复兴*布鲁乔司,新英格兰帝国IPA,8.5,,美国,,https://agtujigvxxdppngirqtu.supabase.co/storage/v1/object/public/taplist-media/7cce9b27-acd5-4bdc-a302-153c8245a1c1/drinks/44167935-2e02-4c88-b5c0-0a28bb937ffa/_________________.png,,,active,production_drinks_2026-06-30_conservative_exact_key,1,1,1,1,44167935-2e02-4c88-b5c0-0a28bb937ffa,7cce9b27-acd5-4bdc-a302-153c8245a1c1,暗夜医者,艾尔复兴*布鲁乔司,艾尔复兴*布鲁乔司,Single source drink; safe to create as standalone product if this row should enter pool.
candidate_0502,single_drink,create_product_then_link_source_drinks,巴比伦,,,哈德逊河谷,哈德逊河谷,水果增味酸IPA,6,,美国,,https://agtujigvxxdppngirqtu.supabase.co/storage/v1/object/public/taplist-media/7aa1147c-5c8b-4c68-bc11-56ce34608689/drinks/95e743ac-3818-4344-89cf-4c184b2f4797/___________.png,,,active,production_drinks_2026-06-30_conservative_exact_key,1,1,1,1,95e743ac-3818-4344-89cf-4c184b2f4797,7aa1147c-5c8b-4c68-bc11-56ce34608689,巴比伦,哈德逊河谷,哈德逊河谷,Single source drink; safe to create as standalone product if this row should enter pool.
candidate_0688,single_drink,create_product_then_link_source_drinks,白板,,,辉光,辉光,比利时小麦,5,,美国,,https://agtujigvxxdppngirqtu.supabase.co/storage/v1/object/public/taplist-media/7cce9b27-acd5-4bdc-a302-153c8245a1c1/drinks/85c0be62-37d9-4011-ab43-ab20f1481266/no-menu-beer-artwork__32_.jpg,,,active,production_drinks_2026-06-30_conservative_exact_key,1,1,1,1,85c0be62-37d9-4011-ab43-ab20f1481266,7cce9b27-acd5-4bdc-a302-153c8245a1c1,白板,辉光,辉光,Single source drink; safe to create as standalone product if this row should enter pool.
candidate_0568,single_drink,create_product_then_link_source_drinks,白葡桑格利亚,,,邪恶双子,邪恶双子,水果酸艾尔,4.5,,美国,,https://agtujigvxxdppngirqtu.supabase.co/storage/v1/object/public/taplist-media/283206e3-22d9-4a54-b8a5-70694b1ec062/drinks/fae145be-736a-4538-aebb-3d51d7ae29f6/no-menu-beer-artwork__19_.jpg,,,active,production_drinks_2026-06-30_conservative_exact_key,1,1,1,1,fae145be-736a-4538-aebb-3d51d7ae29f6,283206e3-22d9-4a54-b8a5-70694b1ec062,白葡桑格利亚,邪恶双子,邪恶双子,Single source drink; safe to create as standalone product if this row should enter pool.
candidate_0512,single_drink,create_product_then_link_source_drinks,白玉,,,霏然,霏然,洋槐枇杷艾尔,4.5,,苏州,,https://agtujigvxxdppngirqtu.supabase.co/storage/v1/object/public/taplist-media/1cff208a-4424-4867-966d-a7839ac59f6f/drinks/7490873c-6ef2-498b-969d-4a006baab13a/no-menu-beer-artwork__67_.jpg,,,active,production_drinks_2026-06-30_conservative_exact_key,1,1,1,1,7490873c-6ef2-498b-969d-4a006baab13a,1cff208a-4424-4867-966d-a7839ac59f6f,白玉,霏然,霏然,Single source drink; safe to create as standalone product if this row should enter pool.
candidate_0293,single_drink,create_product_then_link_source_drinks,班克斯先生,,,班克斯,班克斯,澳式拉格,6,,澳大利亚,,,,,active,production_drinks_2026-06-30_conservative_exact_key,1,1,1,1,2a7a0d6b-1f13-480a-8877-e46201650fac,57d005da-1193-4bd2-955a-ef6b9653516d,班克斯先生,班克斯,班克斯,Single source drink; safe to create as standalone product if this row should enter pool.
candidate_0331,single_drink,create_product_then_link_source_drinks,爆裂引擎,,,小回,小回,超淡色艾尔,5.7,,,,https://agtujigvxxdppngirqtu.supabase.co/storage/v1/object/public/taplist-media/1cff208a-4424-4867-966d-a7839ac59f6f/drinks/23bfe11b-ae73-4fd4-887e-053644685e81/no-menu-beer-artwork_-_2026-06-07T162904.908.jpg,,,active,production_drinks_2026-06-30_conservative_exact_key,1,1,1,1,23bfe11b-ae73-4fd4-887e-053644685e81,1cff208a-4424-4867-966d-a7839ac59f6f,爆裂引擎,小回,小回,Single source drink; safe to create as standalone product if this row should enter pool.
candidate_0644,single_drink,create_product_then_link_source_drinks,爆榨苹果,,,齿轮酿造,齿轮酿造,NFC果汁,0.05,,,,https://agtujigvxxdppngirqtu.supabase.co/storage/v1/object/public/taplist-media/487685c5-99f1-463c-9e19-9eeea1cf6699/drinks/7e9c60a3-fdd9-46c4-ba55-359e376e0a10/no-menu-beer-artwork__30_.jpg,,,active,production_drinks_2026-06-30_conservative_exact_key,1,1,1,1,7e9c60a3-fdd9-46c4-ba55-359e376e0a10,487685c5-99f1-463c-9e19-9eeea1cf6699,爆榨苹果,齿轮酿造,齿轮酿造,Single source drink; safe to create as standalone product if this row should enter pool.
candidate_0434,single_drink,create_product_then_link_source_drinks,北地显影,,,蔓延酿造,蔓延酿造,英式Ale,4.9,,武汉,,https://agtujigvxxdppngirqtu.supabase.co/storage/v1/object/public/taplist-media/44a4429c-fb70-47a5-923b-370fce8f167e/drinks/6081a221-2ac9-49ef-adac-e4582c3b081c/no-menu-beer-artwork__2_.jpg,,,active,production_drinks_2026-06-30_conservative_exact_key,1,1,1,1,6081a221-2ac9-49ef-adac-e4582c3b081c,44a4429c-fb70-47a5-923b-370fce8f167e,北地显影,蔓延酿造,蔓延酿造,Single source drink; safe to create as standalone product if this row should enter pool.
candidate_0567,single_drink,create_product_then_link_source_drinks,北极星,,,TAPSTAR,TAPSTAR,浑浊IPA,6,,贵阳,,https://agtujigvxxdppngirqtu.supabase.co/storage/v1/object/public/taplist-media/13b6f277-ab0d-4c19-ba8a-d97a5af9f51d/drinks/f1186064-453e-4ad2-b075-809c94513ee0/no-menu-beer-artwork__21_.jpg,,,active,production_drinks_2026-06-30_conservative_exact_key,1,1,1,1,f1186064-453e-4ad2-b075-809c94513ee0,13b6f277-ab0d-4c19-ba8a-d97a5af9f51d,北极星,TAPSTAR,TAPSTAR,Single source drink; safe to create as standalone product if this row should enter pool.
candidate_0118,single_drink,create_product_then_link_source_drinks,比利时小麦,,,Hoegaarden,Hoegaarden,,,,,,https://images.unsplash.com/photo-1535958636474-b021ee887b13?auto=format&fit=crop&w=900&q=80,,,active,production_drinks_2026-06-30_conservative_exact_key,1,1,1,1,d1000001-0001-4001-8001-000000000104,b1000001-0001-4001-8001-000000000001,比利时小麦,Hoegaarden,Hoegaarden,Single source drink; safe to create as standalone product if this row should enter pool.
candidate_0562,single_drink,create_product_then_link_source_drinks,冰冰乐6号,,,酒花僵尸,酒花僵尸,柏林酸小麦,4.3,,美国,,https://agtujigvxxdppngirqtu.supabase.co/storage/v1/object/public/taplist-media/283206e3-22d9-4a54-b8a5-70694b1ec062/drinks/913fc968-6eef-449e-b034-797b94793001/no-menu-beer-artwork__20_.jpg,,,active,production_drinks_2026-06-30_conservative_exact_key,1,1,1,1,913fc968-6eef-449e-b034-797b94793001,283206e3-22d9-4a54-b8a5-70694b1ec062,冰冰乐6号,酒花僵尸,酒花僵尸,Single source drink; safe to create as standalone product if this row should enter pool.
candidate_0649,single_drink,create_product_then_link_source_drinks,冰镇大西瓜绿茶,,,和弦,和弦,酸艾尔,2.5,,,,https://agtujigvxxdppngirqtu.supabase.co/storage/v1/object/public/taplist-media/13b6f277-ab0d-4c19-ba8a-d97a5af9f51d/drinks/30ef8b06-628f-4ed8-a8ea-f753d4f8894a/no-menu-beer-artwork__87_.jpg,,,active,production_drinks_2026-06-30_conservative_exact_key,1,1,1,1,30ef8b06-628f-4ed8-a8ea-f753d4f8894a,13b6f277-ab0d-4c19-ba8a-d97a5af9f51d,冰镇大西瓜绿茶,和弦,和弦,Single source drink; safe to create as standalone product if this row should enter pool.
candidate_0127,single_drink,create_product_then_link_source_drinks,波特,,,Founders,Founders,,,,,,https://images.unsplash.com/photo-1618885472179-5e474019f2a9?auto=format&fit=crop&w=900&q=80,,,active,production_drinks_2026-06-30_conservative_exact_key,1,1,1,1,d1000001-0001-4001-8001-000000000303,b1000001-0001-4001-8001-000000000003,波特,Founders,Founders,Single source drink; safe to create as standalone product if this row should enter pool.
candidate_0634,single_drink,create_product_then_link_source_drinks,菠萝包,,,牛皮堂,牛皮堂,维也纳拉格,4.5,,北京,,https://agtujigvxxdppngirqtu.supabase.co/storage/v1/object/public/taplist-media/26597d55-8a12-4185-b3ef-cb9a3ac1773a/drinks/264485e5-4f0d-4c1f-b7f5-802411a7a3c4/no-menu-event-image__4_.jpg,,,active,production_drinks_2026-06-30_conservative_exact_key,1,1,1,1,264485e5-4f0d-4c1f-b7f5-802411a7a3c4,26597d55-8a12-4185-b3ef-cb9a3ac1773a,菠萝包,牛皮堂,牛皮堂,Single source drink; safe to create as standalone product if this row should enter pool.
candidate_0605,single_drink,create_product_then_link_source_drinks,伯爵茶,,,云石,云石,IPA,6.8,,英国,,https://agtujigvxxdppngirqtu.supabase.co/storage/v1/object/public/taplist-media/de4207d0-d3c8-455a-8450-0d5b3e846ff0/drinks/9bd99a36-63a0-4f6c-9ae0-33ff4ef26355/no-menu-beer-artwork__51_.jpg,,,active,production_drinks_2026-06-30_conservative_exact_key,1,1,1,1,9bd99a36-63a0-4f6c-9ae0-33ff4ef26355,de4207d0-d3c8-455a-8450-0d5b3e846ff0,伯爵茶,云石,云石,Single source drink; safe to create as standalone product if this row should enter pool.
candidate_0583,single_drink,create_product_then_link_source_drinks,不二之选,,,欧米尼珀罗,欧米尼珀罗,西海岸IPA,7.1,,瑞典,,https://agtujigvxxdppngirqtu.supabase.co/storage/v1/object/public/taplist-media/de4207d0-d3c8-455a-8450-0d5b3e846ff0/drinks/843b621c-7b0b-4add-9149-a6aba89bcb46/no-menu-beer-artwork__36_.jpg,,,active,production_drinks_2026-06-30_conservative_exact_key,1,1,1,1,843b621c-7b0b-4add-9149-a6aba89bcb46,de4207d0-d3c8-455a-8450-0d5b3e846ff0,不二之选,欧米尼珀罗,欧米尼珀罗,Single source drink; safe to create as standalone product if this row should enter pool.
candidate_0477,single_drink,create_product_then_link_source_drinks,不误正夜,,,山雀,山雀,科隆,5,,上海嘉定,,https://agtujigvxxdppngirqtu.supabase.co/storage/v1/object/public/taplist-media/00234890-ee30-4985-992d-98ab8ce1d5de/drinks/2b121094-750c-417f-8f54-8dfb299d26b2/no-menu-beer-artwork__16_.jpg,,,active,production_drinks_2026-06-30_conservative_exact_key,1,1,1,1,2b121094-750c-417f-8f54-8dfb299d26b2,00234890-ee30-4985-992d-98ab8ce1d5de,不误正夜,山雀,山雀,Single source drink; safe to create as standalone product if this row should enter pool.
candidate_0460,single_drink,create_product_then_link_source_drinks,布里斯班淡影,,,远山,远山,超淡色艾尔,5.2,,,,https://agtujigvxxdppngirqtu.supabase.co/storage/v1/object/public/taplist-media/1cff208a-4424-4867-966d-a7839ac59f6f/drinks/430b26a2-9824-49a9-b696-4a93540ceeca/no-menu-beer-artwork__27_.jpg,,,active,production_drinks_2026-06-30_conservative_exact_key,1,1,1,1,430b26a2-9824-49a9-b696-4a93540ceeca,1cff208a-4424-4867-966d-a7839ac59f6f,布里斯班淡影,远山,远山,Single source drink; safe to create as standalone product if this row should enter pool.
candidate_0571,single_drink,create_product_then_link_source_drinks,沧龙,,,分野酿造,分野酿造,西海岸五月博克,8.6,,山东,,https://agtujigvxxdppngirqtu.supabase.co/storage/v1/object/public/taplist-media/27c1beca-c912-4f4a-bee5-3ccf0e5d981f/drinks/09a666d7-1cea-4aec-9cf3-fe5538ffbb59/IMG_7577.jpg,,,active,production_drinks_2026-06-30_conservative_exact_key,1,1,1,1,09a666d7-1cea-4aec-9cf3-fe5538ffbb59,27c1beca-c912-4f4a-bee5-3ccf0e5d981f,沧龙,分野酿造,分野酿造,Single source drink; safe to create as standalone product if this row should enter pool.
candidate_0612,single_drink,create_product_then_link_source_drinks,苍穹之神,,,凡人,凡人,三倍浑浊IPA,10,,美国,,https://agtujigvxxdppngirqtu.supabase.co/storage/v1/object/public/taplist-media/de4207d0-d3c8-455a-8450-0d5b3e846ff0/drinks/54ade4d3-be07-49ff-bcdd-6d9c676da067/no-menu-beer-artwork__50_.jpg,,,active,production_drinks_2026-06-30_conservative_exact_key,1,1,1,1,54ade4d3-be07-49ff-bcdd-6d9c676da067,de4207d0-d3c8-455a-8450-0d5b3e846ff0,苍穹之神,凡人,凡人,Single source drink; safe to create as standalone product if this row should enter pool.
candidate_0617,single_drink,create_product_then_link_source_drinks,禅宗科学家,,,葡月圣树,葡月圣树,新英格兰帝国IPA,8,,美国,,https://agtujigvxxdppngirqtu.supabase.co/storage/v1/object/public/taplist-media/283206e3-22d9-4a54-b8a5-70694b1ec062/drinks/9ff95962-166c-4984-9043-94b2db752bb1/no-menu-beer-artwork__7_.jpg,,,active,production_drinks_2026-06-30_conservative_exact_key,1,1,1,1,9ff95962-166c-4984-9043-94b2db752bb1,283206e3-22d9-4a54-b8a5-70694b1ec062,禅宗科学家,葡月圣树,葡月圣树,Single source drink; safe to create as standalone product if this row should enter pool.
candidate_0587,single_drink,create_product_then_link_source_drinks,朝曦,,,葡月圣树,葡月圣树,法式餐桌啤酒,3.2,,美国,,https://agtujigvxxdppngirqtu.supabase.co/storage/v1/object/public/taplist-media/de4207d0-d3c8-455a-8450-0d5b3e846ff0/drinks/b42206b4-cdd9-4030-ba45-78ffe0e2e49c/no-menu-beer-artwork__49_.jpg,,,active,production_drinks_2026-06-30_conservative_exact_key,1,1,1,1,b42206b4-cdd9-4030-ba45-78ffe0e2e49c,de4207d0-d3c8-455a-8450-0d5b3e846ff0,朝曦,葡月圣树,葡月圣树,Single source drink; safe to create as standalone product if this row should enter pool.
candidate_0530,single_drink,create_product_then_link_source_drinks,潮汕黄金,,,半吨,半吨,黄皮古斯,4,,,,https://agtujigvxxdppngirqtu.supabase.co/storage/v1/object/public/taplist-media/13b6f277-ab0d-4c19-ba8a-d97a5af9f51d/drinks/0a7103ec-47f9-4d55-9375-a566c03d09a6/no-menu-beer-artwork__80_.jpg,,,active,production_drinks_2026-06-30_conservative_exact_key,1,1,1,1,0a7103ec-47f9-4d55-9375-a566c03d09a6,13b6f277-ab0d-4c19-ba8a-d97a5af9f51d,潮汕黄金,半吨,半吨,Single source drink; safe to create as standalone product if this row should enter pool.
candidate_0543,single_drink,create_product_then_link_source_drinks,春季博克,,,艾英格,艾英格,五月博克,6.9,,德国,,https://agtujigvxxdppngirqtu.supabase.co/storage/v1/object/public/taplist-media/494bcf1f-8346-480f-a396-204b104c9313/drinks/0e1ffa3a-4c4d-4c7b-88a1-819f1c35fe40/____________.png,,,active,production_drinks_2026-06-30_conservative_exact_key,1,1,1,1,0e1ffa3a-4c4d-4c7b-88a1-819f1c35fe40,494bcf1f-8346-480f-a396-204b104c9313,春季博克,艾英格,艾英格,Single source drink; safe to create as standalone product if this row should enter pool.
candidate_0640,single_drink,create_product_then_link_source_drinks,此即大海,,,云石,云石,大西洋苦啤,4.6,,英国,,https://agtujigvxxdppngirqtu.supabase.co/storage/v1/object/public/taplist-media/494bcf1f-8346-480f-a396-204b104c9313/drinks/259629f4-8dc9-4371-94c9-226ae7a559be/no-menu-beer-artwork__22_.jpg,,,active,production_drinks_2026-06-30_conservative_exact_key,1,1,1,1,259629f4-8dc9-4371-94c9-226ae7a559be,494bcf1f-8346-480f-a396-204b104c9313,此即大海,云石,云石,Single source drink; safe to create as standalone product if this row should enter pool.
candidate_0662,single_drink,create_product_then_link_source_drinks,丛林浓汁,,,勿幕,勿幕,DDH,8,,西安,,https://agtujigvxxdppngirqtu.supabase.co/storage/v1/object/public/taplist-media/283206e3-22d9-4a54-b8a5-70694b1ec062/drinks/ca4b35cb-ea71-49fe-b35b-fd46e2d3318b/no-menu-beer-artwork__7_.jpg,果香、木质、葡萄三重酒花风味层层递进，几乎0残糖。,果香、木质、葡萄三重酒花风味层层递进，几乎0残糖。,active,production_drinks_2026-06-30_conservative_exact_key,1,1,1,1,ca4b35cb-ea71-49fe-b35b-fd46e2d3318b,283206e3-22d9-4a54-b8a5-70694b1ec062,丛林浓汁,勿幕,勿幕,Single source drink; safe to create as standalone product if this row should enter pool.
candidate_0444,single_drink,create_product_then_link_source_drinks,翠屿,,,云泥,云泥,水果酸艾尔,5,,云南,,https://agtujigvxxdppngirqtu.supabase.co/storage/v1/object/public/taplist-media/57d005da-1193-4bd2-955a-ef6b9653516d/drinks/dfbebd0d-82f6-4cc5-96dc-a50edb4d4e64/no-menu-beer-artwork__8_.jpg,,,active,production_drinks_2026-06-30_conservative_exact_key,1,1,1,1,dfbebd0d-82f6-4cc5-96dc-a50edb4d4e64,57d005da-1193-4bd2-955a-ef6b9653516d,翠屿,云泥,云泥,Single source drink; safe to create as standalone product if this row should enter pool.
candidate_0656,single_drink,create_product_then_link_source_drinks,妲己,,,分支,分支,皮尔森,5,,美国,,,,,active,production_drinks_2026-06-30_conservative_exact_key,1,1,1,1,92736152-c399-4cf9-a1db-6db7f16828da,283206e3-22d9-4a54-b8a5-70694b1ec062,妲己,分支,分支,Single source drink; safe to create as standalone product if this row should enter pool.
candidate_0580,single_drink,create_product_then_link_source_drinks,大红蜂,,,酒花民族,酒花民族,红色艾尔,6,,澳大利亚,,,,,active,production_drinks_2026-06-30_conservative_exact_key,1,1,1,1,9a6c8b1c-8122-4843-b86d-bd6f2e473cdf,27c1beca-c912-4f4a-bee5-3ccf0e5d981f,大红蜂,酒花民族,酒花民族,Single source drink; safe to create as standalone product if this row should enter pool.
candidate_0480,single_drink,create_product_then_link_source_drinks,大浪湾,,,香港啤酒公司,香港啤酒公司,双倍干投IPA,6.5,,香港,,https://agtujigvxxdppngirqtu.supabase.co/storage/v1/object/public/taplist-media/82bf1237-e90c-4379-a2bc-a6dad2726b93/drinks/6c9733a0-cce6-4c61-9254-407062a62d3d/no-menu-beer-artwork__34_.jpg,,,active,production_drinks_2026-06-30_conservative_exact_key,1,1,1,1,6c9733a0-cce6-4c61-9254-407062a62d3d,82bf1237-e90c-4379-a2bc-a6dad2726b93,大浪湾,香港啤酒公司,香港啤酒公司,Single source drink; safe to create as standalone product if this row should enter pool.
candidate_0292,single_drink,create_product_then_link_source_drinks,单板滑雪,,,艾尔复兴,艾尔复兴,水果酸艾尔,5,,美国,,,,,active,production_drinks_2026-06-30_conservative_exact_key,1,1,1,1,252d3590-adf2-42cd-9a48-a90d98a9e295,57d005da-1193-4bd2-955a-ef6b9653516d,单板滑雪,艾尔复兴,艾尔复兴,Single source drink; safe to create as standalone product if this row should enter pool.
candidate_0604,single_drink,create_product_then_link_source_drinks,氮气世涛,,,健力士,健力士,氮气世涛,4.2,,爱尔兰,,https://agtujigvxxdppngirqtu.supabase.co/storage/v1/object/public/taplist-media/de4207d0-d3c8-455a-8450-0d5b3e846ff0/drinks/e33d59b9-0f61-46f1-9cfd-0547779c4e90/no-menu-beer-artwork__32_.jpg,,,active,production_drinks_2026-06-30_conservative_exact_key,1,1,1,1,e33d59b9-0f61-46f1-9cfd-0547779c4e90,de4207d0-d3c8-455a-8450-0d5b3e846ff0,氮气世涛,健力士,健力士,Single source drink; safe to create as standalone product if this row should enter pool.
candidate_0609,single_drink,create_product_then_link_source_drinks,德式皮尔森,,,回头客,回头客,德式皮尔森,5.3,,美国,,https://agtujigvxxdppngirqtu.supabase.co/storage/v1/object/public/taplist-media/de4207d0-d3c8-455a-8450-0d5b3e846ff0/drinks/3dbf5f8e-4255-49ac-b308-8cb2c06145b1/no-menu-beer-artwork__54_.jpg,,,active,production_drinks_2026-06-30_conservative_exact_key,1,1,1,1,3dbf5f8e-4255-49ac-b308-8cb2c06145b1,de4207d0-d3c8-455a-8450-0d5b3e846ff0,德式皮尔森,回头客,回头客,Single source drink; safe to create as standalone product if this row should enter pool.
candidate_0128,single_drink,create_product_then_link_source_drinks,德式小麦,,,Weihenstephan,Weihenstephan,,,,,,https://images.unsplash.com/photo-1535958636474-b021ee887b13?auto=format&fit=crop&w=900&q=80,,,active,production_drinks_2026-06-30_conservative_exact_key,1,1,1,1,d1000001-0001-4001-8001-000000000304,b1000001-0001-4001-8001-000000000003,德式小麦,Weihenstephan,Weihenstephan,Single source drink; safe to create as standalone product if this row should enter pool.
candidate_0381,single_drink,create_product_then_link_source_drinks,德式小麦,,,与众严选,与众严选,德式小麦,5.5,,,,,,,active,production_drinks_2026-06-30_conservative_exact_key,1,1,1,1,b9912349-6010-4a3f-9ffd-5d8d3c24d5c1,b4c33fea-51e3-426d-9dfa-b13947153ac2,德式小麦,与众严选,与众严选,Single source drink; safe to create as standalone product if this row should enter pool.
candidate_0659,single_drink,create_product_then_link_source_drinks,地狱烟火,,,邪恶双子,邪恶双子,烟熏拉格,6.5,,美国,,https://agtujigvxxdppngirqtu.supabase.co/storage/v1/object/public/taplist-media/7cce9b27-acd5-4bdc-a302-153c8245a1c1/drinks/6e036cf2-e086-45d7-a5b6-aac6b3e1c081/no-menu-beer-artwork__9_.jpg,清亮拉格基底一缕烟熏气息，酒厂自烘的哈瓦那辣椒,清亮拉格基底一缕烟熏气息，酒厂自烘的哈瓦那辣椒,active,production_drinks_2026-06-30_conservative_exact_key,1,1,1,1,6e036cf2-e086-45d7-a5b6-aac6b3e1c081,7cce9b27-acd5-4bdc-a302-153c8245a1c1,地狱烟火,邪恶双子,邪恶双子,Single source drink; safe to create as standalone product if this row should enter pool.
candidate_0657,single_drink,create_product_then_link_source_drinks,邓克经典复古板鞋,,,艾尔复兴,艾尔复兴,新英格兰三倍IPA,9.1,,美国,,https://agtujigvxxdppngirqtu.supabase.co/storage/v1/object/public/taplist-media/81a90487-39c9-46bb-b221-68ff631275d6/drinks/1be81e60-af5f-4c80-bf48-2e42468750c3/no-menu-beer-artwork__3_.jpg,酒体呈朦胧的淡橙色，口感极致柔顺，散发着多汁菠萝冰沙、粘稠的棉花糖番石榴以及来自Home Grown Apothecary PDX的浓郁果香，将中西部风格的Swang与纯正的啤酒花风味完美融合。,酒体呈朦胧的淡橙色，口感极致柔顺，散发着多汁菠萝冰沙、粘稠的棉花糖番石榴以及来自Home Grown Apothecary PDX的浓郁果香，将中西部风格的Swang与纯正的啤酒花风味完美融合。,active,production_drinks_2026-06-30_conservative_exact_key,1,1,1,1,1be81e60-af5f-4c80-bf48-2e42468750c3,81a90487-39c9-46bb-b221-68ff631275d6,邓克经典复古板鞋,艾尔复兴,艾尔复兴,Single source drink; safe to create as standalone product if this row should enter pool.
candidate_0428,single_drink,create_product_then_link_source_drinks,第一个纪念日,,,风土酿造,风土酿造,草莓樱桃巧克力酸艾尔,5,,,,https://agtujigvxxdppngirqtu.supabase.co/storage/v1/object/public/taplist-media/7cce9b27-acd5-4bdc-a302-153c8245a1c1/drinks/b624af36-17bd-4780-bfe5-bde19e6d2ab9/no-menu-beer-artwork__6_.jpg,,,active,production_drinks_2026-06-30_conservative_exact_key,1,1,1,1,b624af36-17bd-4780-bfe5-bde19e6d2ab9,7cce9b27-acd5-4bdc-a302-153c8245a1c1,第一个纪念日,风土酿造,风土酿造,Single source drink; safe to create as standalone product if this row should enter pool.
candidate_0224,single_drink,create_product_then_link_source_drinks,毒蛇之握,,,锅炉,锅炉,黑麦IPA,,,,,,,,active,production_drinks_2026-06-30_conservative_exact_key,1,1,1,1,0cae23b4-7775-41ee-9e4d-193a0599a187,57d005da-1193-4bd2-955a-ef6b9653516d,毒蛇之握,锅炉,锅炉,Single source drink; safe to create as standalone product if this row should enter pool.
candidate_0470,single_drink,create_product_then_link_source_drinks,短相思,,,蔓延,蔓延,0糖香槟啤酒,5.8,,武汉,,https://agtujigvxxdppngirqtu.supabase.co/storage/v1/object/public/taplist-media/82bf1237-e90c-4379-a2bc-a6dad2726b93/drinks/33c213cf-b41b-41e1-a4d5-a368840ed435/no-menu-beer-artwork__39_.jpg,,,active,production_drinks_2026-06-30_conservative_exact_key,1,1,1,1,33c213cf-b41b-41e1-a4d5-a368840ed435,82bf1237-e90c-4379-a2bc-a6dad2726b93,短相思,蔓延,蔓延,Single source drink; safe to create as standalone product if this row should enter pool.
candidate_0670,single_drink,create_product_then_link_source_drinks,断肠草,,,酿造方程式,酿造方程式,英式苦啤,5.6,,,,https://agtujigvxxdppngirqtu.supabase.co/storage/v1/object/public/taplist-media/13b6f277-ab0d-4c19-ba8a-d97a5af9f51d/drinks/35fb955a-46c6-418f-9e33-8a2f228ca460/no-menu-beer-artwork__19_.jpg,,,active,production_drinks_2026-06-30_conservative_exact_key,1,1,1,1,35fb955a-46c6-418f-9e33-8a2f228ca460,13b6f277-ab0d-4c19-ba8a-d97a5af9f51d,断肠草,酿造方程式,酿造方程式,Single source drink; safe to create as standalone product if this row should enter pool.
candidate_0510,single_drink,create_product_then_link_source_drinks,多莉塔 冽光,,,明日酿造,明日酿造,西海岸皮尔森,5.5,,上海,,https://agtujigvxxdppngirqtu.supabase.co/storage/v1/object/public/taplist-media/da21ab4e-93f7-49ca-8318-15fcbae24a93/drinks/3de4ec9a-a400-4475-a456-ff7a81cf7cf4/no-menu-beer-artwork__66_.jpg,,,active,production_drinks_2026-06-30_conservative_exact_key,1,1,1,1,3de4ec9a-a400-4475-a456-ff7a81cf7cf4,da21ab4e-93f7-49ca-8318-15fcbae24a93,多莉塔 冽光,明日酿造,明日酿造,Single source drink; safe to create as standalone product if this row should enter pool.
candidate_0178,single_drink,create_product_then_link_source_drinks,范尼拉符文,,,长青工匠,长青工匠,世涛,,,,,,,,active,production_drinks_2026-06-30_conservative_exact_key,1,1,1,1,b9174d2e-5dcd-4acd-bfab-05111e4bec37,57d005da-1193-4bd2-955a-ef6b9653516d,范尼拉符文,长青工匠,长青工匠,Single source drink; safe to create as standalone product if this row should enter pool.
candidate_0607,single_drink,create_product_then_link_source_drinks,范尼拉瑰红1号,,,凯西,凯西,农舍艾尔,5.5,,美国,,https://agtujigvxxdppngirqtu.supabase.co/storage/v1/object/public/taplist-media/a4f4002f-fccd-41dd-bbc5-153d30fc5385/drinks/eac3328b-c2e4-45a7-83bf-642e9386e94d/________1_.jpg,,,active,production_drinks_2026-06-30_conservative_exact_key,1,1,1,1,eac3328b-c2e4-45a7-83bf-642e9386e94d,a4f4002f-fccd-41dd-bbc5-153d30fc5385,范尼拉瑰红1号,凯西,凯西,Single source drink; safe to create as standalone product if this row should enter pool.
candidate_0295,single_drink,create_product_then_link_source_drinks,粉红夏日,,,斯莫吉,斯莫吉,水果硬苏打,5.1,,美国,,,,,active,production_drinks_2026-06-30_conservative_exact_key,1,1,1,1,71eaa37e-f0dc-4b50-b29f-b236793a276a,57d005da-1193-4bd2-955a-ef6b9653516d,粉红夏日,斯莫吉,斯莫吉,Single source drink; safe to create as standalone product if this row should enter pool.
candidate_0479,single_drink,create_product_then_link_source_drinks,风暴中心,,,云朴,云朴,金桔芒果酸艾尔,5,,昆明,,https://agtujigvxxdppngirqtu.supabase.co/storage/v1/object/public/taplist-media/82bf1237-e90c-4379-a2bc-a6dad2726b93/drinks/c0b88e0a-7d94-4d47-a3dc-232cbae35791/no-menu-beer-artwork__36_.jpg,,,active,production_drinks_2026-06-30_conservative_exact_key,1,1,1,1,c0b88e0a-7d94-4d47-a3dc-232cbae35791,82bf1237-e90c-4379-a2bc-a6dad2726b93,风暴中心,云朴,云朴,Single source drink; safe to create as standalone product if this row should enter pool.
candidate_0685,single_drink,create_product_then_link_source_drinks,风戏水,,,撬啤酿造,撬啤酿造,英式烈性苦啤,5.8,,,,,,,active,production_drinks_2026-06-30_conservative_exact_key,1,1,1,1,351ec50d-2556-404e-9bd4-95c00d44ed99,d897a73b-37fb-4c57-af0f-79d8759173cb,风戏水,撬啤酿造,撬啤酿造,Single source drink; safe to create as standalone product if this row should enter pool.
candidate_0413,single_drink,create_product_then_link_source_drinks,弗洛伦萨,,,农舍山,农舍山,农舍艾尔,6.2,,美国,,https://agtujigvxxdppngirqtu.supabase.co/storage/v1/object/public/taplist-media/7cce9b27-acd5-4bdc-a302-153c8245a1c1/drinks/161207aa-2d04-412a-94e6-cb389a819a55/hill-farmstead_florence.jpg,,,active,production_drinks_2026-06-30_conservative_exact_key,1,1,1,1,161207aa-2d04-412a-94e6-cb389a819a55,7cce9b27-acd5-4bdc-a302-153c8245a1c1,弗洛伦萨,农舍山,农舍山,Single source drink; safe to create as standalone product if this row should enter pool.
candidate_0547,single_drink,create_product_then_link_source_drinks,复仇之怒,,,山雀,山雀,比利时金色烈性艾尔,10,,上海,,https://agtujigvxxdppngirqtu.supabase.co/storage/v1/object/public/taplist-media/00234890-ee30-4985-992d-98ab8ce1d5de/drinks/8dd6de85-a092-431b-ac33-f7a5b3e48be6/no-menu-beer-artwork__1_.jpg,,,active,production_drinks_2026-06-30_conservative_exact_key,1,1,1,1,8dd6de85-a092-431b-ac33-f7a5b3e48be6,00234890-ee30-4985-992d-98ab8ce1d5de,复仇之怒,山雀,山雀,Single source drink; safe to create as standalone product if this row should enter pool.
candidate_0690,single_drink,create_product_then_link_source_drinks,复活生啤,,,朝日,朝日,拉格,5,,日本,,https://agtujigvxxdppngirqtu.supabase.co/storage/v1/object/public/taplist-media/27c1beca-c912-4f4a-bee5-3ccf0e5d981f/drinks/002e6d18-7d2b-4b3d-a3c8-fed750f7e5e1/_________.jpg,,,active,production_drinks_2026-06-30_conservative_exact_key,1,1,1,1,002e6d18-7d2b-4b3d-a3c8-fed750f7e5e1,27c1beca-c912-4f4a-bee5-3ccf0e5d981f,复活生啤,朝日,朝日,Single source drink; safe to create as standalone product if this row should enter pool.
candidate_0648,single_drink,create_product_then_link_source_drinks,港式冻柠茶,,,火碳,火碳,西打,4.5,,,,https://agtujigvxxdppngirqtu.supabase.co/storage/v1/object/public/taplist-media/487685c5-99f1-463c-9e19-9eeea1cf6699/drinks/75fa0c41-47ef-4b4b-b8e0-56876245d259/no-menu-beer-artwork__23_.jpg,,,active,production_drinks_2026-06-30_conservative_exact_key,1,1,1,1,75fa0c41-47ef-4b4b-b8e0-56876245d259,487685c5-99f1-463c-9e19-9eeea1cf6699,港式冻柠茶,火碳,火碳,Single source drink; safe to create as standalone product if this row should enter pool.
candidate_0542,single_drink,create_product_then_link_source_drinks,更多更朦胧的窗户,,,邪恶双子,邪恶双子,双倍干投三倍浑浊IPA,9.16,,美国,,https://agtujigvxxdppngirqtu.supabase.co/storage/v1/object/public/taplist-media/a4f4002f-fccd-41dd-bbc5-153d30fc5385/drinks/11492763-3f59-452f-ad00-b3ae8f759d82/_______________.jpg,,,active,production_drinks_2026-06-30_conservative_exact_key,1,1,1,1,11492763-3f59-452f-ad00-b3ae8f759d82,a4f4002f-fccd-41dd-bbc5-153d30fc5385,更多更朦胧的窗户,邪恶双子,邪恶双子,Single source drink; safe to create as standalone product if this row should enter pool.
candidate_0541,single_drink,create_product_then_link_source_drinks,更多老熊先生,,,邪恶双子,邪恶双子,双倍IPA,8.16,,美国,,https://agtujigvxxdppngirqtu.supabase.co/storage/v1/object/public/taplist-media/a4f4002f-fccd-41dd-bbc5-153d30fc5385/drinks/bfc67a19-eef4-4a08-8cc9-fe20e917fa42/no-menu-beer-artwork__2_.jpg,,,active,production_drinks_2026-06-30_conservative_exact_key,1,1,1,1,bfc67a19-eef4-4a08-8cc9-fe20e917fa42,a4f4002f-fccd-41dd-bbc5-153d30fc5385,更多老熊先生,邪恶双子,邪恶双子,Single source drink; safe to create as standalone product if this row should enter pool.
candidate_0544,single_drink,create_product_then_link_source_drinks,更多愚蠢果汁梦,,,邪恶双子,邪恶双子,水果酸艾尔,7.16,,美国,,https://agtujigvxxdppngirqtu.supabase.co/storage/v1/object/public/taplist-media/a4f4002f-fccd-41dd-bbc5-153d30fc5385/drinks/0c2f8fea-1fed-4c35-8f4e-b468b11236ea/no-menu-beer-artwork__1_.jpg,,,active,production_drinks_2026-06-30_conservative_exact_key,1,1,1,1,0c2f8fea-1fed-4c35-8f4e-b468b11236ea,a4f4002f-fccd-41dd-bbc5-153d30fc5385,更多愚蠢果汁梦,邪恶双子,邪恶双子,Single source drink; safe to create as standalone product if this row should enter pool.
candidate_0563,single_drink,create_product_then_link_source_drinks,狗头枣,,,以及酿造,以及酿造,暖甜红枣牛奶世涛,4,,西安,,https://agtujigvxxdppngirqtu.supabase.co/storage/v1/object/public/taplist-media/c3af90db-9734-4750-927c-38f6b37fb3e0/drinks/bb3dc85f-f909-461b-924f-a4430d7a52a7/no-menu-beer-artwork__15_.jpg,,,active,production_drinks_2026-06-30_conservative_exact_key,1,1,1,1,bb3dc85f-f909-461b-924f-a4430d7a52a7,c3af90db-9734-4750-927c-38f6b37fb3e0,狗头枣,以及酿造,以及酿造,Single source drink; safe to create as standalone product if this row should enter pool.
candidate_0586,single_drink,create_product_then_link_source_drinks,古法窖藏,,,黑森林,黑森林,窖藏拉格,5.6,,德国,,https://agtujigvxxdppngirqtu.supabase.co/storage/v1/object/public/taplist-media/27c1beca-c912-4f4a-bee5-3ccf0e5d981f/drinks/2bb564f3-2d81-4007-ae6a-305884ee985b/no-menu-beer-artwork__29_.jpg,,,active,production_drinks_2026-06-30_conservative_exact_key,1,1,1,1,2bb564f3-2d81-4007-ae6a-305884ee985b,27c1beca-c912-4f4a-bee5-3ccf0e5d981f,古法窖藏,黑森林,黑森林,Single source drink; safe to create as standalone product if this row should enter pool.
candidate_0687,single_drink,create_product_then_link_source_drinks,古龙水,,,辉光,辉光,科隆,4.7,,美国,,https://agtujigvxxdppngirqtu.supabase.co/storage/v1/object/public/taplist-media/7cce9b27-acd5-4bdc-a302-153c8245a1c1/drinks/7b0da63d-a660-4779-94bd-a69963c8a25e/no-menu-beer-artwork__33_.jpg,,,active,production_drinks_2026-06-30_conservative_exact_key,1,1,1,1,7b0da63d-a660-4779-94bd-a69963c8a25e,7cce9b27-acd5-4bdc-a302-153c8245a1c1,古龙水,辉光,辉光,Single source drink; safe to create as standalone product if this row should enter pool.
candidate_0119,single_drink,create_product_then_link_source_drinks,古斯酸啤,,,Cascade,Cascade,,,,,,https://images.unsplash.com/photo-1618184880380-8199e8b4eaa8?auto=format&fit=crop&w=900&q=80,,,active,production_drinks_2026-06-30_conservative_exact_key,1,1,1,1,d1000001-0001-4001-8001-000000000105,b1000001-0001-4001-8001-000000000001,古斯酸啤,Cascade,Cascade,Single source drink; safe to create as standalone product if this row should enter pool.
candidate_0651,single_drink,create_product_then_link_source_drinks,归,,,制乐厂,制乐厂,东北玉米拉格,5.4,,南京,,https://agtujigvxxdppngirqtu.supabase.co/storage/v1/object/public/taplist-media/81a90487-39c9-46bb-b221-68ff631275d6/drinks/f9e099dc-db7a-416c-bb51-40f90a410aca/no-menu-beer-artwork__5_.jpg,以东北当季甜玉米为主料，搭配优质大麦芽，经低温长时发酵，呈现浅金色的温润酒体。入口是嫩玉米的甜糯，饱满而踏实。中收尾干净干爽，苦味淡，只有谷物回甘留在口腔，杀口清爽，越喝越清甜。,以东北当季甜玉米为主料，搭配优质大麦芽，经低温长时发酵，呈现浅金色的温润酒体。入口是嫩玉米的甜糯，饱满而踏实。中收尾干净干爽，苦味淡，只有谷物回甘留在口腔，杀口清爽，越喝越清甜。,active,production_drinks_2026-06-30_conservative_exact_key,1,1,1,1,f9e099dc-db7a-416c-bb51-40f90a410aca,81a90487-39c9-46bb-b221-68ff631275d6,归,制乐厂,制乐厂,Single source drink; safe to create as standalone product if this row should enter pool.
candidate_0518,single_drink,create_product_then_link_source_drinks,鬼源物语,,,西澳山脊,西澳山脊,黑拉格,7,,澳大利亚,,https://agtujigvxxdppngirqtu.supabase.co/storage/v1/object/public/taplist-media/57d005da-1193-4bd2-955a-ef6b9653516d/drinks/32454ee3-1072-49ae-98b0-be73b6d025a4/no-menu-beer-artwork__55_.jpg,,,active,production_drinks_2026-06-30_conservative_exact_key,1,1,1,1,32454ee3-1072-49ae-98b0-be73b6d025a4,57d005da-1193-4bd2-955a-ef6b9653516d,鬼源物语,西澳山脊,西澳山脊,Single source drink; safe to create as standalone product if this row should enter pool.
candidate_0638,single_drink,create_product_then_link_source_drinks,果浪澳游,,,虽吾,虽吾,四倍干投三倍浑浊IPA,10,,苏州,,https://agtujigvxxdppngirqtu.supabase.co/storage/v1/object/public/taplist-media/44a4429c-fb70-47a5-923b-370fce8f167e/drinks/6437cd19-55ef-43bf-9006-f2ae240b4ba2/no-menu-beer-artwork__4_.jpg,,,active,production_drinks_2026-06-30_conservative_exact_key,1,1,1,1,6437cd19-55ef-43bf-9006-f2ae240b4ba2,44a4429c-fb70-47a5-923b-370fce8f167e,果浪澳游,虽吾,虽吾,Single source drink; safe to create as standalone product if this row should enter pool.
candidate_0578,single_drink,create_product_then_link_source_drinks,哈巴苹果,,,田园酿造,田园酿造,传统苹果酒,7,,云南,,https://agtujigvxxdppngirqtu.supabase.co/storage/v1/object/public/taplist-media/27c1beca-c912-4f4a-bee5-3ccf0e5d981f/drinks/94fb1e22-d8e7-462b-9d59-106572e3fa4b/____-____.jpg,,,active,production_drinks_2026-06-30_conservative_exact_key,1,1,1,1,94fb1e22-d8e7-462b-9d59-106572e3fa4b,27c1beca-c912-4f4a-bee5-3ccf0e5d981f,哈巴苹果,田园酿造,田园酿造,Single source drink; safe to create as standalone product if this row should enter pool.
candidate_0400,single_drink,create_product_then_link_source_drinks,哈瓦那辣椒,,,艾尔复兴,艾尔复兴,美式西海岸,7.4,,美国,,,,,active,production_drinks_2026-06-30_conservative_exact_key,1,1,1,1,0ce5612f-da92-4b23-9334-fe062a2f3caa,7cce9b27-acd5-4bdc-a302-153c8245a1c1,哈瓦那辣椒,艾尔复兴,艾尔复兴,Single source drink; safe to create as standalone product if this row should enter pool.
candidate_0537,single_drink,create_product_then_link_source_drinks,海德公园,,,山雀 x Bob x ORIGIN4,山雀 x Bob x ORIGIN4,英式棕色艾尔,5.5,,上海,,https://agtujigvxxdppngirqtu.supabase.co/storage/v1/object/public/taplist-media/00234890-ee30-4985-992d-98ab8ce1d5de/drinks/fb68ef7e-3939-465a-9b70-b242d014d944/no-menu-beer-artwork__3_.jpg,,,active,production_drinks_2026-06-30_conservative_exact_key,1,1,1,1,fb68ef7e-3939-465a-9b70-b242d014d944,00234890-ee30-4985-992d-98ab8ce1d5de,海德公园,山雀 x Bob x ORIGIN4,山雀 x Bob x ORIGIN4,Single source drink; safe to create as standalone product if this row should enter pool.
candidate_0392,single_drink,create_product_then_link_source_drinks,海狸万岁,,,打嗝海狸,打嗝海狸,巧克力世涛,7.5,,美国,,https://agtujigvxxdppngirqtu.supabase.co/storage/v1/object/public/taplist-media/b4c33fea-51e3-426d-9dfa-b13947153ac2/drinks/5eeb286f-6136-431c-9eba-71f962090bde/no-menu-beer-artwork__7_.jpg,,,active,production_drinks_2026-06-30_conservative_exact_key,1,1,1,1,5eeb286f-6136-431c-9eba-71f962090bde,b4c33fea-51e3-426d-9dfa-b13947153ac2,海狸万岁,打嗝海狸,打嗝海狸,Single source drink; safe to create as standalone product if this row should enter pool.
candidate_0574,single_drink,create_product_then_link_source_drinks,海洋公园,,,三子,三子,皮尔森,5,,美国,,https://agtujigvxxdppngirqtu.supabase.co/storage/v1/object/public/taplist-media/7aa1147c-5c8b-4c68-bc11-56ce34608689/drinks/7161e105-8ea8-4bb8-8f71-05d04d1dc812/no-menu-beer-artwork__26_.jpg,添加了萨兹（Saaz） 和珍珠（Perle）酒花，使用非传统工艺酿造的皮尔森。其带有柠檬、香草和葡萄的味道。入口微干，清新酥脆，碳酸感明显，十分易饮。,添加了萨兹（Saaz） 和珍珠（Perle）酒花，使用非传统工艺酿造的皮尔森。其带有柠檬、香草和葡萄的味道。入口微干，清新酥脆，碳酸感明显，十分易饮。,active,production_drinks_2026-06-30_conservative_exact_key,1,1,1,1,7161e105-8ea8-4bb8-8f71-05d04d1dc812,7aa1147c-5c8b-4c68-bc11-56ce34608689,海洋公园,三子,三子,Single source drink; safe to create as standalone product if this row should enter pool.
candidate_0383,single_drink,create_product_then_link_source_drinks,好得意,,,E.T. x 和弦,E.T. x 和弦,香柠佛手柑酸混浊IPA,2.3,,,,https://agtujigvxxdppngirqtu.supabase.co/storage/v1/object/public/taplist-media/b4c33fea-51e3-426d-9dfa-b13947153ac2/drinks/bf097b44-351a-4309-913c-3eed4210a2c6/no-menu-beer-artwork__11_.jpg,,,active,production_drinks_2026-06-30_conservative_exact_key,1,1,1,1,bf097b44-351a-4309-913c-3eed4210a2c6,b4c33fea-51e3-426d-9dfa-b13947153ac2,好得意,E.T. x 和弦,E.T. x 和弦,Single source drink; safe to create as standalone product if this row should enter pool.
candidate_0340,single_drink,create_product_then_link_source_drinks,黑暗之翼,,,鸭池,鸭池,水果古斯,6,,瑞典,,https://agtujigvxxdppngirqtu.supabase.co/storage/v1/object/public/taplist-media/7aa1147c-5c8b-4c68-bc11-56ce34608689/drinks/1b8d0600-14dd-4585-ae13-4e63dece9ae2/no-menu-beer-artwork_-_2026-06-08T022824.345.jpg,,,active,production_drinks_2026-06-30_conservative_exact_key,1,1,1,1,1b8d0600-14dd-4585-ae13-4e63dece9ae2,7aa1147c-5c8b-4c68-bc11-56ce34608689,黑暗之翼,鸭池,鸭池,Single source drink; safe to create as standalone product if this row should enter pool.
candidate_0535,single_drink,create_product_then_link_source_drinks,黑生,,,朝日,朝日,慕尼黑深色拉格,5,,日本,,https://agtujigvxxdppngirqtu.supabase.co/storage/v1/object/public/taplist-media/26597d55-8a12-4185-b3ef-cb9a3ac1773a/drinks/48da1927-2a3b-41f6-a56c-761c0ae05715/________.jpg,,,active,production_drinks_2026-06-30_conservative_exact_key,1,1,1,1,48da1927-2a3b-41f6-a56c-761c0ae05715,26597d55-8a12-4185-b3ef-cb9a3ac1773a,黑生,朝日,朝日,Single source drink; safe to create as standalone product if this row should enter pool.
candidate_0463,single_drink,create_product_then_link_source_drinks,黑星波本,,,佛里蒙,佛里蒙,帝国燕麦世涛,15.7,,美国,,https://agtujigvxxdppngirqtu.supabase.co/storage/v1/object/public/taplist-media/283206e3-22d9-4a54-b8a5-70694b1ec062/drinks/f471c31d-a98d-4deb-81e6-a8456bc1d006/no-menu-beer-artwork__23_.jpg,三个橡木桶混入四种燕麦世涛，极致风味。,三个橡木桶混入四种燕麦世涛，极致风味。,active,production_drinks_2026-06-30_conservative_exact_key,1,1,1,1,f471c31d-a98d-4deb-81e6-a8456bc1d006,283206e3-22d9-4a54-b8a5-70694b1ec062,黑星波本,佛里蒙,佛里蒙,Single source drink; safe to create as standalone product if this row should enter pool.
candidate_0526,single_drink,create_product_then_link_source_drinks,猴拳,,,悠航,悠航,美式IPA,,,,,https://agtujigvxxdppngirqtu.supabase.co/storage/v1/object/public/taplist-media/13b6f277-ab0d-4c19-ba8a-d97a5af9f51d/drinks/40b0a3d9-4474-4681-a8cc-3b0313f5fed5/no-menu-beer-artwork__83_.jpg,,,active,production_drinks_2026-06-30_conservative_exact_key,1,1,1,1,40b0a3d9-4474-4681-a8cc-3b0313f5fed5,13b6f277-ab0d-4c19-ba8a-d97a5af9f51d,猴拳,悠航,悠航,Single source drink; safe to create as standalone product if this row should enter pool.
candidate_0585,single_drink,create_product_then_link_source_drinks,胡啊柚,,,风味屋,风味屋,双柚龙眼西打,3.5,,西安,,https://agtujigvxxdppngirqtu.supabase.co/storage/v1/object/public/taplist-media/de4207d0-d3c8-455a-8450-0d5b3e846ff0/drinks/e5b17df2-c1af-461f-b166-815d6e5d9186/no-menu-beer-artwork__33_.jpg,,,active,production_drinks_2026-06-30_conservative_exact_key,1,1,1,1,e5b17df2-c1af-461f-b166-815d6e5d9186,de4207d0-d3c8-455a-8450-0d5b3e846ff0,胡啊柚,风味屋,风味屋,Single source drink; safe to create as standalone product if this row should enter pool.
candidate_0647,single_drink,create_product_then_link_source_drinks,胡椒蛮缠,,,水猴子,水猴子,胡椒菠芒硬苏打PRO,3.6,,,,https://agtujigvxxdppngirqtu.supabase.co/storage/v1/object/public/taplist-media/487685c5-99f1-463c-9e19-9eeea1cf6699/drinks/3a25efdb-b70f-4e1c-80ae-1d3fa7f475b9/no-menu-beer-artwork__26_.jpg,,,active,production_drinks_2026-06-30_conservative_exact_key,1,1,1,1,3a25efdb-b70f-4e1c-80ae-1d3fa7f475b9,487685c5-99f1-463c-9e19-9eeea1cf6699,胡椒蛮缠,水猴子,水猴子,Single source drink; safe to create as standalone product if this row should enter pool.
candidate_0632,single_drink,create_product_then_link_source_drinks,琥珀,,,未索之境,未索之境,英式苦啤,4.8,,成都,,https://agtujigvxxdppngirqtu.supabase.co/storage/v1/object/public/taplist-media/26597d55-8a12-4185-b3ef-cb9a3ac1773a/drinks/a76a8114-3b6e-4744-ac16-7d92dda8abd2/no-menu-beer-artwork__17_.jpg,,,active,production_drinks_2026-06-30_conservative_exact_key,1,1,1,1,a76a8114-3b6e-4744-ac16-7d92dda8abd2,26597d55-8a12-4185-b3ef-cb9a3ac1773a,琥珀,未索之境,未索之境,Single source drink; safe to create as standalone product if this row should enter pool.
candidate_0116,single_drink,create_product_then_link_source_drinks,浑浊 IPA,,,Other Half,Other Half,,,,,,https://images.unsplash.com/photo-1571613316887-6f8d5cbf7ef7?auto=format&fit=crop&w=900&q=80,,,active,production_drinks_2026-06-30_conservative_exact_key,1,1,1,1,d1000001-0001-4001-8001-000000000102,b1000001-0001-4001-8001-000000000001,浑浊 IPA,Other Half,Other Half,Single source drink; safe to create as standalone product if this row should enter pool.
candidate_0418,single_drink,create_product_then_link_source_drinks,混世魔王,,,西澳山脊,西澳山脊,西海岸双倍IPA,8.5,,澳大利亚,,https://agtujigvxxdppngirqtu.supabase.co/storage/v1/object/public/taplist-media/57d005da-1193-4bd2-955a-ef6b9653516d/drinks/18c7b9db-cd5d-42f6-831c-a80bd1c32f23/no-menu-beer-artwork_-_2026-06-09T165312.942.jpg,,,active,production_drinks_2026-06-30_conservative_exact_key,1,1,1,1,18c7b9db-cd5d-42f6-831c-a80bd1c32f23,57d005da-1193-4bd2-955a-ef6b9653516d,混世魔王,西澳山脊,西澳山脊,Single source drink; safe to create as standalone product if this row should enter pool.
candidate_0401,single_drink,create_product_then_link_source_drinks,机器罢工嘴巴别停,,,艾尔复兴,艾尔复兴,水果酸艾尔,5,,美国,,,,,active,production_drinks_2026-06-30_conservative_exact_key,1,1,1,1,295caf07-edfa-4f77-9501-46c0f3a04801,7cce9b27-acd5-4bdc-a302-153c8245a1c1,机器罢工嘴巴别停,艾尔复兴,艾尔复兴,Single source drink; safe to create as standalone product if this row should enter pool.
candidate_0602,single_drink,create_product_then_link_source_drinks,极光觅月,,,航标,航标,蜜酒,6.8,,大连,,https://agtujigvxxdppngirqtu.supabase.co/storage/v1/object/public/taplist-media/de4207d0-d3c8-455a-8450-0d5b3e846ff0/drinks/a5fed519-87b9-4138-8245-d3fa90ed2874/no-menu-beer-artwork__46_.jpg,,,active,production_drinks_2026-06-30_conservative_exact_key,1,1,1,1,a5fed519-87b9-4138-8245-d3fa90ed2874,de4207d0-d3c8-455a-8450-0d5b3e846ff0,极光觅月,航标,航标,Single source drink; safe to create as standalone product if this row should enter pool.
candidate_0486,single_drink,create_product_then_link_source_drinks,纪念日10,,,生命长河,生命长河,新英格兰三倍IPA,10,,美国,,,,,active,production_drinks_2026-06-30_conservative_exact_key,1,1,1,1,0ee4a2e6-f1ff-4500-8d03-5d2e0bee4400,a4f4002f-fccd-41dd-bbc5-153d30fc5385,纪念日10,生命长河,生命长河,Single source drink; safe to create as standalone product if this row should enter pool.
candidate_0631,single_drink,create_product_then_link_source_drinks,加州海风,,,狸造,狸造,加州蒸汽拉格,5.5,,北京,,https://agtujigvxxdppngirqtu.supabase.co/storage/v1/object/public/taplist-media/26597d55-8a12-4185-b3ef-cb9a3ac1773a/drinks/083d95df-e7e1-4bb8-93d1-c960e7cb5c5d/no-menu-beer-artwork__18_.jpg,,,active,production_drinks_2026-06-30_conservative_exact_key,1,1,1,1,083d95df-e7e1-4bb8-93d1-c960e7cb5c5d,26597d55-8a12-4185-b3ef-cb9a3ac1773a,加州海风,狸造,狸造,Single source drink; safe to create as standalone product if this row should enter pool.
candidate_0309,single_drink,create_product_then_link_source_drinks,健力士 Guinness,,,Guinness,Guinness,氮气世涛,,,,,https://agtujigvxxdppngirqtu.supabase.co/storage/v1/object/public/taplist-media/283206e3-22d9-4a54-b8a5-70694b1ec062/drinks/427485e5-9012-4cad-936b-5188f748cf17/no-menu-beer-artwork__3_.jpg,,,active,production_drinks_2026-06-30_conservative_exact_key,1,1,1,1,427485e5-9012-4cad-936b-5188f748cf17,283206e3-22d9-4a54-b8a5-70694b1ec062,健力士 Guinness,Guinness,Guinness,Single source drink; safe to create as standalone product if this row should enter pool.
candidate_0361,single_drink,create_product_then_link_source_drinks,浆化星球,,,一滴,一滴,果泥酸艾尔,6.3,,新西兰,,,,,active,production_drinks_2026-06-30_conservative_exact_key,1,1,1,1,edfc0fd2-e2ba-4a42-9d46-fa4cc616be97,44a4429c-fb70-47a5-923b-370fce8f167e,浆化星球,一滴,一滴,Single source drink; safe to create as standalone product if this row should enter pool.
candidate_0466,single_drink,create_product_then_link_source_drinks,奖励关卡,,,玄水屋,玄水屋,黑拉格,5.2,,西安,,https://agtujigvxxdppngirqtu.supabase.co/storage/v1/object/public/taplist-media/1cff208a-4424-4867-966d-a7839ac59f6f/drinks/c4fb6eab-9f71-40b6-a66b-ecb0a552d61c/__________.jpg,,,active,production_drinks_2026-06-30_conservative_exact_key,1,1,1,1,c4fb6eab-9f71-40b6-a66b-ecb0a552d61c,1cff208a-4424-4867-966d-a7839ac59f6f,奖励关卡,玄水屋,玄水屋,Single source drink; safe to create as standalone product if this row should enter pool.
candidate_0498,single_drink,create_product_then_link_source_drinks,焦点二号,,,凯西,凯西,桶陈增味型农舍艾尔,6.5,,美国,,,,,active,production_drinks_2026-06-30_conservative_exact_key,1,1,1,1,c731304d-459b-40e4-a71a-9f801a1169df,7aa1147c-5c8b-4c68-bc11-56ce34608689,焦点二号,凯西,凯西,Single source drink; safe to create as standalone product if this row should enter pool.
candidate_0296,single_drink,create_product_then_link_source_drinks,劫尽,,,本末·特伦,本末特伦,日本大米拉格,5,,美国,,,,,active,production_drinks_2026-06-30_conservative_exact_key,1,1,1,1,a63bb00b-f182-4c4f-8d0f-887234e85f9e,57d005da-1193-4bd2-955a-ef6b9653516d,劫尽,本末·特伦,本末特伦,Single source drink; safe to create as standalone product if this row should enter pool.
candidate_0507,single_drink,create_product_then_link_source_drinks,解构,,,勿幕,勿幕,酒花皮尔森,6.3,,,,https://agtujigvxxdppngirqtu.supabase.co/storage/v1/object/public/taplist-media/2c191730-69f6-4031-8256-91aa59e5bc52/drinks/cddc1412-f0c3-4617-a91a-a8298f4ba531/no-menu-beer-artwork__72_.jpg,,,active,production_drinks_2026-06-30_conservative_exact_key,1,1,1,1,cddc1412-f0c3-4617-a91a-a8298f4ba531,2c191730-69f6-4031-8256-91aa59e5bc52,解构,勿幕,勿幕,Single source drink; safe to create as standalone product if this row should enter pool.
candidate_0623,single_drink,create_product_then_link_source_drinks,金苹果,,,撒切尔,撒切尔,西打,4.8,,英国,,https://agtujigvxxdppngirqtu.supabase.co/storage/v1/object/public/taplist-media/494bcf1f-8346-480f-a396-204b104c9313/drinks/2e65ddf2-7dde-4a2b-a9c3-010d2850c7d2/IMG_7626.png,,,active,production_drinks_2026-06-30_conservative_exact_key,1,1,1,1,2e65ddf2-7dde-4a2b-a9c3-010d2850c7d2,494bcf1f-8346-480f-a396-204b104c9313,金苹果,撒切尔,撒切尔,Single source drink; safe to create as standalone product if this row should enter pool.
candidate_0614,single_drink,create_product_then_link_source_drinks,金雀花,,,美西,美西,新西兰皮尔森,4.8,,成都,,https://agtujigvxxdppngirqtu.supabase.co/storage/v1/object/public/taplist-media/494bcf1f-8346-480f-a396-204b104c9313/drinks/d30ff22e-572a-4194-a209-d7e477cc9b37/no-menu-beer-artwork__11_.jpg,,,active,production_drinks_2026-06-30_conservative_exact_key,1,1,1,1,d30ff22e-572a-4194-a209-d7e477cc9b37,494bcf1f-8346-480f-a396-204b104c9313,金雀花,美西,美西,Single source drink; safe to create as standalone product if this row should enter pool.
candidate_0197,single_drink,create_product_then_link_source_drinks,精明强干,,,凯西,凯西,农舍艾尔,6,,,,https://agtujigvxxdppngirqtu.supabase.co/storage/v1/object/public/taplist-media/c3af90db-9734-4750-927c-38f6b37fb3e0/drinks/ef1dd2dc-4e38-4029-ba6a-c106e1e51297/_______.jpg,,,active,production_drinks_2026-06-30_conservative_exact_key,1,1,1,1,ef1dd2dc-4e38-4029-ba6a-c106e1e51297,c3af90db-9734-4750-927c-38f6b37fb3e0,精明强干,凯西,凯西,Single source drink; safe to create as standalone product if this row should enter pool.
candidate_0679,single_drink,create_product_then_link_source_drinks,酒花构建·像菠萝,,,蔓延,蔓延,酸IPA,7,,武汉,,https://agtujigvxxdppngirqtu.supabase.co/storage/v1/object/public/taplist-media/494bcf1f-8346-480f-a396-204b104c9313/drinks/9c90d3f9-4636-4a45-ac16-179015557353/no-menu-beer-artwork__25_.jpg,基于酿造逻辑的酸化结构，带来轻盈、干净且克制的乳酸风味，让酒体像切开的新鲜菠萝一样明亮直接。,基于酿造逻辑的酸化结构，带来轻盈、干净且克制的乳酸风味，让酒体像切开的新鲜菠萝一样明亮直接。,active,production_drinks_2026-06-30_conservative_exact_key,1,1,1,1,9c90d3f9-4636-4a45-ac16-179015557353,494bcf1f-8346-480f-a396-204b104c9313,酒花构建·像菠萝,蔓延,蔓延,Single source drink; safe to create as standalone product if this row should enter pool.
candidate_0627,single_drink,create_product_then_link_source_drinks,橘郡,,,左手巨人 x 绿颊鹦鹉,左手巨人 x 绿颊鹦鹉,西海岸皮尔森,5,,英国x美国,,https://agtujigvxxdppngirqtu.supabase.co/storage/v1/object/public/taplist-media/27c1beca-c912-4f4a-bee5-3ccf0e5d981f/drinks/eee0b6db-2d45-4884-b7b7-9345be21cc10/_______.png,,,active,production_drinks_2026-06-30_conservative_exact_key,1,1,1,1,eee0b6db-2d45-4884-b7b7-9345be21cc10,27c1beca-c912-4f4a-bee5-3ccf0e5d981f,橘郡,左手巨人 x 绿颊鹦鹉,左手巨人 x 绿颊鹦鹉,Single source drink; safe to create as standalone product if this row should enter pool.
candidate_0421,single_drink,create_product_then_link_source_drinks,卡拉斯科,,,撬啤酿造,撬啤酿造,比利时小麦,4.5,14,,,,,,active,production_drinks_2026-06-30_conservative_exact_key,1,1,1,1,d90fcbdf-e19a-420a-baa4-438c5afead16,d897a73b-37fb-4c57-af0f-79d8759173cb,卡拉斯科,撬啤酿造,撬啤酿造,Single source drink; safe to create as standalone product if this row should enter pool.
candidate_0505,single_drink,create_product_then_link_source_drinks,凯库拉的鲸,,,鼻行兽,鼻行兽,三倍帝国酒花拉格,7.8,,西安,,https://agtujigvxxdppngirqtu.supabase.co/storage/v1/object/public/taplist-media/831db2a1-ee47-4d88-9c0b-3e19a5668d6d/drinks/4a1ce5e7-5b9d-4ad1-892b-1a7988117b28/no-menu-beer-artwork__59_.jpg,,,active,production_drinks_2026-06-30_conservative_exact_key,1,1,1,1,4a1ce5e7-5b9d-4ad1-892b-1a7988117b28,831db2a1-ee47-4d88-9c0b-3e19a5668d6d,凯库拉的鲸,鼻行兽,鼻行兽,Single source drink; safe to create as standalone product if this row should enter pool.
candidate_0630,single_drink,create_product_then_link_source_drinks,科隆巴赫皮尔森,,,科隆巴赫,科隆巴赫,皮尔森,4.8,,德国,,https://agtujigvxxdppngirqtu.supabase.co/storage/v1/object/public/taplist-media/26597d55-8a12-4185-b3ef-cb9a3ac1773a/drinks/7264605d-84e0-447c-a02a-9fc241fa248b/no-menu-event-image__5_.jpg,,,active,production_drinks_2026-06-30_conservative_exact_key,1,1,1,1,7264605d-84e0-447c-a02a-9fc241fa248b,26597d55-8a12-4185-b3ef-cb9a3ac1773a,科隆巴赫皮尔森,科隆巴赫,科隆巴赫,Single source drink; safe to create as standalone product if this row should enter pool.
candidate_0661,single_drink,create_product_then_link_source_drinks,轲斯拉大战金刚,,,亚洲小霸王,CLAG,双倍新西兰IPA,8,,美国,,https://agtujigvxxdppngirqtu.supabase.co/storage/v1/object/public/taplist-media/c3af90db-9734-4750-927c-38f6b37fb3e0/drinks/7faaa0aa-7faa-4af1-bea9-ba0b65909f09/no-menu-beer-artwork__10_.jpg,,,active,production_drinks_2026-06-30_conservative_exact_key,1,1,1,1,7faaa0aa-7faa-4af1-bea9-ba0b65909f09,c3af90db-9734-4750-927c-38f6b37fb3e0,轲斯拉大战金刚,亚洲小霸王,CLAG,Single source drink; safe to create as standalone product if this row should enter pool.
candidate_0447,single_drink,create_product_then_link_source_drinks,空行母,,,无毛用,无毛用,藏式花木苹果酒,4.5,,广州,,https://agtujigvxxdppngirqtu.supabase.co/storage/v1/object/public/taplist-media/44a4429c-fb70-47a5-923b-370fce8f167e/drinks/18d9de4e-c7d0-488d-9652-cfcd6ce18907/no-menu-beer-artwork__13_.jpg,,,active,production_drinks_2026-06-30_conservative_exact_key,1,1,1,1,18d9de4e-c7d0-488d-9652-cfcd6ce18907,44a4429c-fb70-47a5-923b-370fce8f167e,空行母,无毛用,无毛用,Single source drink; safe to create as standalone product if this row should enter pool.
candidate_0660,single_drink,create_product_then_link_source_drinks,狂野的啤酒梦,,,邪恶双子,邪恶双子,西海岸IPA,6.5,,美国,,,葡萄柚、松树、柑橘皮以及潮湿树脂的香气。清脆、有力，且危险地好喝。,葡萄柚、松树、柑橘皮以及潮湿树脂的香气。清脆、有力，且危险地好喝。,active,production_drinks_2026-06-30_conservative_exact_key,1,1,1,1,265857cd-35cb-4c47-9daa-6d19fd7d892e,7cce9b27-acd5-4bdc-a302-153c8245a1c1,狂野的啤酒梦,邪恶双子,邪恶双子,Single source drink; safe to create as standalone product if this row should enter pool.
candidate_0655,single_drink,create_product_then_link_source_drinks,拉格,,,小熊贝莲,小熊贝莲,酒花拉格,5,,日本,,https://agtujigvxxdppngirqtu.supabase.co/storage/v1/object/public/taplist-media/a4f4002f-fccd-41dd-bbc5-153d30fc5385/drinks/49787935-4915-46a5-9880-f389c1b6fe77/_______.webp,,,active,production_drinks_2026-06-30_conservative_exact_key,1,1,1,1,49787935-4915-46a5-9880-f389c1b6fe77,a4f4002f-fccd-41dd-bbc5-153d30fc5385,拉格,小熊贝莲,小熊贝莲,Single source drink; safe to create as standalone product if this row should enter pool.
candidate_0665,single_drink,create_product_then_link_source_drinks,莱茵淡影,,,远山啤酒,远山啤酒,科隆,5,,,,https://agtujigvxxdppngirqtu.supabase.co/storage/v1/object/public/taplist-media/2c191730-69f6-4031-8256-91aa59e5bc52/drinks/e823589f-2489-43bc-baed-092e222d39d1/no-menu-beer-artwork__1_.jpg,,,active,production_drinks_2026-06-30_conservative_exact_key,1,1,1,1,e823589f-2489-43bc-baed-092e222d39d1,2c191730-69f6-4031-8256-91aa59e5bc52,莱茵淡影,远山啤酒,远山啤酒,Single source drink; safe to create as standalone product if this row should enter pool.
candidate_0129,single_drink,create_product_then_link_source_drinks,兰比克,,,Cantillon,Cantillon,,,,,,https://images.unsplash.com/photo-1618184880380-8199e8b4eaa8?auto=format&fit=crop&w=900&q=80,,,active,production_drinks_2026-06-30_conservative_exact_key,1,1,1,1,d1000001-0001-4001-8001-000000000305,b1000001-0001-4001-8001-000000000003,兰比克,Cantillon,Cantillon,Single source drink; safe to create as standalone product if this row should enter pool.
candidate_0538,single_drink,create_product_then_link_source_drinks,老炮,,,山雀,山雀,传统西海岸IPA,7,,上海,,https://agtujigvxxdppngirqtu.supabase.co/storage/v1/object/public/taplist-media/00234890-ee30-4985-992d-98ab8ce1d5de/drinks/c107d195-fdb5-4091-a963-7afc760e6808/no-menu-beer-artwork__5_.jpg,,,active,production_drinks_2026-06-30_conservative_exact_key,1,1,1,1,c107d195-fdb5-4091-a963-7afc760e6808,00234890-ee30-4985-992d-98ab8ce1d5de,老炮,山雀,山雀,Single source drink; safe to create as standalone product if this row should enter pool.
candidate_0487,single_drink,create_product_then_link_source_drinks,勒克斯,,,比尔斯兄弟,比尔斯兄弟,美式淡色艾尔,5.1,,美国,,https://agtujigvxxdppngirqtu.supabase.co/storage/v1/object/public/taplist-media/a4f4002f-fccd-41dd-bbc5-153d30fc5385/drinks/2b20256b-446d-416a-9387-37d5ed11783d/no-menu-beer-artwork__48_.jpg,,,active,production_drinks_2026-06-30_conservative_exact_key,1,1,1,1,2b20256b-446d-416a-9387-37d5ed11783d,a4f4002f-fccd-41dd-bbc5-153d30fc5385,勒克斯,比尔斯兄弟,比尔斯兄弟,Single source drink; safe to create as standalone product if this row should enter pool.
candidate_0569,single_drink,create_product_then_link_source_drinks,冷萃马赛克,,,香港啤酒公司,香港啤酒公司,DDH双倍西海岸,8,,中国香港,,https://agtujigvxxdppngirqtu.supabase.co/storage/v1/object/public/taplist-media/1cff208a-4424-4867-966d-a7839ac59f6f/drinks/87d83d2d-5df6-47b6-a3c1-c92f4397d695/no-menu-beer-artwork__22_.jpg,,,active,production_drinks_2026-06-30_conservative_exact_key,1,1,1,1,87d83d2d-5df6-47b6-a3c1-c92f4397d695,1cff208a-4424-4867-966d-a7839ac59f6f,冷萃马赛克,香港啤酒公司,香港啤酒公司,Single source drink; safe to create as standalone product if this row should enter pool.
candidate_0300,single_drink,create_product_then_link_source_drinks,历史学会,,,本末·特伦,本末·特伦,柏林酸小麦,5,,美国,,,,,active,production_drinks_2026-06-30_conservative_exact_key,1,1,1,1,6c868f65-5dbf-4271-898e-53466b7249fa,283206e3-22d9-4a54-b8a5-70694b1ec062,历史学会,本末·特伦,本末·特伦,Single source drink; safe to create as standalone product if this row should enter pool.
candidate_0658,single_drink,create_product_then_link_source_drinks,立方,,,蔓延酿造,蔓延酿造,酵母悬浮型小麦,4.5,,武汉,,https://agtujigvxxdppngirqtu.supabase.co/storage/v1/object/public/taplist-media/81a90487-39c9-46bb-b221-68ff631275d6/drinks/62d54d8b-4886-4876-bf52-1dddf4295438/no-menu-beer-artwork__4_.jpg,传统的分醪煮出糖化工艺的巴伐利亚风格小麦啤酒，采用敞口发酵，带有丁香、小麦和香蕉等所有经典巴伐利亚啤酒香气的味道，此外我们还在煮沸后端添加柠檬草浸泡，来萃取一些有趣的味道。,传统的分醪煮出糖化工艺的巴伐利亚风格小麦啤酒，采用敞口发酵，带有丁香、小麦和香蕉等所有经典巴伐利亚啤酒香气的味道，此外我们还在煮沸后端添加柠檬草浸泡，来萃取一些有趣的味道。,active,production_drinks_2026-06-30_conservative_exact_key,1,1,1,1,62d54d8b-4886-4876-bf52-1dddf4295438,81a90487-39c9-46bb-b221-68ff631275d6,立方,蔓延酿造,蔓延酿造,Single source drink; safe to create as standalone product if this row should enter pool.
candidate_0584,single_drink,create_product_then_link_source_drinks,炼金术大师,,,欧米尼珀罗 × 电厂,欧米尼珀罗 × 电厂,双倍浑浊IPA,8,,瑞典,,https://agtujigvxxdppngirqtu.supabase.co/storage/v1/object/public/taplist-media/de4207d0-d3c8-455a-8450-0d5b3e846ff0/drinks/b149eab5-6800-4ea2-8ff3-ac72442c90dc/__________________.webp,,,active,production_drinks_2026-06-30_conservative_exact_key,1,1,1,1,b149eab5-6800-4ea2-8ff3-ac72442c90dc,de4207d0-d3c8-455a-8450-0d5b3e846ff0,炼金术大师,欧米尼珀罗 × 电厂,欧米尼珀罗 × 电厂,Single source drink; safe to create as standalone product if this row should enter pool.
candidate_0302,single_drink,create_product_then_link_source_drinks,两端 摩登西海岸IPA,,,药厂*拾捌精酿,药厂*拾捌精酿,摩登西海岸IPA,,,,,https://agtujigvxxdppngirqtu.supabase.co/storage/v1/object/public/taplist-media/00000000-0000-0000-0000-000000000001/drinks/0042464c-397a-447b-a5fe-6874a2ee0023/no-menu-beer-artwork_-_2026-06-07T181311.579.jpg,,,active,production_drinks_2026-06-30_conservative_exact_key,1,1,1,1,0042464c-397a-447b-a5fe-6874a2ee0023,00000000-0000-0000-0000-000000000001,两端 摩登西海岸IPA,药厂*拾捌精酿,药厂*拾捌精酿,Single source drink; safe to create as standalone product if this row should enter pool.
candidate_0645,single_drink,create_product_then_link_source_drinks,临界,,,纸飞机,纸飞机,TDH帝国浑浊IPA,8,,,,https://agtujigvxxdppngirqtu.supabase.co/storage/v1/object/public/taplist-media/487685c5-99f1-463c-9e19-9eeea1cf6699/drinks/6cc69ce8-14d1-4b9e-ad29-1cbe65143b2f/no-menu-beer-artwork__28_.jpg,,,active,production_drinks_2026-06-30_conservative_exact_key,1,1,1,1,6cc69ce8-14d1-4b9e-ad29-1cbe65143b2f,487685c5-99f1-463c-9e19-9eeea1cf6699,临界,纸飞机,纸飞机,Single source drink; safe to create as standalone product if this row should enter pool.
candidate_0506,single_drink,create_product_then_link_source_drinks,凌晨四点,,,赤屿谷盗,赤屿谷盗,爱尔兰干世涛,4.5,,海南,,https://agtujigvxxdppngirqtu.supabase.co/storage/v1/object/public/taplist-media/831db2a1-ee47-4d88-9c0b-3e19a5668d6d/drinks/39eea56d-659e-4192-b08f-10cc4ad7d194/no-menu-beer-artwork__58_.jpg,,,active,production_drinks_2026-06-30_conservative_exact_key,1,1,1,1,39eea56d-659e-4192-b08f-10cc4ad7d194,831db2a1-ee47-4d88-9c0b-3e19a5668d6d,凌晨四点,赤屿谷盗,赤屿谷盗,Single source drink; safe to create as standalone product if this row should enter pool.
candidate_0620,single_drink,create_product_then_link_source_drinks,凌镜之外,,,艾尔复兴*HAAS,艾尔复兴*HAAS,新英格兰帝国IPA,8.5,,美国,,https://agtujigvxxdppngirqtu.supabase.co/storage/v1/object/public/taplist-media/7cce9b27-acd5-4bdc-a302-153c8245a1c1/drinks/b8190e08-30c2-4dac-bde3-7f0922e182d9/out_of_the_prysm.png,,,active,production_drinks_2026-06-30_conservative_exact_key,1,1,1,1,b8190e08-30c2-4dac-bde3-7f0922e182d9,7cce9b27-acd5-4bdc-a302-153c8245a1c1,凌镜之外,艾尔复兴*HAAS,艾尔复兴*HAAS,Single source drink; safe to create as standalone product if this row should enter pool.
candidate_0359,single_drink,create_product_then_link_source_drinks,流连忘返3号,,,善良胡夫,善良胡夫,淡色艾尔,6,,美国,,https://agtujigvxxdppngirqtu.supabase.co/storage/v1/object/public/taplist-media/7aa1147c-5c8b-4c68-bc11-56ce34608689/drinks/f0df0a14-21ff-4aec-8ab1-94e07fe5e3c6/no-menu-beer-artwork_-_2026-06-08T022629.463.jpg,,,active,production_drinks_2026-06-30_conservative_exact_key,1,1,1,1,f0df0a14-21ff-4aec-8ab1-94e07fe5e3c6,7aa1147c-5c8b-4c68-bc11-56ce34608689,流连忘返3号,善良胡夫,善良胡夫,Single source drink; safe to create as standalone product if this row should enter pool.
candidate_0572,single_drink,create_product_then_link_source_drinks,卢比孔3,,,洛莱,洛莱,双倍新英格兰IPA,8.7,,美国,,https://agtujigvxxdppngirqtu.supabase.co/storage/v1/object/public/taplist-media/7aa1147c-5c8b-4c68-bc11-56ce34608689/drinks/7823d5f1-8a89-4eb4-acef-27bb226b7e41/no-menu-beer-artwork__25_.jpg,,,active,production_drinks_2026-06-30_conservative_exact_key,1,1,1,1,7823d5f1-8a89-4eb4-acef-27bb226b7e41,7aa1147c-5c8b-4c68-bc11-56ce34608689,卢比孔3,洛莱,洛莱,Single source drink; safe to create as standalone product if this row should enter pool.
candidate_0606,single_drink,create_product_then_link_source_drinks,曼彻斯特,,,云石,云石,苦啤,4.2,,英国,,https://agtujigvxxdppngirqtu.supabase.co/storage/v1/object/public/taplist-media/de4207d0-d3c8-455a-8450-0d5b3e846ff0/drinks/50c7878d-be7b-4be2-8272-e33f45527126/no-menu-beer-artwork__47_.jpg,,,active,production_drinks_2026-06-30_conservative_exact_key,1,1,1,1,50c7878d-be7b-4be2-8272-e33f45527126,de4207d0-d3c8-455a-8450-0d5b3e846ff0,曼彻斯特,云石,云石,Single source drink; safe to create as standalone product if this row should enter pool.
candidate_0570,single_drink,create_product_then_link_source_drinks,芒果拉达城市酸饮,,,邪恶双子,邪恶双子,水果酸艾尔,6.5,,美国,,https://agtujigvxxdppngirqtu.supabase.co/storage/v1/object/public/taplist-media/283206e3-22d9-4a54-b8a5-70694b1ec062/drinks/286fb6b9-d43f-4a08-ae01-cfe9b5d8c5d7/no-menu-beer-artwork__10_.jpg,,,active,production_drinks_2026-06-30_conservative_exact_key,1,1,1,1,286fb6b9-d43f-4a08-ae01-cfe9b5d8c5d7,283206e3-22d9-4a54-b8a5-70694b1ec062,芒果拉达城市酸饮,邪恶双子,邪恶双子,Single source drink; safe to create as standalone product if this row should enter pool.
candidate_0668,single_drink,create_product_then_link_source_drinks,美洲豹,,,分野&谷语者,分野&谷语者,墨西哥拉格,5,,,,https://agtujigvxxdppngirqtu.supabase.co/storage/v1/object/public/taplist-media/82bf1237-e90c-4379-a2bc-a6dad2726b93/drinks/5b71ded6-560e-45b0-b330-6704e67a65d7/_____________.jpg,,,active,production_drinks_2026-06-30_conservative_exact_key,1,1,1,1,5b71ded6-560e-45b0-b330-6704e67a65d7,82bf1237-e90c-4379-a2bc-a6dad2726b93,美洲豹,分野&谷语者,分野&谷语者,Single source drink; safe to create as standalone product if this row should enter pool.
candidate_0564,single_drink,create_product_then_link_source_drinks,朦胧的梦 八周年内测版,,,明日酿造,明日酿造,TDH双倍浑浊IPA,8,,上海,,https://agtujigvxxdppngirqtu.supabase.co/storage/v1/object/public/taplist-media/1cff208a-4424-4867-966d-a7839ac59f6f/drinks/39b7cfbf-c41a-4a00-b90b-0a01cdc2f44e/no-menu-beer-artwork__16_.jpg,,,active,production_drinks_2026-06-30_conservative_exact_key,1,1,1,1,39b7cfbf-c41a-4a00-b90b-0a01cdc2f44e,1cff208a-4424-4867-966d-a7839ac59f6f,朦胧的梦 八周年内测版,明日酿造,明日酿造,Single source drink; safe to create as standalone product if this row should enter pool.
candidate_0458,single_drink,create_product_then_link_source_drinks,梦,,,疯熊,疯熊,西海岸淡色艾尔,5.2,,广州,,https://agtujigvxxdppngirqtu.supabase.co/storage/v1/object/public/taplist-media/283206e3-22d9-4a54-b8a5-70694b1ec062/drinks/2a8ce81b-08fd-4506-9947-44239d56b481/no-menu-beer-artwork__25_.jpg,,,active,production_drinks_2026-06-30_conservative_exact_key,1,1,1,1,2a8ce81b-08fd-4506-9947-44239d56b481,283206e3-22d9-4a54-b8a5-70694b1ec062,梦,疯熊,疯熊,Single source drink; safe to create as standalone product if this row should enter pool.
candidate_0294,single_drink,create_product_then_link_source_drinks,梦想,,,郡区,郡区,咖啡世涛,6.8,,美国,,,,,active,production_drinks_2026-06-30_conservative_exact_key,1,1,1,1,56963ff8-99f1-42c4-838a-61cc1072af90,57d005da-1193-4bd2-955a-ef6b9653516d,梦想,郡区,郡区,Single source drink; safe to create as standalone product if this row should enter pool.
candidate_0384,single_drink,create_product_then_link_source_drinks,迷离万象,,,E.T.,E.T.,四倍芒果果泥浑浊IPA,5.2,,,,https://agtujigvxxdppngirqtu.supabase.co/storage/v1/object/public/taplist-media/b4c33fea-51e3-426d-9dfa-b13947153ac2/drinks/0c9e8c30-57bb-448c-9097-e96e984db507/no-menu-beer-artwork__9_.jpg,,,active,production_drinks_2026-06-30_conservative_exact_key,1,1,1,1,0c9e8c30-57bb-448c-9097-e96e984db507,b4c33fea-51e3-426d-9dfa-b13947153ac2,迷离万象,E.T.,E.T.,Single source drink; safe to create as standalone product if this row should enter pool.
candidate_0324,single_drink,create_product_then_link_source_drinks,米兰日落,,,艾尔复兴,艾尔复兴,新英格兰 IPA,7.9,,美国,,,,,active,production_drinks_2026-06-30_conservative_exact_key,1,1,1,1,60479329-acac-4640-aa01-58966ba7f587,283206e3-22d9-4a54-b8a5-70694b1ec062,米兰日落,艾尔复兴,艾尔复兴,Single source drink; safe to create as standalone product if this row should enter pool.
candidate_0678,single_drink,create_product_then_link_source_drinks,蜜瓜龙,,,小荷,小荷,双倍浑浊干投IPA,7.5,,合肥,,https://agtujigvxxdppngirqtu.supabase.co/storage/v1/object/public/taplist-media/57d005da-1193-4bd2-955a-ef6b9653516d/drinks/7209cbc5-19c3-42a9-9927-c472ae545f08/no-menu-beer-artwork__14_.jpg,,,active,production_drinks_2026-06-30_conservative_exact_key,1,1,1,1,7209cbc5-19c3-42a9-9927-c472ae545f08,57d005da-1193-4bd2-955a-ef6b9653516d,蜜瓜龙,小荷,小荷,Single source drink; safe to create as standalone product if this row should enter pool.
candidate_0653,single_drink,create_product_then_link_source_drinks,蜜瓜龙2.0,,,小荷,小荷,双倍干投双倍浑浊IPA,7.5,,合肥,,https://agtujigvxxdppngirqtu.supabase.co/storage/v1/object/public/taplist-media/27c1beca-c912-4f4a-bee5-3ccf0e5d981f/drinks/5d63304d-4d37-450b-a8c9-ae32e300534f/no-menu-beer-artwork__14_.jpg,,,active,production_drinks_2026-06-30_conservative_exact_key,1,1,1,1,5d63304d-4d37-450b-a8c9-ae32e300534f,27c1beca-c912-4f4a-bee5-3ccf0e5d981f,蜜瓜龙2.0,小荷,小荷,Single source drink; safe to create as standalone product if this row should enter pool.
candidate_0642,single_drink,create_product_then_link_source_drinks,蜜瓜梦,,,风险酿造,风险酿造,蜜瓜龙双倍干投单一酒花IPA,5.5,,,,https://agtujigvxxdppngirqtu.supabase.co/storage/v1/object/public/taplist-media/487685c5-99f1-463c-9e19-9eeea1cf6699/drinks/c441ab3b-4491-4d8a-9568-dfa3a20e211a/no-menu-beer-artwork__32_.jpg,,,active,production_drinks_2026-06-30_conservative_exact_key,1,1,1,1,c441ab3b-4491-4d8a-9568-dfa3a20e211a,487685c5-99f1-463c-9e19-9eeea1cf6699,蜜瓜梦,风险酿造,风险酿造,Single source drink; safe to create as standalone product if this row should enter pool.
candidate_0611,single_drink,create_product_then_link_source_drinks,喵熏,,,Alus,Alus,覆盆子酸塞松,4.7,,深圳,,https://agtujigvxxdppngirqtu.supabase.co/storage/v1/object/public/taplist-media/4d1da7d9-8b21-4706-b535-355b9ff79388/drinks/1b6e5554-f5c8-495e-82b6-3148b5ebc4e4/no-menu-beer-artwork__53_.jpg,覆盆子｜明亮酸｜辛香,覆盆子｜明亮酸｜辛香,active,production_drinks_2026-06-30_conservative_exact_key,1,1,1,1,1b6e5554-f5c8-495e-82b6-3148b5ebc4e4,4d1da7d9-8b21-4706-b535-355b9ff79388,喵熏,Alus,Alus,Single source drink; safe to create as standalone product if this row should enter pool.
candidate_0454,single_drink,create_product_then_link_source_drinks,命令行编译,,,矛盾体,矛盾体,波罗的海波特,7.7,,美国,,https://agtujigvxxdppngirqtu.supabase.co/storage/v1/object/public/taplist-media/7aa1147c-5c8b-4c68-bc11-56ce34608689/drinks/8e4494b5-c980-4ba7-8ea1-29f8994182e7/no-menu-beer-artwork__10_.jpg,,,active,production_drinks_2026-06-30_conservative_exact_key,1,1,1,1,8e4494b5-c980-4ba7-8ea1-29f8994182e7,7aa1147c-5c8b-4c68-bc11-56ce34608689,命令行编译,矛盾体,矛盾体,Single source drink; safe to create as standalone product if this row should enter pool.
candidate_0533,single_drink,create_product_then_link_source_drinks,摩卡,,,天使之翼,天使之翼,美式棕色艾尔,6.5,,美国,,,,,active,production_drinks_2026-06-30_conservative_exact_key,1,1,1,1,b7601586-8652-43b8-a8ea-a70b9cfbbd5d,7cce9b27-acd5-4bdc-a302-153c8245a1c1,摩卡,天使之翼,天使之翼,Single source drink; safe to create as standalone product if this row should enter pool.
candidate_0339,single_drink,create_product_then_link_source_drinks,暮光犹存,,,半颠,半颠,捷克深色拉格,,,,,https://agtujigvxxdppngirqtu.supabase.co/storage/v1/object/public/taplist-media/00000000-0000-0000-0000-000000000001/drinks/aa41de78-62d7-4708-9e75-12625e979a48/no-menu-beer-artwork_-_2026-06-07T180907.195.jpg,,,active,production_drinks_2026-06-30_conservative_exact_key,1,1,1,1,aa41de78-62d7-4708-9e75-12625e979a48,00000000-0000-0000-0000-000000000001,暮光犹存,半颠,半颠,Single source drink; safe to create as standalone product if this row should enter pool.
candidate_0372,single_drink,create_product_then_link_source_drinks,南半球漂流,,,云朴,云朴,摩登西海岸IPA,6.4,,云南,,https://agtujigvxxdppngirqtu.supabase.co/storage/v1/object/public/taplist-media/da21ab4e-93f7-49ca-8318-15fcbae24a93/drinks/3b2bd6ae-2fa7-4d06-8411-3af65078a278/no-menu-beer-artwork__2_.jpg,,,active,production_drinks_2026-06-30_conservative_exact_key,1,1,1,1,3b2bd6ae-2fa7-4d06-8411-3af65078a278,da21ab4e-93f7-49ca-8318-15fcbae24a93,南半球漂流,云朴,云朴,Single source drink; safe to create as standalone product if this row should enter pool.
candidate_0230,single_drink,create_product_then_link_source_drinks,内个周五十一点半有个哥们进来就吐两个小时，吐了四次吐得很准非常感谢,,,撬啤酿造,撬啤酿造,血橙酸 IPA,6.4,20,,,https://agtujigvxxdppngirqtu.supabase.co/storage/v1/object/public/taplist-media/d897a73b-37fb-4c57-af0f-79d8759173cb/drinks/f662a2db-2b1e-4104-ad40-eab82446573f/no-menu-beer-artwork__48_.jpg,,,active,production_drinks_2026-06-30_conservative_exact_key,1,1,1,1,f662a2db-2b1e-4104-ad40-eab82446573f,d897a73b-37fb-4c57-af0f-79d8759173cb,内个周五十一点半有个哥们进来就吐两个小时，吐了四次吐得很准非常感谢,撬啤酿造,撬啤酿造,Single source drink; safe to create as standalone product if this row should enter pool.
candidate_0675,single_drink,create_product_then_link_source_drinks,内陆,,,蔓延,蔓延,西海岸IPA,6.1,,武汉,,https://agtujigvxxdppngirqtu.supabase.co/storage/v1/object/public/taplist-media/44a4429c-fb70-47a5-923b-370fce8f167e/drinks/2e812c08-cb4a-49aa-bb42-aa6592028365/no-menu-beer-artwork__23_.jpg,,,active,production_drinks_2026-06-30_conservative_exact_key,1,1,1,1,2e812c08-cb4a-49aa-bb42-aa6592028365,44a4429c-fb70-47a5-923b-370fce8f167e,内陆,蔓延,蔓延,Single source drink; safe to create as standalone product if this row should enter pool.
candidate_0555,single_drink,create_product_then_link_source_drinks,你喝了没,,,沉降酿造,沉降酿造,西梅柏林酸小麦,4.8,,佛山,,https://agtujigvxxdppngirqtu.supabase.co/storage/v1/object/public/taplist-media/44a4429c-fb70-47a5-923b-370fce8f167e/drinks/d502b6a9-0f7a-41ac-97ea-d7fbcb8dba4c/no-menu-beer-artwork__8_.jpg,,,active,production_drinks_2026-06-30_conservative_exact_key,1,1,1,1,d502b6a9-0f7a-41ac-97ea-d7fbcb8dba4c,44a4429c-fb70-47a5-923b-370fce8f167e,你喝了没,沉降酿造,沉降酿造,Single source drink; safe to create as standalone product if this row should enter pool.
candidate_0388,single_drink,create_product_then_link_source_drinks,溺海之柚,,,小发发,小发发,红柚水果拉德勒,3.4,,,,https://agtujigvxxdppngirqtu.supabase.co/storage/v1/object/public/taplist-media/b4c33fea-51e3-426d-9dfa-b13947153ac2/drinks/9b816e25-0543-41ac-a27a-1fa5fd971532/no-menu-beer-artwork__14_.jpg,,,active,production_drinks_2026-06-30_conservative_exact_key,1,1,1,1,9b816e25-0543-41ac-a27a-1fa5fd971532,b4c33fea-51e3-426d-9dfa-b13947153ac2,溺海之柚,小发发,小发发,Single source drink; safe to create as standalone product if this row should enter pool.
candidate_0122,single_drink,create_product_then_link_source_drinks,牛奶世涛,,,Left Hand,Left Hand,,,,,,https://images.unsplash.com/photo-1618885472179-5e474019f2a9?auto=format&fit=crop&w=900&q=80,,,active,production_drinks_2026-06-30_conservative_exact_key,1,1,1,1,d1000001-0001-4001-8001-000000000203,b1000001-0001-4001-8001-000000000002,牛奶世涛,Left Hand,Left Hand,Single source drink; safe to create as standalone product if this row should enter pool.
candidate_0551,single_drink,create_product_then_link_source_drinks,扭扭舞,,,山雀 x Good Good,山雀 x Good Good,意式皮尔森,4.5,,上海,,https://agtujigvxxdppngirqtu.supabase.co/storage/v1/object/public/taplist-media/00234890-ee30-4985-992d-98ab8ce1d5de/drinks/c48185b0-ea2e-4e67-b2c3-447b0f313f4c/no-menu-beer-artwork__2_.jpg,,,active,production_drinks_2026-06-30_conservative_exact_key,1,1,1,1,c48185b0-ea2e-4e67-b2c3-447b0f313f4c,00234890-ee30-4985-992d-98ab8ce1d5de,扭扭舞,山雀 x Good Good,山雀 x Good Good,Single source drink; safe to create as standalone product if this row should enter pool.
candidate_0142,single_drink,create_product_then_link_source_drinks,农舍艾尔,,,Jester King,Jester King,,,,,,https://images.unsplash.com/photo-1618184880380-8199e8b4eaa8?auto=format&fit=crop&w=900&q=80,,,active,production_drinks_2026-06-30_conservative_exact_key,1,1,1,1,d1000001-0001-4001-8001-000000000405,b1000001-0001-4001-8001-000000000004,农舍艾尔,Jester King,Jester King,Single source drink; safe to create as standalone product if this row should enter pool.
candidate_0476,single_drink,create_product_then_link_source_drinks,攀石,,,山雀,山雀,美式淡色艾尔,4.5,,上海嘉定,,https://agtujigvxxdppngirqtu.supabase.co/storage/v1/object/public/taplist-media/00234890-ee30-4985-992d-98ab8ce1d5de/drinks/1f40487e-4eb9-4547-bdc2-db1c1ba87458/no-menu-beer-artwork__22_.jpg,,,active,production_drinks_2026-06-30_conservative_exact_key,1,1,1,1,1f40487e-4eb9-4547-bdc2-db1c1ba87458,00234890-ee30-4985-992d-98ab8ce1d5de,攀石,山雀,山雀,Single source drink; safe to create as standalone product if this row should enter pool.
candidate_0682,single_drink,create_product_then_link_source_drinks,皮尔森,,,五岔街,五岔街,皮尔森,4.8,,英国,,https://agtujigvxxdppngirqtu.supabase.co/storage/v1/object/public/taplist-media/7cce9b27-acd5-4bdc-a302-153c8245a1c1/drinks/83cf37dc-df9b-4da6-85dd-c1c91c1f4415/__________.jpg,,,active,production_drinks_2026-06-30_conservative_exact_key,1,1,1,1,83cf37dc-df9b-4da6-85dd-c1c91c1f4415,7cce9b27-acd5-4bdc-a302-153c8245a1c1,皮尔森,五岔街,五岔街,Single source drink; safe to create as standalone product if this row should enter pool.
candidate_0626,single_drink,create_product_then_link_source_drinks,偏爱未知,,,左手巨人 x Dos Kiwis,左手巨人 x Dos Kiwis,现代西海岸IPA,6.4,,英国x西班牙,,https://agtujigvxxdppngirqtu.supabase.co/storage/v1/object/public/taplist-media/27c1beca-c912-4f4a-bee5-3ccf0e5d981f/drinks/33aaa345-7a9e-4d07-b937-5d0d2985b19b/______Dos_Kiwis_______.png,,,active,production_drinks_2026-06-30_conservative_exact_key,1,1,1,1,33aaa345-7a9e-4d07-b937-5d0d2985b19b,27c1beca-c912-4f4a-bee5-3ccf0e5d981f,偏爱未知,左手巨人 x Dos Kiwis,左手巨人 x Dos Kiwis,Single source drink; safe to create as standalone product if this row should enter pool.
candidate_0552,single_drink,create_product_then_link_source_drinks,祁门晨雾,,,山雀,山雀,祁门红茶橙花蜜酒,4,,上海,,https://agtujigvxxdppngirqtu.supabase.co/storage/v1/object/public/taplist-media/00234890-ee30-4985-992d-98ab8ce1d5de/drinks/5019ed3a-fe85-4399-a387-714511605b78/no-menu-beer-artwork.jpg,,,active,production_drinks_2026-06-30_conservative_exact_key,1,1,1,1,5019ed3a-fe85-4399-a387-714511605b78,00234890-ee30-4985-992d-98ab8ce1d5de,祁门晨雾,山雀,山雀,Single source drink; safe to create as standalone product if this row should enter pool.
candidate_0641,single_drink,create_product_then_link_source_drinks,奇卡诺,,,风险酿造,风险酿造,美式西海岸IPA,6.5,,,,https://agtujigvxxdppngirqtu.supabase.co/storage/v1/object/public/taplist-media/487685c5-99f1-463c-9e19-9eeea1cf6699/drinks/00d76255-bda0-4163-838f-a80179662b03/no-menu-beer-artwork__33_.jpg,,,active,production_drinks_2026-06-30_conservative_exact_key,1,1,1,1,00d76255-bda0-4163-838f-a80179662b03,487685c5-99f1-463c-9e19-9eeea1cf6699,奇卡诺,风险酿造,风险酿造,Single source drink; safe to create as standalone product if this row should enter pool.
candidate_0560,single_drink,create_product_then_link_source_drinks,潜行故障,,,哈德逊河谷,哈德逊河谷,酸IPA,7,,美国,,https://agtujigvxxdppngirqtu.supabase.co/storage/v1/object/public/taplist-media/57d005da-1193-4bd2-955a-ef6b9653516d/drinks/5526debd-5984-4254-a2b9-2dbc284ab05e/no-menu-beer-artwork__23_.jpg,,,active,production_drinks_2026-06-30_conservative_exact_key,1,1,1,1,5526debd-5984-4254-a2b9-2dbc284ab05e,57d005da-1193-4bd2-955a-ef6b9653516d,潜行故障,哈德逊河谷,哈德逊河谷,Single source drink; safe to create as standalone product if this row should enter pool.
candidate_0686,single_drink,create_product_then_link_source_drinks,青芒果芭乐,,,赤耳,赤耳,果泥酸艾,3,,,,https://agtujigvxxdppngirqtu.supabase.co/storage/v1/object/public/taplist-media/81a90487-39c9-46bb-b221-68ff631275d6/drinks/fac4034e-a2ac-4a3c-9953-bce54157ecc1/no-menu-beer-artwork__31_.jpg,,,active,production_drinks_2026-06-30_conservative_exact_key,1,1,1,1,fac4034e-a2ac-4a3c-9953-bce54157ecc1,81a90487-39c9-46bb-b221-68ff631275d6,青芒果芭乐,赤耳,赤耳,Single source drink; safe to create as standalone product if this row should enter pool.
candidate_0238,single_drink,create_product_then_link_source_drinks,清涧,,,洄游造物 / WayfarerLab,洄游造物 / WayfarerLab,柚子柠檬仙蒂 / Shandy,4.2,,广州,,https://agtujigvxxdppngirqtu.supabase.co/storage/v1/object/public/taplist-media/831db2a1-ee47-4d88-9c0b-3e19a5668d6d/drinks/9ce0bf17-1557-4628-a9e1-5e2c17f17a0f/no-menu-beer-artwork__52_.jpg,柠檬叶、柑橘和花香主导，融合柚子皮的清新与荷花空灵的水生清香，清爽的酒体中气泡升腾，柑橘的层次感包裹着夏日的海风。,柠檬叶、柑橘和花香主导，融合柚子皮的清新与荷花空灵的水生清香，清爽的酒体中气泡升腾，柑橘的层次感包裹着夏日的海风。,active,production_drinks_2026-06-30_conservative_exact_key,1,1,1,1,9ce0bf17-1557-4628-a9e1-5e2c17f17a0f,831db2a1-ee47-4d88-9c0b-3e19a5668d6d,清涧,洄游造物 / WayfarerLab,洄游造物 / WayfarerLab,Single source drink; safe to create as standalone product if this row should enter pool.
candidate_0674,single_drink,create_product_then_link_source_drinks,全新热门IPA,,,邪恶双子,邪恶双子,双倍干投IPA,6,,美国,,https://agtujigvxxdppngirqtu.supabase.co/storage/v1/object/public/taplist-media/283206e3-22d9-4a54-b8a5-70694b1ec062/drinks/0a681992-b9d3-4f09-9b39-be4386e1081c/no-menu-beer-artwork__24_.jpg,,,active,production_drinks_2026-06-30_conservative_exact_key,1,1,1,1,0a681992-b9d3-4f09-9b39-be4386e1081c,283206e3-22d9-4a54-b8a5-70694b1ec062,全新热门IPA,邪恶双子,邪恶双子,Single source drink; safe to create as standalone product if this row should enter pool.
candidate_0492,single_drink,create_product_then_link_source_drinks,拳击手,,,兴业,兴业,干世涛,4.8,,美国,,https://agtujigvxxdppngirqtu.supabase.co/storage/v1/object/public/taplist-media/a4f4002f-fccd-41dd-bbc5-153d30fc5385/drinks/21afc9cb-65d6-4913-b15e-e0baaf13b023/no-menu-beer-artwork__44_.jpg,,,active,production_drinks_2026-06-30_conservative_exact_key,1,1,1,1,21afc9cb-65d6-4913-b15e-e0baaf13b023,a4f4002f-fccd-41dd-bbc5-153d30fc5385,拳击手,兴业,兴业,Single source drink; safe to create as standalone product if this row should enter pool.
candidate_0635,single_drink,create_product_then_link_source_drinks,日出茶山,,,虽吾,虽吾,苹果香杏乌龙茶西打,3.5,,扬州,,https://agtujigvxxdppngirqtu.supabase.co/storage/v1/object/public/taplist-media/26597d55-8a12-4185-b3ef-cb9a3ac1773a/drinks/236b9227-08df-4770-a77f-4fed7ace176b/no-menu-event-image__3_.jpg,,,active,production_drinks_2026-06-30_conservative_exact_key,1,1,1,1,236b9227-08df-4770-a77f-4fed7ace176b,26597d55-8a12-4185-b3ef-cb9a3ac1773a,日出茶山,虽吾,虽吾,Single source drink; safe to create as standalone product if this row should enter pool.
candidate_0529,single_drink,create_product_then_link_source_drinks,乳酸阈值,,,山雀 x ORIGIN4,山雀 x ORIGIN4,酸IPA,7,,上海,,https://agtujigvxxdppngirqtu.supabase.co/storage/v1/object/public/taplist-media/00234890-ee30-4985-992d-98ab8ce1d5de/drinks/5fef98e7-4ef6-4aaa-abf6-3bf605a92d39/no-menu-beer-artwork__4_.jpg,,,active,production_drinks_2026-06-30_conservative_exact_key,1,1,1,1,5fef98e7-4ef6-4aaa-abf6-3bf605a92d39,00234890-ee30-4985-992d-98ab8ce1d5de,乳酸阈值,山雀 x ORIGIN4,山雀 x ORIGIN4,Single source drink; safe to create as standalone product if this row should enter pool.
candidate_0667,single_drink,create_product_then_link_source_drinks,桑葚葡萄,,,硬糖,硬糖,西打,4,,,,https://agtujigvxxdppngirqtu.supabase.co/storage/v1/object/public/taplist-media/82bf1237-e90c-4379-a2bc-a6dad2726b93/drinks/89e03dcd-2976-4d06-81b0-788cb29f99f2/no-menu-beer-artwork__15_.jpg,,,active,production_drinks_2026-06-30_conservative_exact_key,1,1,1,1,89e03dcd-2976-4d06-81b0-788cb29f99f2,82bf1237-e90c-4379-a2bc-a6dad2726b93,桑葚葡萄,硬糖,硬糖,Single source drink; safe to create as standalone product if this row should enter pool.
candidate_0610,single_drink,create_product_then_link_source_drinks,沙滩,,,Alus,Alus,浑浊IPA,6.9,,深圳,,https://agtujigvxxdppngirqtu.supabase.co/storage/v1/object/public/taplist-media/27c1beca-c912-4f4a-bee5-3ccf0e5d981f/drinks/ba8f89d2-6b62-467e-a285-13fd42b1cb49/no-menu-beer-artwork__5_.jpg,,,active,production_drinks_2026-06-30_conservative_exact_key,1,1,1,1,ba8f89d2-6b62-467e-a285-13fd42b1cb49,27c1beca-c912-4f4a-bee5-3ccf0e5d981f,沙滩,Alus,Alus,Single source drink; safe to create as standalone product if this row should enter pool.
candidate_0565,single_drink,create_product_then_link_source_drinks,山核桃覆盆子,,,勿幕,勿幕,酸世涛,8,,西安,,https://agtujigvxxdppngirqtu.supabase.co/storage/v1/object/public/taplist-media/13b6f277-ab0d-4c19-ba8a-d97a5af9f51d/drinks/ed8a9d45-ca50-44d1-970b-11198b6bf357/no-menu-beer-artwork__18_.jpg,,,active,production_drinks_2026-06-30_conservative_exact_key,1,1,1,1,ed8a9d45-ca50-44d1-970b-11198b6bf357,13b6f277-ab0d-4c19-ba8a-d97a5af9f51d,山核桃覆盆子,勿幕,勿幕,Single source drink; safe to create as standalone product if this row should enter pool.
candidate_0240,single_drink,create_product_then_link_source_drinks,山野拾荒者,,,航标精酿,航朴精酿,蜂蜜酒,7.1,,,,https://agtujigvxxdppngirqtu.supabase.co/storage/v1/object/public/taplist-media/d897a73b-37fb-4c57-af0f-79d8759173cb/drinks/4ad1d6f5-eceb-4f4e-bed2-da8db3d9f0c2/no-menu-beer-artwork__45_.jpg,,,active,production_drinks_2026-06-30_conservative_exact_key,1,1,1,1,4ad1d6f5-eceb-4f4e-bed2-da8db3d9f0c2,d897a73b-37fb-4c57-af0f-79d8759173cb,山野拾荒者,航标精酿,航朴精酿,Single source drink; safe to create as standalone product if this row should enter pool.
candidate_0344,single_drink,create_product_then_link_source_drinks,奢华冰冻池塘,,,鸭池,鸭池,水果古斯,9,,美国,,https://agtujigvxxdppngirqtu.supabase.co/storage/v1/object/public/taplist-media/c3af90db-9734-4750-927c-38f6b37fb3e0/drinks/8f32a5df-d13e-4b5e-b919-7db9b560e78f/no-menu-beer-artwork_-_2026-06-07T201747.961.jpg,,,active,production_drinks_2026-06-30_conservative_exact_key,1,1,1,1,8f32a5df-d13e-4b5e-b919-7db9b560e78f,c3af90db-9734-4750-927c-38f6b37fb3e0,奢华冰冻池塘,鸭池,鸭池,Single source drink; safe to create as standalone product if this row should enter pool.
candidate_0391,single_drink,create_product_then_link_source_drinks,生龙活虎,,,半颠,半颠,三倍干投双倍浑浊IPA,8,,,,https://agtujigvxxdppngirqtu.supabase.co/storage/v1/object/public/taplist-media/b4c33fea-51e3-426d-9dfa-b13947153ac2/drinks/8f785b19-0d5b-4874-ad18-e2f5cea176fb/no-menu-beer-artwork__8_.jpg,,,active,production_drinks_2026-06-30_conservative_exact_key,1,1,1,1,8f785b19-0d5b-4874-ad18-e2f5cea176fb,b4c33fea-51e3-426d-9dfa-b13947153ac2,生龙活虎,半颠,半颠,Single source drink; safe to create as standalone product if this row should enter pool.
candidate_0247,single_drink,create_product_then_link_source_drinks,失重-鲜酒花,,,双尾酿造/Twin Tails,双尾酿造/Twin Tails,DDH双倍西海岸IPA,8.6,,苏州,,https://agtujigvxxdppngirqtu.supabase.co/storage/v1/object/public/taplist-media/831db2a1-ee47-4d88-9c0b-3e19a5668d6d/drinks/d5b1b5b4-66c9-433a-a948-9bb7a97d97ff/no-menu-beer-artwork__64_.jpg,,,active,production_drinks_2026-06-30_conservative_exact_key,1,1,1,1,d5b1b5b4-66c9-433a-a948-9bb7a97d97ff,831db2a1-ee47-4d88-9c0b-3e19a5668d6d,失重-鲜酒花,双尾酿造/Twin Tails,双尾酿造/Twin Tails,Single source drink; safe to create as standalone product if this row should enter pool.
candidate_0629,single_drink,create_product_then_link_source_drinks,施坦格,,,小回酿造,小回酿造,科隆风格艾尔,5.4,,长春,,https://agtujigvxxdppngirqtu.supabase.co/storage/v1/object/public/taplist-media/26597d55-8a12-4185-b3ef-cb9a3ac1773a/drinks/2561cda7-3592-4936-a5da-82915290468f/no-menu-beer-artwork__16_.jpg,,,active,production_drinks_2026-06-30_conservative_exact_key,1,1,1,1,2561cda7-3592-4936-a5da-82915290468f,26597d55-8a12-4185-b3ef-cb9a3ac1773a,施坦格,小回酿造,小回酿造,Single source drink; safe to create as standalone product if this row should enter pool.
candidate_0378,single_drink,create_product_then_link_source_drinks,十月革命,,,城市酿造,城市酿造,血橙酸古斯,4,,,,https://agtujigvxxdppngirqtu.supabase.co/storage/v1/object/public/taplist-media/da21ab4e-93f7-49ca-8318-15fcbae24a93/drinks/70c3bec7-9a06-4490-b023-a21dbc7cc918/no-menu-beer-artwork.jpg,,,active,production_drinks_2026-06-30_conservative_exact_key,1,1,1,1,70c3bec7-9a06-4490-b023-a21dbc7cc918,da21ab4e-93f7-49ca-8318-15fcbae24a93,十月革命,城市酿造,城市酿造,Single source drink; safe to create as standalone product if this row should enter pool.
candidate_0226,single_drink,create_product_then_link_source_drinks,实验款,,,花雅酿造 / HARMO BREW,花雅酿造 / HARMO BREW,柳橙酸艾尔 / Orange Sour Ale,3.7,,烟台,,https://agtujigvxxdppngirqtu.supabase.co/storage/v1/object/public/taplist-media/831db2a1-ee47-4d88-9c0b-3e19a5668d6d/drinks/01dafeaa-44ce-4d21-ad46-c489ed506fa9/no-menu-beer-artwork__36_.jpg,,,active,production_drinks_2026-06-30_conservative_exact_key,1,1,1,1,01dafeaa-44ce-4d21-ad46-c489ed506fa9,831db2a1-ee47-4d88-9c0b-3e19a5668d6d,实验款,花雅酿造 / HARMO BREW,花雅酿造 / HARMO BREW,Single source drink; safe to create as standalone product if this row should enter pool.
candidate_0274,single_drink,create_product_then_link_source_drinks,拾伍,,,大师杯,大师杯,摩登西海岸 IPA,7,,,,https://agtujigvxxdppngirqtu.supabase.co/storage/v1/object/public/taplist-media/3d6cb427-a8c3-4583-a7c4-5a3ad9f5f787/drinks/a2819037-84cb-4c56-bc5f-4243078a8f58/_____20260604223641_98_60.jpg,,,active,production_drinks_2026-06-30_conservative_exact_key,1,1,1,1,a2819037-84cb-4c56-bc5f-4243078a8f58,3d6cb427-a8c3-4583-a7c4-5a3ad9f5f787,拾伍,大师杯,大师杯,Single source drink; safe to create as standalone product if this row should enter pool.
candidate_0636,single_drink,create_product_then_link_source_drinks,食野之苹,,,会饮酿造,会饮酿造,传统法式苹果酒,7,,北京,,https://agtujigvxxdppngirqtu.supabase.co/storage/v1/object/public/taplist-media/26597d55-8a12-4185-b3ef-cb9a3ac1773a/drinks/7ff42ed2-1b3c-45c9-8d07-3e99b62470ae/no-menu-beer-artwork__15_.jpg,,,active,production_drinks_2026-06-30_conservative_exact_key,1,1,1,1,7ff42ed2-1b3c-45c9-8d07-3e99b62470ae,26597d55-8a12-4185-b3ef-cb9a3ac1773a,食野之苹,会饮酿造,会饮酿造,Single source drink; safe to create as standalone product if this row should enter pool.
candidate_0117,single_drink,create_product_then_link_source_drinks,世涛,,,Guinness,Guinness,,,,,,https://images.unsplash.com/photo-1618885472179-5e474019f2a9?auto=format&fit=crop&w=900&q=80,,,active,production_drinks_2026-06-30_conservative_exact_key,1,1,1,1,d1000001-0001-4001-8001-000000000103,b1000001-0001-4001-8001-000000000001,世涛,Guinness,Guinness,Single source drink; safe to create as standalone product if this row should enter pool.
candidate_0436,single_drink,create_product_then_link_source_drinks,事故报告,,,坏骨头,坏骨头,双倍浑浊IPA,8.1,,加拿大,,https://agtujigvxxdppngirqtu.supabase.co/storage/v1/object/public/taplist-media/44a4429c-fb70-47a5-923b-370fce8f167e/drinks/4526ccfd-bb80-4a9f-a3bb-b9eec553abfe/no-menu-beer-artwork.jpg,,,active,production_drinks_2026-06-30_conservative_exact_key,1,1,1,1,4526ccfd-bb80-4a9f-a3bb-b9eec553abfe,44a4429c-fb70-47a5-923b-370fce8f167e,事故报告,坏骨头,坏骨头,Single source drink; safe to create as standalone product if this row should enter pool.
candidate_0579,single_drink,create_product_then_link_source_drinks,守望者,,,寻路者,寻路者,冷IPA,7.2,,美国,,https://agtujigvxxdppngirqtu.supabase.co/storage/v1/object/public/taplist-media/27c1beca-c912-4f4a-bee5-3ccf0e5d981f/drinks/d658c637-ad8b-4251-b8bc-e62730ccc74f/no-menu-beer-artwork__30_.jpg,,,active,production_drinks_2026-06-30_conservative_exact_key,1,1,1,1,d658c637-ad8b-4251-b8bc-e62730ccc74f,27c1beca-c912-4f4a-bee5-3ccf0e5d981f,守望者,寻路者,寻路者,Single source drink; safe to create as standalone product if this row should enter pool.
candidate_0121,single_drink,create_product_then_link_source_drinks,双倍浑浊,,,Tree House,Tree House,,,,,,https://images.unsplash.com/photo-1571613316887-6f8d5cbf7ef7?auto=format&fit=crop&w=900&q=80,,,active,production_drinks_2026-06-30_conservative_exact_key,1,1,1,1,d1000001-0001-4001-8001-000000000202,b1000001-0001-4001-8001-000000000002,双倍浑浊,Tree House,Tree House,Single source drink; safe to create as standalone product if this row should enter pool.
candidate_0521,single_drink,create_product_then_link_source_drinks,双倍拿撒勒,,,天使之翼,天使之翼,新英格兰帝国IPA,8.5,,美国,,https://agtujigvxxdppngirqtu.supabase.co/storage/v1/object/public/taplist-media/7cce9b27-acd5-4bdc-a302-153c8245a1c1/drinks/0abd7c94-e7c8-4437-9cfa-6d1ae6504f5c/wax_wings_double_nazareth.png,,,active,production_drinks_2026-06-30_conservative_exact_key,1,1,1,1,0abd7c94-e7c8-4437-9cfa-6d1ae6504f5c,7cce9b27-acd5-4bdc-a302-153c8245a1c1,双倍拿撒勒,天使之翼,天使之翼,Single source drink; safe to create as standalone product if this row should enter pool.
candidate_0625,single_drink,create_product_then_link_source_drinks,双城记,,,左手巨人,左手巨人,淡色艾尔,5.2,,英国,,https://agtujigvxxdppngirqtu.supabase.co/storage/v1/object/public/taplist-media/27c1beca-c912-4f4a-bee5-3ccf0e5d981f/drinks/b40e5293-990c-4d35-8728-b741cc8a70a2/no-menu-beer-artwork__14_.jpg,,,active,production_drinks_2026-06-30_conservative_exact_key,1,1,1,1,b40e5293-990c-4d35-8728-b741cc8a70a2,27c1beca-c912-4f4a-bee5-3ccf0e5d981f,双城记,左手巨人,左手巨人,Single source drink; safe to create as standalone product if this row should enter pool.
candidate_0241,single_drink,create_product_then_link_source_drinks,双料小麦博克,,,巴伐利亚武僧,巴伐利亚武僧,双料小麦博克,7.9,20,,,,,,active,production_drinks_2026-06-30_conservative_exact_key,1,1,1,1,375e1509-de29-4a38-b4a9-0087e518d288,d897a73b-37fb-4c57-af0f-79d8759173cb,双料小麦博克,巴伐利亚武僧,巴伐利亚武僧,Single source drink; safe to create as standalone product if this row should enter pool.
candidate_0581,single_drink,create_product_then_link_source_drinks,双重黑喵,,,生命长河,生命长河,双倍浑浊IPA,7.5,,美国,,https://agtujigvxxdppngirqtu.supabase.co/storage/v1/object/public/taplist-media/de4207d0-d3c8-455a-8450-0d5b3e846ff0/drinks/043a989c-61bf-498f-9966-ddc5fd7c07fc/no-menu-beer-artwork__39_.jpg,,,active,production_drinks_2026-06-30_conservative_exact_key,1,1,1,1,043a989c-61bf-498f-9966-ddc5fd7c07fc,de4207d0-d3c8-455a-8450-0d5b3e846ff0,双重黑喵,生命长河,生命长河,Single source drink; safe to create as standalone product if this row should enter pool.
candidate_0124,single_drink,create_product_then_link_source_drinks,水果酸啤,,,The Bruery,The Bruery,,,,,,https://images.unsplash.com/photo-1618184880380-8199e8b4eaa8?auto=format&fit=crop&w=900&q=80,,,active,production_drinks_2026-06-30_conservative_exact_key,1,1,1,1,d1000001-0001-4001-8001-000000000205,b1000001-0001-4001-8001-000000000002,水果酸啤,The Bruery,The Bruery,Single source drink; safe to create as standalone product if this row should enter pool.
candidate_0200,single_drink,create_product_then_link_source_drinks,水晶拉格（第五批）,,,阿彭策尔,阿彭策尔,水晶拉格,,,瑞士,,https://agtujigvxxdppngirqtu.supabase.co/storage/v1/object/public/taplist-media/57d005da-1193-4bd2-955a-ef6b9653516d/drinks/517b604b-5c70-46a2-a829-adfcc7c4e07d/no-menu-beer-artwork__44_.jpg,,,active,production_drinks_2026-06-30_conservative_exact_key,1,1,1,1,517b604b-5c70-46a2-a829-adfcc7c4e07d,57d005da-1193-4bd2-955a-ef6b9653516d,水晶拉格（第五批）,阿彭策尔,阿彭策尔,Single source drink; safe to create as standalone product if this row should enter pool.
candidate_0684,single_drink,create_product_then_link_source_drinks,水库浪子,,,撬啤酿造,撬啤酿造,过干白葡萄酒桶帝国古斯,7.4,,,,,,,active,production_drinks_2026-06-30_conservative_exact_key,1,1,1,1,16a63f53-23fd-44d4-ba41-84f5f75f3489,d897a73b-37fb-4c57-af0f-79d8759173cb,水库浪子,撬啤酿造,撬啤酿造,Single source drink; safe to create as standalone product if this row should enter pool.
candidate_0420,single_drink,create_product_then_link_source_drinks,水库浪子 桔柚π,,,撬啤酿造,撬啤酿造,帝国古斯,7,10,,,https://agtujigvxxdppngirqtu.supabase.co/storage/v1/object/public/taplist-media/d897a73b-37fb-4c57-af0f-79d8759173cb/drinks/ff065f19-c9a6-4c65-8fd7-a61cbd3a0c0f/no-menu-beer-artwork__17_.jpg,,,active,production_drinks_2026-06-30_conservative_exact_key,1,1,1,1,ff065f19-c9a6-4c65-8fd7-a61cbd3a0c0f,d897a73b-37fb-4c57-af0f-79d8759173cb,水库浪子 桔柚π,撬啤酿造,撬啤酿造,Single source drink; safe to create as standalone product if this row should enter pool.
candidate_0437,single_drink,create_product_then_link_source_drinks,松脆博伊斯,,,三子,三子,拉格,4.2,,美国,,https://agtujigvxxdppngirqtu.supabase.co/storage/v1/object/public/taplist-media/57d005da-1193-4bd2-955a-ef6b9653516d/drinks/0bdc2037-5f86-41f1-9f20-c99d57486f79/no-menu-beer-artwork__7_.jpg,,,active,production_drinks_2026-06-30_conservative_exact_key,1,1,1,1,0bdc2037-5f86-41f1-9f20-c99d57486f79,57d005da-1193-4bd2-955a-ef6b9653516d,松脆博伊斯,三子,三子,Single source drink; safe to create as standalone product if this row should enter pool.
candidate_0501,single_drink,create_product_then_link_source_drinks,松果天梯,,,西澳山脊,西澳山脊,西海岸IPA,7.5,,澳大利亚,,,,,active,production_drinks_2026-06-30_conservative_exact_key,1,1,1,1,204ede6f-d4a4-4485-a22e-5a8adf20b87d,57d005da-1193-4bd2-955a-ef6b9653516d,松果天梯,西澳山脊,西澳山脊,Single source drink; safe to create as standalone product if this row should enter pool.
candidate_0594,single_drink,create_product_then_link_source_drinks,松荫,,,HES PER,HES PER,西海岸酸IPA,6.5,,东莞,,https://agtujigvxxdppngirqtu.supabase.co/storage/v1/object/public/taplist-media/3d6cb427-a8c3-4583-a7c4-5a3ad9f5f787/drinks/c81f39f2-42c1-419d-b5cc-64dd2affcb7c/no-menu-beer-artwork__42_.jpg,,,active,production_drinks_2026-06-30_conservative_exact_key,1,1,1,1,c81f39f2-42c1-419d-b5cc-64dd2affcb7c,3d6cb427-a8c3-4583-a7c4-5a3ad9f5f787,松荫,HES PER,HES PER,Single source drink; safe to create as standalone product if this row should enter pool.
candidate_0373,single_drink,create_product_then_link_source_drinks,速溶绿色,,,另一半,另一半,浑浊IPA,6.2,,美国,,,,,active,production_drinks_2026-06-30_conservative_exact_key,1,1,1,1,bc1bb558-d803-40c9-bc09-c1946da2b4ee,da21ab4e-93f7-49ca-8318-15fcbae24a93,速溶绿色,另一半,另一半,Single source drink; safe to create as standalone product if this row should enter pool.
candidate_0389,single_drink,create_product_then_link_source_drinks,酸味主义,,,有什酿造,有什酿造,酸混浊IPA,5.2,,,,https://agtujigvxxdppngirqtu.supabase.co/storage/v1/object/public/taplist-media/b4c33fea-51e3-426d-9dfa-b13947153ac2/drinks/052bfc47-3ad7-4b9a-988e-6cd5f6a85e67/no-menu-beer-artwork__12_.jpg,,,active,production_drinks_2026-06-30_conservative_exact_key,1,1,1,1,052bfc47-3ad7-4b9a-988e-6cd5f6a85e67,b4c33fea-51e3-426d-9dfa-b13947153ac2,酸味主义,有什酿造,有什酿造,Single source drink; safe to create as standalone product if this row should enter pool.
candidate_0513,single_drink,create_product_then_link_source_drinks,酸IPA万岁,,,邪恶双子,邪恶双子,水果酸艾尔,7,,美国,,https://agtujigvxxdppngirqtu.supabase.co/storage/v1/object/public/taplist-media/283206e3-22d9-4a54-b8a5-70694b1ec062/drinks/d8746e92-2944-46ab-b867-f5ae9e03dcd2/no-menu-beer-artwork__61_.jpg,,,active,production_drinks_2026-06-30_conservative_exact_key,1,1,1,1,d8746e92-2944-46ab-b867-f5ae9e03dcd2,283206e3-22d9-4a54-b8a5-70694b1ec062,酸IPA万岁,邪恶双子,邪恶双子,Single source drink; safe to create as standalone product if this row should enter pool.
candidate_0330,single_drink,create_product_then_link_source_drinks,岁寒 柏木酒酸,,,无毛用,无毛用,高温蒸汽拉格,4.3,,,,,,,active,production_drinks_2026-06-30_conservative_exact_key,1,1,1,1,c62adefc-1087-454b-9f17-306e34a04496,1cff208a-4424-4867-966d-a7839ac59f6f,岁寒 柏木酒酸,无毛用,无毛用,Single source drink; safe to create as standalone product if this row should enter pool.
candidate_0646,single_drink,create_product_then_link_source_drinks,燧石与板岩,,,鼻行兽,鼻行兽,绿豆蔻盐渍菠萝古斯,6.5,,,,https://agtujigvxxdppngirqtu.supabase.co/storage/v1/object/public/taplist-media/487685c5-99f1-463c-9e19-9eeea1cf6699/drinks/24ee823e-1940-443b-89ce-e1e3a002cb80/no-menu-beer-artwork__27_.jpg,,,active,production_drinks_2026-06-30_conservative_exact_key,1,1,1,1,24ee823e-1940-443b-89ce-e1e3a002cb80,487685c5-99f1-463c-9e19-9eeea1cf6699,燧石与板岩,鼻行兽,鼻行兽,Single source drink; safe to create as standalone product if this row should enter pool.
candidate_0589,single_drink,create_product_then_link_source_drinks,太空之旅,,,欧米尼珀罗 × 僧侣,欧米尼珀罗 × 僧侣,三倍浑浊IPA,10,,瑞典,,https://agtujigvxxdppngirqtu.supabase.co/storage/v1/object/public/taplist-media/de4207d0-d3c8-455a-8450-0d5b3e846ff0/drinks/79473c41-d786-4000-952f-59f475c0ad6d/no-menu-beer-artwork__37_.jpg,,,active,production_drinks_2026-06-30_conservative_exact_key,1,1,1,1,79473c41-d786-4000-952f-59f475c0ad6d,de4207d0-d3c8-455a-8450-0d5b3e846ff0,太空之旅,欧米尼珀罗 × 僧侣,欧米尼珀罗 × 僧侣,Single source drink; safe to create as standalone product if this row should enter pool.
candidate_0553,single_drink,create_product_then_link_source_drinks,桃林漫步,,,野鹅,野鹅,三倍干投帝国浑浊,8.2,,石家庄,,https://agtujigvxxdppngirqtu.supabase.co/storage/v1/object/public/taplist-media/82bf1237-e90c-4379-a2bc-a6dad2726b93/drinks/55abf245-61e7-4ee8-ad6a-c8eaf866e4f1/no-menu-beer-artwork__6_.jpg,,,active,production_drinks_2026-06-30_conservative_exact_key,1,1,1,1,55abf245-61e7-4ee8-ad6a-c8eaf866e4f1,82bf1237-e90c-4379-a2bc-a6dad2726b93,桃林漫步,野鹅,野鹅,Single source drink; safe to create as standalone product if this row should enter pool.
candidate_0429,single_drink,create_product_then_link_source_drinks,桃桃农夫,,,费登斯,费登斯,新英格兰帝国IPA,8.5,,美国,,https://agtujigvxxdppngirqtu.supabase.co/storage/v1/object/public/taplist-media/7cce9b27-acd5-4bdc-a302-153c8245a1c1/drinks/576ac358-9ef4-43a5-b629-096e22443a05/no-menu-beer-artwork__10_.jpg,,,active,production_drinks_2026-06-30_conservative_exact_key,1,1,1,1,576ac358-9ef4-43a5-b629-096e22443a05,7cce9b27-acd5-4bdc-a302-153c8245a1c1,桃桃农夫,费登斯,费登斯,Single source drink; safe to create as standalone product if this row should enter pool.
candidate_0643,single_drink,create_product_then_link_source_drinks,鸵鸟的牙,,,TAPSTAR,TAPSTAR,双倍IPA,8.5,,,,https://agtujigvxxdppngirqtu.supabase.co/storage/v1/object/public/taplist-media/487685c5-99f1-463c-9e19-9eeea1cf6699/drinks/ae4ad69f-878d-4b35-8dc3-3ee081d6054f/no-menu-beer-artwork__31_.jpg,,,active,production_drinks_2026-06-30_conservative_exact_key,1,1,1,1,ae4ad69f-878d-4b35-8dc3-3ee081d6054f,487685c5-99f1-463c-9e19-9eeea1cf6699,鸵鸟的牙,TAPSTAR,TAPSTAR,Single source drink; safe to create as standalone product if this row should enter pool.
candidate_0556,single_drink,create_product_then_link_source_drinks,王座的呼唤,,,欧米尼珀罗X特伦,欧米尼珀罗X特伦,TDH三倍浑浊IPA,9,,瑞典,,https://agtujigvxxdppngirqtu.supabase.co/storage/v1/object/public/taplist-media/57d005da-1193-4bd2-955a-ef6b9653516d/drinks/eef2d422-6aab-474e-b883-3e18b5ab1c90/no-menu-beer-artwork__11_.jpg,,,active,production_drinks_2026-06-30_conservative_exact_key,1,1,1,1,eef2d422-6aab-474e-b883-3e18b5ab1c90,57d005da-1193-4bd2-955a-ef6b9653516d,王座的呼唤,欧米尼珀罗X特伦,欧米尼珀罗X特伦,Single source drink; safe to create as standalone product if this row should enter pool.
candidate_0633,single_drink,create_product_then_link_source_drinks,维京征服,,,三子酿造,三子酿造,波罗的海波特,9,,美国,,https://agtujigvxxdppngirqtu.supabase.co/storage/v1/object/public/taplist-media/26597d55-8a12-4185-b3ef-cb9a3ac1773a/drinks/c91c58f2-d6eb-4b64-8e58-d7153cfb1165/no-menu-beer-artwork__20_.jpg,,,active,production_drinks_2026-06-30_conservative_exact_key,1,1,1,1,c91c58f2-d6eb-4b64-8e58-d7153cfb1165,26597d55-8a12-4185-b3ef-cb9a3ac1773a,维京征服,三子酿造,三子酿造,Single source drink; safe to create as standalone product if this row should enter pool.
candidate_0561,single_drink,create_product_then_link_source_drinks,为生活干杯,,,比尔斯兄弟,比尔斯兄弟,帝国IPA,7.8,,美国,,https://agtujigvxxdppngirqtu.supabase.co/storage/v1/object/public/taplist-media/c3af90db-9734-4750-927c-38f6b37fb3e0/drinks/2343fc8a-207e-4fba-8d57-063823a6317b/no-menu-beer-artwork__13_.jpg,,,active,production_drinks_2026-06-30_conservative_exact_key,1,1,1,1,2343fc8a-207e-4fba-8d57-063823a6317b,c3af90db-9734-4750-927c-38f6b37fb3e0,为生活干杯,比尔斯兄弟,比尔斯兄弟,Single source drink; safe to create as standalone product if this row should enter pool.
candidate_0287,single_drink,create_product_then_link_source_drinks,文财神,,,麳麰,麳麰,皮尔森,5.5,,烟台,,https://agtujigvxxdppngirqtu.supabase.co/storage/v1/object/public/taplist-media/44a4429c-fb70-47a5-923b-370fce8f167e/drinks/ab28a2d2-fe19-4965-9f8d-29abb71f0973/no-menu-beer-artwork__82_.jpg,,,active,production_drinks_2026-06-30_conservative_exact_key,1,1,1,1,ab28a2d2-fe19-4965-9f8d-29abb71f0973,44a4429c-fb70-47a5-923b-370fce8f167e,文财神,麳麰,麳麰,Single source drink; safe to create as standalone product if this row should enter pool.
candidate_0619,single_drink,create_product_then_link_source_drinks,文艺历史,,,黑烟囱,黑烟囱,新英格兰IPA,7.2,,美国,,https://agtujigvxxdppngirqtu.supabase.co/storage/v1/object/public/taplist-media/7cce9b27-acd5-4bdc-a302-153c8245a1c1/drinks/fbcab893-219f-4c14-8d07-db3019739c56/no-menu-beer-artwork__6_.jpg,,,active,production_drinks_2026-06-30_conservative_exact_key,1,1,1,1,fbcab893-219f-4c14-8d07-db3019739c56,7cce9b27-acd5-4bdc-a302-153c8245a1c1,文艺历史,黑烟囱,黑烟囱,Single source drink; safe to create as standalone product if this row should enter pool.
candidate_0520,single_drink,create_product_then_link_source_drinks,无限螺旋,,,野鹅,野鹅,DDH浑浊IPA,8.2,,,,https://agtujigvxxdppngirqtu.supabase.co/storage/v1/object/public/taplist-media/2c191730-69f6-4031-8256-91aa59e5bc52/drinks/d4412873-2f76-414a-a202-d7ff26ba2681/no-menu-beer-artwork__73_.jpg,,,active,production_drinks_2026-06-30_conservative_exact_key,1,1,1,1,d4412873-2f76-414a-a202-d7ff26ba2681,2c191730-69f6-4031-8256-91aa59e5bc52,无限螺旋,野鹅,野鹅,Single source drink; safe to create as standalone product if this row should enter pool.
candidate_0467,single_drink,create_product_then_link_source_drinks,无序 神圣祝福,,,艾尔复兴,艾尔复兴,甜点酸艾尔,5,,美国,,https://agtujigvxxdppngirqtu.supabase.co/storage/v1/object/public/taplist-media/c3af90db-9734-4750-927c-38f6b37fb3e0/drinks/b1aea2ab-7ded-4e47-8af9-28685f2598f1/no-menu-beer-artwork__31_.jpg,,,active,production_drinks_2026-06-30_conservative_exact_key,1,1,1,1,b1aea2ab-7ded-4e47-8af9-28685f2598f1,c3af90db-9734-4750-927c-38f6b37fb3e0,无序 神圣祝福,艾尔复兴,艾尔复兴,Single source drink; safe to create as standalone product if this row should enter pool.
candidate_0608,single_drink,create_product_then_link_source_drinks,无序家庭游戏,,,艾尔复兴,艾尔复兴,水果酸艾尔,5,,美国,,https://agtujigvxxdppngirqtu.supabase.co/storage/v1/object/public/taplist-media/de4207d0-d3c8-455a-8450-0d5b3e846ff0/drinks/4354051c-1ad6-40ff-a6c4-13df4a072863/no-menu-beer-artwork__48_.jpg,,,active,production_drinks_2026-06-30_conservative_exact_key,1,1,1,1,4354051c-1ad6-40ff-a6c4-13df4a072863,de4207d0-d3c8-455a-8450-0d5b3e846ff0,无序家庭游戏,艾尔复兴,艾尔复兴,Single source drink; safe to create as standalone product if this row should enter pool.
candidate_0680,single_drink,create_product_then_link_source_drinks,雾窗,,,僧侣,僧侣,双倍浑浊IPA,8.1,,美国,,https://agtujigvxxdppngirqtu.supabase.co/storage/v1/object/public/taplist-media/c3af90db-9734-4750-927c-38f6b37fb3e0/drinks/f5de9959-31f8-48aa-bc1c-270d9bd17538/no-menu-beer-artwork__27_.jpg,,,active,production_drinks_2026-06-30_conservative_exact_key,1,1,1,1,f5de9959-31f8-48aa-bc1c-270d9bd17538,c3af90db-9734-4750-927c-38f6b37fb3e0,雾窗,僧侣,僧侣,Single source drink; safe to create as standalone product if this row should enter pool.
candidate_0382,single_drink,create_product_then_link_source_drinks,西安Summer,,,秦人造,秦人造,陕南大米酒花拉格,5.5,,,,https://agtujigvxxdppngirqtu.supabase.co/storage/v1/object/public/taplist-media/b4c33fea-51e3-426d-9dfa-b13947153ac2/drinks/6246f3a3-e7e7-48c6-a8a0-8d07a9568370/no-menu-beer-artwork__13_.jpg,,,active,production_drinks_2026-06-30_conservative_exact_key,1,1,1,1,6246f3a3-e7e7-48c6-a8a0-8d07a9568370,b4c33fea-51e3-426d-9dfa-b13947153ac2,西安Summer,秦人造,秦人造,Single source drink; safe to create as standalone product if this row should enter pool.
candidate_0491,single_drink,create_product_then_link_source_drinks,西岸浮光,,,班克斯,班克斯,西海岸IPA,6.4,,澳大利亚,,https://agtujigvxxdppngirqtu.supabase.co/storage/v1/object/public/taplist-media/a4f4002f-fccd-41dd-bbc5-153d30fc5385/drinks/ffa874a5-748f-405d-9760-374d3b9fdf39/no-menu-beer-artwork__45_.jpg,,,active,production_drinks_2026-06-30_conservative_exact_key,1,1,1,1,ffa874a5-748f-405d-9760-374d3b9fdf39,a4f4002f-fccd-41dd-bbc5-153d30fc5385,西岸浮光,班克斯,班克斯,Single source drink; safe to create as standalone product if this row should enter pool.
candidate_0549,single_drink,create_product_then_link_source_drinks,西楚超临界,,,裂变,裂变,West Coast IPA,7.6,,佛山,,https://agtujigvxxdppngirqtu.supabase.co/storage/v1/object/public/taplist-media/4d1da7d9-8b21-4706-b535-355b9ff79388/drinks/e11280b5-6812-4b6e-bb48-050d0705d617/__________.jpg,,,active,production_drinks_2026-06-30_conservative_exact_key,1,1,1,1,e11280b5-6812-4b6e-bb48-050d0705d617,4d1da7d9-8b21-4706-b535-355b9ff79388,西楚超临界,裂变,裂变,Single source drink; safe to create as standalone product if this row should enter pool.
candidate_0374,single_drink,create_product_then_link_source_drinks,西瓜商店,,,赤耳,赤耳,椰奶西瓜绿茶轻果泥西打,4.1,,北京,,https://agtujigvxxdppngirqtu.supabase.co/storage/v1/object/public/taplist-media/da21ab4e-93f7-49ca-8318-15fcbae24a93/drinks/9e6821a2-9a19-41fd-af01-a470ebb2e880/no-menu-beer-artwork__1_.jpg,,,active,production_drinks_2026-06-30_conservative_exact_key,1,1,1,1,9e6821a2-9a19-41fd-af01-a470ebb2e880,da21ab4e-93f7-49ca-8318-15fcbae24a93,西瓜商店,赤耳,赤耳,Single source drink; safe to create as standalone product if this row should enter pool.
candidate_0115,single_drink,create_product_then_link_source_drinks,西海岸 IPA,,,Stone Brewing,Stone Brewing,,,,,,https://images.unsplash.com/photo-1600788886242-5c96aabe3757?auto=format&fit=crop&w=900&q=80,,,active,production_drinks_2026-06-30_conservative_exact_key,1,1,1,1,d1000001-0001-4001-8001-000000000101,b1000001-0001-4001-8001-000000000001,西海岸 IPA,Stone Brewing,Stone Brewing,Single source drink; safe to create as standalone product if this row should enter pool.
candidate_0591,single_drink,create_product_then_link_source_drinks,西西里橙,,,未索之境,未索之境,酸浑浊IPA,6.5,,成都,,https://agtujigvxxdppngirqtu.supabase.co/storage/v1/object/public/taplist-media/26597d55-8a12-4185-b3ef-cb9a3ac1773a/drinks/631fe0f7-273d-41c6-9a81-0486eec935a5/no-menu-event-image__2_.jpg,,,active,production_drinks_2026-06-30_conservative_exact_key,1,1,1,1,631fe0f7-273d-41c6-9a81-0486eec935a5,26597d55-8a12-4185-b3ef-cb9a3ac1773a,西西里橙,未索之境,未索之境,Single source drink; safe to create as standalone product if this row should enter pool.
candidate_0595,single_drink,create_product_then_link_source_drinks,夏沁,,,HES PER,HES PER,酒花酸拉格,5,,东莞,,https://agtujigvxxdppngirqtu.supabase.co/storage/v1/object/public/taplist-media/3d6cb427-a8c3-4583-a7c4-5a3ad9f5f787/drinks/20c134e8-2f7e-4d56-9a48-90566ab5571c/no-menu-beer-artwork__41_.jpg,,,active,production_drinks_2026-06-30_conservative_exact_key,1,1,1,1,20c134e8-2f7e-4d56-9a48-90566ab5571c,3d6cb427-a8c3-4583-a7c4-5a3ad9f5f787,夏沁,HES PER,HES PER,Single source drink; safe to create as standalone product if this row should enter pool.
candidate_0531,single_drink,create_product_then_link_source_drinks,香草的天空,,,奇逸,奇逸,香草IPA,6.5,,,,https://agtujigvxxdppngirqtu.supabase.co/storage/v1/object/public/taplist-media/13b6f277-ab0d-4c19-ba8a-d97a5af9f51d/drinks/2c62ecf6-e5f3-4401-875f-262bb5f613ae/no-menu-beer-artwork__79_.jpg,,,active,production_drinks_2026-06-30_conservative_exact_key,1,1,1,1,2c62ecf6-e5f3-4401-875f-262bb5f613ae,13b6f277-ab0d-4c19-ba8a-d97a5af9f51d,香草的天空,奇逸,奇逸,Single source drink; safe to create as standalone product if this row should enter pool.
candidate_0652,single_drink,create_product_then_link_source_drinks,橡木桶酸,,,勃艮第女公爵,勃艮第女公爵,法兰德斯红艾尔,6.2,,比利时,,https://agtujigvxxdppngirqtu.supabase.co/storage/v1/object/public/taplist-media/81a90487-39c9-46bb-b221-68ff631275d6/drinks/9d9788fa-f38a-4988-8440-1944977bb5e8/no-menu-beer-artwork__6_.jpg,"一款用烘烤麦芽和啤酒花酿造，并进行混合式发酵的艾尔啤酒，甜美而富有水果风味，味道清新宜人。在发酵完成后，“勃艮第公爵”还会在橡木桶（波尔多二级名庄，金玫瑰—Chateau Gruaud Larose）中熟成数个月，因此赋予“勒艮第公爵”丰富的果香。
是数一数二的酸啤酒。","一款用烘烤麦芽和啤酒花酿造，并进行混合式发酵的艾尔啤酒，甜美而富有水果风味，味道清新宜人。在发酵完成后，“勃艮第公爵”还会在橡木桶（波尔多二级名庄，金玫瑰—Chateau Gruaud Larose）中熟成数个月，因此赋予“勒艮第公爵”丰富的果香。
是数一数二的酸啤酒。",active,production_drinks_2026-06-30_conservative_exact_key,1,1,1,1,9d9788fa-f38a-4988-8440-1944977bb5e8,81a90487-39c9-46bb-b221-68ff631275d6,橡木桶酸,勃艮第女公爵,勃艮第女公爵,Single source drink; safe to create as standalone product if this row should enter pool.
candidate_0664,single_drink,create_product_then_link_source_drinks,小青瓜有机农甜米泥,,,勿幕,勿幕,水果酸艾尔,3,,西安,,https://agtujigvxxdppngirqtu.supabase.co/storage/v1/object/public/taplist-media/283206e3-22d9-4a54-b8a5-70694b1ec062/drinks/d202d39c-1b7d-4c0a-b9ac-e142ae713f88/no-menu-beer-artwork__8_.jpg,入口是青瓜的清新，中段是米本身的香甜。,入口是青瓜的清新，中段是米本身的香甜。,active,production_drinks_2026-06-30_conservative_exact_key,1,1,1,1,d202d39c-1b7d-4c0a-b9ac-e142ae713f88,283206e3-22d9-4a54-b8a5-70694b1ec062,小青瓜有机农甜米泥,勿幕,勿幕,Single source drink; safe to create as standalone product if this row should enter pool.
candidate_0438,single_drink,create_product_then_link_source_drinks,小青龙,,,制乐厂,制乐厂,青提乌龙Cider,3,,南京,,https://agtujigvxxdppngirqtu.supabase.co/storage/v1/object/public/taplist-media/44a4429c-fb70-47a5-923b-370fce8f167e/drinks/5f3cc1c7-e205-4694-b310-467b2a41f4da/no-menu-beer-artwork__1_.jpg,,,active,production_drinks_2026-06-30_conservative_exact_key,1,1,1,1,5f3cc1c7-e205-4694-b310-467b2a41f4da,44a4429c-fb70-47a5-923b-370fce8f167e,小青龙,制乐厂,制乐厂,Single source drink; safe to create as standalone product if this row should enter pool.
candidate_0376,single_drink,create_product_then_link_source_drinks,小小4周年,,,另一半,另一半,双倍干投浑浊IPA,6.5,,美国,,,,,active,production_drinks_2026-06-30_conservative_exact_key,1,1,1,1,964be8b2-7dea-4211-b86b-5b18002eea8e,da21ab4e-93f7-49ca-8318-15fcbae24a93,小小4周年,另一半,另一半,Single source drink; safe to create as standalone product if this row should enter pool.
candidate_0435,single_drink,create_product_then_link_source_drinks,肖邦,,,酿造哲学,酿造哲学,波兰烟熏小麦,4,,上海,,,,,active,production_drinks_2026-06-30_conservative_exact_key,1,1,1,1,a2d8a88f-7802-42fd-b0d3-373553601671,4d1da7d9-8b21-4706-b535-355b9ff79388,肖邦,酿造哲学,酿造哲学,Single source drink; safe to create as standalone product if this row should enter pool.
candidate_0126,single_drink,create_product_then_link_source_drinks,新英格兰 IPA,,,Trillium,Trillium,,,,,,https://images.unsplash.com/photo-1571613316887-6f8d5cbf7ef7?auto=format&fit=crop&w=900&q=80,,,active,production_drinks_2026-06-30_conservative_exact_key,1,1,1,1,d1000001-0001-4001-8001-000000000302,b1000001-0001-4001-8001-000000000003,新英格兰 IPA,Trillium,Trillium,Single source drink; safe to create as standalone product if this row should enter pool.
candidate_0488,single_drink,create_product_then_link_source_drinks,新英格兰99号,,,回头客,回头客,新英格兰IPA,6.5,,美国,,,,,active,production_drinks_2026-06-30_conservative_exact_key,1,1,1,1,ab2d8009-b66b-4bbf-b372-5f4527d6defc,a4f4002f-fccd-41dd-bbc5-153d30fc5385,新英格兰99号,回头客,回头客,Single source drink; safe to create as standalone product if this row should enter pool.
candidate_0231,single_drink,create_product_then_link_source_drinks,幸运鹅,,,齿轮精酿,齿轮精酿,德式古斯,4.3,10,,,https://agtujigvxxdppngirqtu.supabase.co/storage/v1/object/public/taplist-media/d897a73b-37fb-4c57-af0f-79d8759173cb/drinks/cf604d71-c562-4ea5-bf8b-6ce17d59dd30/no-menu-beer-artwork__50_.jpg,,,active,production_drinks_2026-06-30_conservative_exact_key,1,1,1,1,cf604d71-c562-4ea5-bf8b-6ce17d59dd30,d897a73b-37fb-4c57-af0f-79d8759173cb,幸运鹅,齿轮精酿,齿轮精酿,Single source drink; safe to create as standalone product if this row should enter pool.
candidate_0573,single_drink,create_product_then_link_source_drinks,雄鹰,,,洛莱,洛莱,双倍新英格兰IPA,8.7,,美国,,https://agtujigvxxdppngirqtu.supabase.co/storage/v1/object/public/taplist-media/7aa1147c-5c8b-4c68-bc11-56ce34608689/drinks/6c4c263e-ed49-4abd-9f2f-f1bbb000162d/no-menu-beer-artwork__24_.jpg,,,active,production_drinks_2026-06-30_conservative_exact_key,1,1,1,1,6c4c263e-ed49-4abd-9f2f-f1bbb000162d,7aa1147c-5c8b-4c68-bc11-56ce34608689,雄鹰,洛莱,洛莱,Single source drink; safe to create as standalone product if this row should enter pool.
candidate_0141,single_drink,create_product_then_link_source_drinks,修道院三料,,,Chimay,Chimay,,,,,,https://images.unsplash.com/photo-1535958636474-b021ee887b13?auto=format&fit=crop&w=900&q=80,,,active,production_drinks_2026-06-30_conservative_exact_key,1,1,1,1,d1000001-0001-4001-8001-000000000404,b1000001-0001-4001-8001-000000000004,修道院三料,Chimay,Chimay,Single source drink; safe to create as standalone product if this row should enter pool.
candidate_0375,single_drink,create_product_then_link_source_drinks,旋涡3号,,,另一半,另一半,甜点酸艾尔,6.4,,美国,,,,,active,production_drinks_2026-06-30_conservative_exact_key,1,1,1,1,befc0090-a609-4d16-8679-a995031bb892,da21ab4e-93f7-49ca-8318-15fcbae24a93,旋涡3号,另一半,另一半,Single source drink; safe to create as standalone product if this row should enter pool.
candidate_0452,single_drink,create_product_then_link_source_drinks,旋转木马,,,山雀,山雀,ESB,5,,上海嘉定,,https://agtujigvxxdppngirqtu.supabase.co/storage/v1/object/public/taplist-media/00234890-ee30-4985-992d-98ab8ce1d5de/drinks/aa26711f-e072-46a9-9d9e-4d39ea3596c8/no-menu-beer-artwork__15_.jpg,,,active,production_drinks_2026-06-30_conservative_exact_key,1,1,1,1,aa26711f-e072-46a9-9d9e-4d39ea3596c8,00234890-ee30-4985-992d-98ab8ce1d5de,旋转木马,山雀,山雀,Single source drink; safe to create as standalone product if this row should enter pool.
candidate_0348,single_drink,create_product_then_link_source_drinks,炫猫,,,捷克维诺,捷克维诺,捷克深色拉格,5.4,,捷克,,https://agtujigvxxdppngirqtu.supabase.co/storage/v1/object/public/taplist-media/7aa1147c-5c8b-4c68-bc11-56ce34608689/drinks/9f76235b-fac5-4e21-91d2-52402fe195bd/no-menu-beer-artwork_-_2026-06-08T022815.875.jpg,,,active,production_drinks_2026-06-30_conservative_exact_key,1,1,1,1,9f76235b-fac5-4e21-91d2-52402fe195bd,7aa1147c-5c8b-4c68-bc11-56ce34608689,炫猫,捷克维诺,捷克维诺,Single source drink; safe to create as standalone product if this row should enter pool.
candidate_0593,single_drink,create_product_then_link_source_drinks,眩目,,,裂变酿造,裂变酿造,浑浊IPA,6,,佛山,,https://agtujigvxxdppngirqtu.supabase.co/storage/v1/object/public/taplist-media/4d1da7d9-8b21-4706-b535-355b9ff79388/drinks/6370d43b-77db-46dd-a4de-4faf85de67b9/no-menu-beer-artwork__52_.jpg,,,active,production_drinks_2026-06-30_conservative_exact_key,1,1,1,1,6370d43b-77db-46dd-a4de-4faf85de67b9,4d1da7d9-8b21-4706-b535-355b9ff79388,眩目,裂变酿造,裂变酿造,Single source drink; safe to create as standalone product if this row should enter pool.
candidate_0669,single_drink,create_product_then_link_source_drinks,烟熏啤,,,朗客,朗客,拉格,5.1,,德国,,https://agtujigvxxdppngirqtu.supabase.co/storage/v1/object/public/taplist-media/26597d55-8a12-4185-b3ef-cb9a3ac1773a/drinks/4e98a3c5-ed3d-469a-9b86-39d2ddfdf192/no-menu-beer-artwork__17_.jpg,,,active,production_drinks_2026-06-30_conservative_exact_key,1,1,1,1,4e98a3c5-ed3d-469a-9b86-39d2ddfdf192,26597d55-8a12-4185-b3ef-cb9a3ac1773a,烟熏啤,朗客,朗客,Single source drink; safe to create as standalone product if this row should enter pool.
candidate_0390,single_drink,create_product_then_link_source_drinks,岩上,,,风土酿造,风土酿造,蓝靛果岩茶西打,4.8,,,,https://agtujigvxxdppngirqtu.supabase.co/storage/v1/object/public/taplist-media/b4c33fea-51e3-426d-9dfa-b13947153ac2/drinks/8f437af9-7a99-4872-b17f-7528c907f037/no-menu-beer-artwork__10_.jpg,,,active,production_drinks_2026-06-30_conservative_exact_key,1,1,1,1,8f437af9-7a99-4872-b17f-7528c907f037,b4c33fea-51e3-426d-9dfa-b13947153ac2,岩上,风土酿造,风土酿造,Single source drink; safe to create as standalone product if this row should enter pool.
candidate_0536,single_drink,create_product_then_link_source_drinks,盐而盗柠,,,赤屿谷盗,赤屿谷盗,古斯,4.2,,,,https://agtujigvxxdppngirqtu.supabase.co/storage/v1/object/public/taplist-media/2c191730-69f6-4031-8256-91aa59e5bc52/drinks/70c71e35-181a-47ba-a421-fa464900708e/no-menu-beer-artwork__71_.jpg,,,active,production_drinks_2026-06-30_conservative_exact_key,1,1,1,1,70c71e35-181a-47ba-a421-fa464900708e,2c191730-69f6-4031-8256-91aa59e5bc52,盐而盗柠,赤屿谷盗,赤屿谷盗,Single source drink; safe to create as standalone product if this row should enter pool.
candidate_0613,single_drink,create_product_then_link_source_drinks,窑藏博克,,,艾根伯格,艾根伯格,奥地利式淡色拉格,7.4,,奥地利,,https://agtujigvxxdppngirqtu.supabase.co/storage/v1/object/public/taplist-media/283206e3-22d9-4a54-b8a5-70694b1ec062/drinks/9d120c82-ca9e-41b1-be6a-d4b6000704ea/no-menu-beer-artwork__2_.jpg,"蜂蜜巢的香甜气息
精致的花香","蜂蜜巢的香甜气息
精致的花香",active,production_drinks_2026-06-30_conservative_exact_key,1,1,1,1,9d120c82-ca9e-41b1-be6a-d4b6000704ea,283206e3-22d9-4a54-b8a5-70694b1ec062,窑藏博克,艾根伯格,艾根伯格,Single source drink; safe to create as standalone product if this row should enter pool.
candidate_0691,single_drink,create_product_then_link_source_drinks,窑臧拉格,,,涧溪,涧溪,,,,,,,,,active,production_drinks_2026-06-30_conservative_exact_key,1,1,1,1,5c2090b9-2f35-4196-a6b1-20f4a7a34327,95d07371-8c56-4359-af51-59e5416ddef5,窑臧拉格,涧溪,涧溪,Single source drink; safe to create as standalone product if this row should enter pool.
candidate_0621,single_drink,create_product_then_link_source_drinks,窑臧皮尔森,,,百得福,百得福,皮尔森,5,,捷克,,https://agtujigvxxdppngirqtu.supabase.co/storage/v1/object/public/taplist-media/494bcf1f-8346-480f-a396-204b104c9313/drinks/1e344080-a506-45ff-a00e-10b5c21c0995/IMG_7625.jpg,,,active,production_drinks_2026-06-30_conservative_exact_key,1,1,1,1,1e344080-a506-45ff-a00e-10b5c21c0995,494bcf1f-8346-480f-a396-204b104c9313,窑臧皮尔森,百得福,百得福,Single source drink; safe to create as standalone product if this row should enter pool.
candidate_0410,single_drink,create_product_then_link_source_drinks,椰林飘香,,,Smooj,Smooj,增味酸艾尔,7.2,,,,,,,active,production_drinks_2026-06-30_conservative_exact_key,1,1,1,1,e2ad1030-0785-4915-b339-8a5ae3d124ab,7cce9b27-acd5-4bdc-a302-153c8245a1c1,椰林飘香,Smooj,Smooj,Single source drink; safe to create as standalone product if this row should enter pool.
candidate_0550,single_drink,create_product_then_link_source_drinks,夜曲,,,彼岸酿造,彼岸酿造,波兰烟熏啤酒,4,,乐山,,https://agtujigvxxdppngirqtu.supabase.co/storage/v1/object/public/taplist-media/81a90487-39c9-46bb-b221-68ff631275d6/drinks/7944990f-d7e7-4889-879b-748f859e8c15/no-menu-beer-artwork__10_.jpg,,,active,production_drinks_2026-06-30_conservative_exact_key,1,1,1,1,7944990f-d7e7-4889-879b-748f859e8c15,81a90487-39c9-46bb-b221-68ff631275d6,夜曲,彼岸酿造,彼岸酿造,Single source drink; safe to create as standalone product if this row should enter pool.
candidate_0445,single_drink,create_product_then_link_source_drinks,依旧交通粘性,,,僧侣,僧侣,三倍干投双倍浑浊IPA,8.4,,美国,,,,,active,production_drinks_2026-06-30_conservative_exact_key,1,1,1,1,863ed850-5bb1-40bc-ad07-1b4755f892e4,57d005da-1193-4bd2-955a-ef6b9653516d,依旧交通粘性,僧侣,僧侣,Single source drink; safe to create as standalone product if this row should enter pool.
candidate_0493,single_drink,create_product_then_link_source_drinks,异岛,,,索拉里斯,索拉里斯,TDH西海岸IPA,6.8,,美国,,,,,active,production_drinks_2026-06-30_conservative_exact_key,1,1,1,1,25998f93-bf1e-4d75-aea0-622bf2104af2,7aa1147c-5c8b-4c68-bc11-56ce34608689,异岛,索拉里斯,索拉里斯,Single source drink; safe to create as standalone product if this row should enter pool.
candidate_0603,single_drink,create_product_then_link_source_drinks,异端礼拜堂,,,欧米尼珀罗x布鲁乔斯,欧米尼珀罗x布鲁乔斯,TDH三倍浑浊IPA,10,,瑞典,,https://agtujigvxxdppngirqtu.supabase.co/storage/v1/object/public/taplist-media/57d005da-1193-4bd2-955a-ef6b9653516d/drinks/ea83c3d6-03e0-481a-b7f7-94db667c4f47/no-menu-beer-artwork__45_.jpg,,,active,production_drinks_2026-06-30_conservative_exact_key,1,1,1,1,ea83c3d6-03e0-481a-b7f7-94db667c4f47,57d005da-1193-4bd2-955a-ef6b9653516d,异端礼拜堂,欧米尼珀罗x布鲁乔斯,欧米尼珀罗x布鲁乔斯,Single source drink; safe to create as standalone product if this row should enter pool.
candidate_0558,single_drink,create_product_then_link_source_drinks,樱桃兰比克,,,澎湃家族,澎湃家族,水果兰比克,4,,比利时,,https://agtujigvxxdppngirqtu.supabase.co/storage/v1/object/public/taplist-media/c3af90db-9734-4750-927c-38f6b37fb3e0/drinks/c59bb61a-9839-4225-94dc-b5583da8d88a/no-menu-beer-artwork__14_.jpg,,,active,production_drinks_2026-06-30_conservative_exact_key,1,1,1,1,c59bb61a-9839-4225-94dc-b5583da8d88a,c3af90db-9734-4750-927c-38f6b37fb3e0,樱桃兰比克,澎湃家族,澎湃家族,Single source drink; safe to create as standalone product if this row should enter pool.
candidate_0271,single_drink,create_product_then_link_source_drinks,幽澜,,,洄游,洄游,龙眼莲雾白玉兰西打,5.5,,,,https://agtujigvxxdppngirqtu.supabase.co/storage/v1/object/public/taplist-media/3d6cb427-a8c3-4583-a7c4-5a3ad9f5f787/drinks/e2582d27-ee45-40bb-8913-6f787c4b8fd6/_____20260604223546_95_60.jpg,,,active,production_drinks_2026-06-30_conservative_exact_key,1,1,1,1,e2582d27-ee45-40bb-8913-6f787c4b8fd6,3d6cb427-a8c3-4583-a7c4-5a3ad9f5f787,幽澜,洄游,洄游,Single source drink; safe to create as standalone product if this row should enter pool.
candidate_0692,single_drink,create_product_then_link_source_drinks,雨落松间,,,赤耳*药厂,赤耳*药厂,德式皮尔森,5,,,,https://agtujigvxxdppngirqtu.supabase.co/storage/v1/object/public/taplist-media/487685c5-99f1-463c-9e19-9eeea1cf6699/drinks/27213747-d172-4dbd-be9b-e3e92925932e/no-menu-beer-artwork__36_.jpg,选用两款德国酒花，呈现克制而优雅的整体风味：Perle酒花带来沉静的松木、草本与香料气息，期间跳跃着一丝微凉的薄荷感；Saphir酒花则释放出细腻的花果香与柔和的苦味，在口中缓缓铺开。,选用两款德国酒花，呈现克制而优雅的整体风味：Perle酒花带来沉静的松木、草本与香料气息，期间跳跃着一丝微凉的薄荷感；Saphir酒花则释放出细腻的花果香与柔和的苦味，在口中缓缓铺开。,active,production_drinks_2026-06-30_conservative_exact_key,1,1,1,1,27213747-d172-4dbd-be9b-e3e92925932e,487685c5-99f1-463c-9e19-9eeea1cf6699,雨落松间,赤耳*药厂,赤耳*药厂,Single source drink; safe to create as standalone product if this row should enter pool.
candidate_0592,single_drink,create_product_then_link_source_drinks,玉響,,,薛定谔的酒 x Kyoto Beer Lab,薛定谔的酒 x Kyoto Beer Lab,日本煎茶桂花浑浊IPA,6.2,,佛山x京都,,https://agtujigvxxdppngirqtu.supabase.co/storage/v1/object/public/taplist-media/81a90487-39c9-46bb-b221-68ff631275d6/drinks/aa04bc94-29f4-4c1b-8172-d328046facb4/no-menu-beer-artwork__40_.jpg,,,active,production_drinks_2026-06-30_conservative_exact_key,1,1,1,1,aa04bc94-29f4-4c1b-8172-d328046facb4,81a90487-39c9-46bb-b221-68ff631275d6,玉響,薛定谔的酒 x Kyoto Beer Lab,薛定谔的酒 x Kyoto Beer Lab,Single source drink; safe to create as standalone product if this row should enter pool.
candidate_0308,single_drink,create_product_then_link_source_drinks,元素的艺术,,,费登斯,费登斯,新英格兰三倍 IPA,10.5,,美国,,https://agtujigvxxdppngirqtu.supabase.co/storage/v1/object/public/taplist-media/283206e3-22d9-4a54-b8a5-70694b1ec062/drinks/35d17ece-f241-4deb-9869-dd3351a76979/no-menu-beer-artwork__89_.jpg,,,active,production_drinks_2026-06-30_conservative_exact_key,1,1,1,1,35d17ece-f241-4deb-9869-dd3351a76979,283206e3-22d9-4a54-b8a5-70694b1ec062,元素的艺术,费登斯,费登斯,Single source drink; safe to create as standalone product if this row should enter pool.
candidate_0676,single_drink,create_product_then_link_source_drinks,原始恩赐,,,酸羽酿造,酸羽酿造,杏子增味野菌艾尔,6.9,,无锡,,https://agtujigvxxdppngirqtu.supabase.co/storage/v1/object/public/taplist-media/44a4429c-fb70-47a5-923b-370fce8f167e/drinks/6b529f65-6d91-4ae3-a2b1-e248114dd79d/no-menu-beer-artwork__12_.jpg,,,active,production_drinks_2026-06-30_conservative_exact_key,1,1,1,1,6b529f65-6d91-4ae3-a2b1-e248114dd79d,44a4429c-fb70-47a5-923b-370fce8f167e,原始恩赐,酸羽酿造,酸羽酿造,Single source drink; safe to create as standalone product if this row should enter pool.
candidate_0671,single_drink,create_product_then_link_source_drinks,月光,,,浦江半岛,浦江半岛,皮尔森,5,,,,https://agtujigvxxdppngirqtu.supabase.co/storage/v1/object/public/taplist-media/13b6f277-ab0d-4c19-ba8a-d97a5af9f51d/drinks/caa4d257-9064-4bc6-a869-28973e8cecc5/no-menu-beer-artwork__18_.jpg,,,active,production_drinks_2026-06-30_conservative_exact_key,1,1,1,1,caa4d257-9064-4bc6-a869-28973e8cecc5,13b6f277-ab0d-4c19-ba8a-d97a5af9f51d,月光,浦江半岛,浦江半岛,Single source drink; safe to create as standalone product if this row should enter pool.
candidate_0639,single_drink,create_product_then_link_source_drinks,月桂,,,漩涡酿造,漩涡酿造,中式小麦,4.8,,中山,,https://agtujigvxxdppngirqtu.supabase.co/storage/v1/object/public/taplist-media/44a4429c-fb70-47a5-923b-370fce8f167e/drinks/69d7c9c0-f2c0-49ff-aff6-d34befc81cee/no-menu-beer-artwork__27_.jpg,,,active,production_drinks_2026-06-30_conservative_exact_key,1,1,1,1,69d7c9c0-f2c0-49ff-aff6-d34befc81cee,44a4429c-fb70-47a5-923b-370fce8f167e,月桂,漩涡酿造,漩涡酿造,Single source drink; safe to create as standalone product if this row should enter pool.
candidate_0689,single_drink,create_product_then_link_source_drinks,云边有座小卖部,,,犀首田园,犀首田园,水果酸艾尔,5,,,,https://agtujigvxxdppngirqtu.supabase.co/storage/v1/object/public/taplist-media/7cce9b27-acd5-4bdc-a302-153c8245a1c1/drinks/76e99286-5ce4-4737-83f4-52ecffe780e2/no-menu-beer-artwork__8_.jpg,,,active,production_drinks_2026-06-30_conservative_exact_key,1,1,1,1,76e99286-5ce4-4737-83f4-52ecffe780e2,7cce9b27-acd5-4bdc-a302-153c8245a1c1,云边有座小卖部,犀首田园,犀首田园,Single source drink; safe to create as standalone product if this row should enter pool.
candidate_0600,single_drink,create_product_then_link_source_drinks,云端一线,,,索拉里斯 × 北方公园,索拉里斯 × 北方公园,三倍干投西海岸IPA,10,,美国,,https://agtujigvxxdppngirqtu.supabase.co/storage/v1/object/public/taplist-media/de4207d0-d3c8-455a-8450-0d5b3e846ff0/drinks/6a1b2359-29d3-40ed-b602-b3f7eb4bcb2d/no-menu-beer-artwork__34_.jpg,,,active,production_drinks_2026-06-30_conservative_exact_key,1,1,1,1,6a1b2359-29d3-40ed-b602-b3f7eb4bcb2d,de4207d0-d3c8-455a-8450-0d5b3e846ff0,云端一线,索拉里斯 × 北方公园,索拉里斯 × 北方公园,Single source drink; safe to create as standalone product if this row should enter pool.
candidate_0459,single_drink,create_product_then_link_source_drinks,云中翻滚,,,鲸一,鲸一,浑浊IPA,7.1,,美国,,https://agtujigvxxdppngirqtu.supabase.co/storage/v1/object/public/taplist-media/c3af90db-9734-4750-927c-38f6b37fb3e0/drinks/f725fcbc-750b-4913-882f-32d56c7bd146/_________.png,,,active,production_drinks_2026-06-30_conservative_exact_key,1,1,1,1,f725fcbc-750b-4913-882f-32d56c7bd146,c3af90db-9734-4750-927c-38f6b37fb3e0,云中翻滚,鲸一,鲸一,Single source drink; safe to create as standalone product if this row should enter pool.
candidate_0546,single_drink,create_product_then_link_source_drinks,早春,,,行空,行空,DDH Wheat Ale,5.6,,青岛,,https://agtujigvxxdppngirqtu.supabase.co/storage/v1/object/public/taplist-media/4d1da7d9-8b21-4706-b535-355b9ff79388/drinks/906e3063-4cb7-47d0-8c17-7c1df889657c/no-menu-beer-artwork.jpg,,,active,production_drinks_2026-06-30_conservative_exact_key,1,1,1,1,906e3063-4cb7-47d0-8c17-7c1df889657c,4d1da7d9-8b21-4706-b535-355b9ff79388,早春,行空,行空,Single source drink; safe to create as standalone product if this row should enter pool.
candidate_0462,single_drink,create_product_then_link_source_drinks,战斧之力,,,勿幕,勿幕,双倍干投浑浊IPA,6.8,,,,https://agtujigvxxdppngirqtu.supabase.co/storage/v1/object/public/taplist-media/1cff208a-4424-4867-966d-a7839ac59f6f/drinks/5154264f-138a-46fd-8ba7-a173d273691d/no-menu-beer-artwork__28_.jpg,,,active,production_drinks_2026-06-30_conservative_exact_key,1,1,1,1,5154264f-138a-46fd-8ba7-a173d273691d,1cff208a-4424-4867-966d-a7839ac59f6f,战斧之力,勿幕,勿幕,Single source drink; safe to create as standalone product if this row should enter pool.
candidate_0478,single_drink,create_product_then_link_source_drinks,长相思,,,蔓延,蔓延,香槟帝国啤酒,9.4,,武汉,,https://agtujigvxxdppngirqtu.supabase.co/storage/v1/object/public/taplist-media/82bf1237-e90c-4379-a2bc-a6dad2726b93/drinks/05debf0a-72c5-4ecb-a9f6-916ceb596893/no-menu-beer-artwork__38_.jpg,,,active,production_drinks_2026-06-30_conservative_exact_key,1,1,1,1,05debf0a-72c5-4ecb-a9f6-916ceb596893,82bf1237-e90c-4379-a2bc-a6dad2726b93,长相思,蔓延,蔓延,Single source drink; safe to create as standalone product if this row should enter pool.
candidate_0494,single_drink,create_product_then_link_source_drinks,整个花活,,,艾尔复兴,艾尔复兴,甜点奶昔酸艾尔,4,,美国,,https://agtujigvxxdppngirqtu.supabase.co/storage/v1/object/public/taplist-media/7aa1147c-5c8b-4c68-bc11-56ce34608689/drinks/12f1c7bc-9113-46a6-9d18-fb6275c9dd11/no-menu-beer-artwork__54_.jpg,,,active,production_drinks_2026-06-30_conservative_exact_key,1,1,1,1,12f1c7bc-9113-46a6-9d18-fb6275c9dd11,7aa1147c-5c8b-4c68-bc11-56ce34608689,整个花活,艾尔复兴,艾尔复兴,Single source drink; safe to create as standalone product if this row should enter pool.
candidate_0654,single_drink,create_product_then_link_source_drinks,中古小丑,,,艾尔复兴*布鲁乔司,艾尔复兴*布鲁乔司,新英格兰帝国IPA,8,,美国,,https://agtujigvxxdppngirqtu.supabase.co/storage/v1/object/public/taplist-media/7cce9b27-acd5-4bdc-a302-153c8245a1c1/drinks/b5da291a-1c7b-46f1-a2aa-96c784d8d391/________________.jpg,,,active,production_drinks_2026-06-30_conservative_exact_key,1,1,1,1,b5da291a-1c7b-46f1-a2aa-96c784d8d391,7cce9b27-acd5-4bdc-a302-153c8245a1c1,中古小丑,艾尔复兴*布鲁乔司,艾尔复兴*布鲁乔司,Single source drink; safe to create as standalone product if this row should enter pool.
candidate_0532,single_drink,create_product_then_link_source_drinks,重逢,,,山雀,山雀,双倍浑浊IPA,8,,上海,,https://agtujigvxxdppngirqtu.supabase.co/storage/v1/object/public/taplist-media/00234890-ee30-4985-992d-98ab8ce1d5de/drinks/307757c5-d92c-4b35-aabb-0373e54fe7b6/no-menu-beer-artwork__8_.jpg,,,active,production_drinks_2026-06-30_conservative_exact_key,1,1,1,1,307757c5-d92c-4b35-aabb-0373e54fe7b6,00234890-ee30-4985-992d-98ab8ce1d5de,重逢,山雀,山雀,Single source drink; safe to create as standalone product if this row should enter pool.
candidate_0628,single_drink,create_product_then_link_source_drinks,自在跑,,,左手巨人,左手巨人,无醇IPA,0.5,,英国,,https://agtujigvxxdppngirqtu.supabase.co/storage/v1/object/public/taplist-media/27c1beca-c912-4f4a-bee5-3ccf0e5d981f/drinks/8f50ea9b-47f5-4842-83aa-e42509546bab/_________.png,,,active,production_drinks_2026-06-30_conservative_exact_key,1,1,1,1,8f50ea9b-47f5-4842-83aa-e42509546bab,27c1beca-c912-4f4a-bee5-3ccf0e5d981f,自在跑,左手巨人,左手巨人,Single source drink; safe to create as standalone product if this row should enter pool.
candidate_0672,single_drink,create_product_then_link_source_drinks,最佳状态,,,叁酉,叁酉,双倍干投浑浊IPA,6.5,,,,https://agtujigvxxdppngirqtu.supabase.co/storage/v1/object/public/taplist-media/13b6f277-ab0d-4c19-ba8a-d97a5af9f51d/drinks/ee40dddb-966d-4aa6-a798-66d039813caf/no-menu-beer-artwork__20_.jpg,,,active,production_drinks_2026-06-30_conservative_exact_key,1,1,1,1,ee40dddb-966d-4aa6-a798-66d039813caf,13b6f277-ab0d-4c19-ba8a-d97a5af9f51d,最佳状态,叁酉,叁酉,Single source drink; safe to create as standalone product if this row should enter pool.
candidate_0681,single_drink,create_product_then_link_source_drinks,醉狗Vol.03,,,Alus,Alus,西海岸IPA,6.9,,深圳,,https://agtujigvxxdppngirqtu.supabase.co/storage/v1/object/public/taplist-media/494bcf1f-8346-480f-a396-204b104c9313/drinks/9b0c3af5-2846-4613-906a-0ae79c450478/no-menu-beer-artwork__26_.jpg,,,active,production_drinks_2026-06-30_conservative_exact_key,1,1,1,1,9b0c3af5-2846-4613-906a-0ae79c450478,494bcf1f-8346-480f-a396-204b104c9313,醉狗Vol.03,Alus,Alus,Single source drink; safe to create as standalone product if this row should enter pool.
candidate_0393,single_drink,create_product_then_link_source_drinks,Absolutely Nothing,,,Clag Brewing Company,Clag Brewing Company,浑浊IPA,7,,美国,,https://agtujigvxxdppngirqtu.supabase.co/storage/v1/object/public/taplist-media/831db2a1-ee47-4d88-9c0b-3e19a5668d6d/drinks/93ae7684-2b35-44ee-acf3-9d11d4e0f07e/Clag_Brewing_Company___Absolutely_Nothing.jpg,,,active,production_drinks_2026-06-30_conservative_exact_key,1,1,1,1,93ae7684-2b35-44ee-acf3-9d11d4e0f07e,831db2a1-ee47-4d88-9c0b-3e19a5668d6d,Absolutely Nothing,Clag Brewing Company,Clag Brewing Company,Single source drink; safe to create as standalone product if this row should enter pool.
candidate_0582,single_drink,create_product_then_link_source_drinks,CINCO,,,SHRED,SHRED,墨西哥拉格,4.5,,美国,,https://agtujigvxxdppngirqtu.supabase.co/storage/v1/object/public/taplist-media/de4207d0-d3c8-455a-8450-0d5b3e846ff0/drinks/d84d492f-a630-49fd-9cdd-09679c0b592f/no-menu-beer-artwork__38_.jpg,,,active,production_drinks_2026-06-30_conservative_exact_key,1,1,1,1,d84d492f-a630-49fd-9cdd-09679c0b592f,de4207d0-d3c8-455a-8450-0d5b3e846ff0,CINCO,SHRED,SHRED,Single source drink; safe to create as standalone product if this row should enter pool.
candidate_0328,single_drink,create_product_then_link_source_drinks,Come back to 2016,,,明日,明日,IPA,6.6,,,,https://agtujigvxxdppngirqtu.supabase.co/storage/v1/object/public/taplist-media/1cff208a-4424-4867-966d-a7839ac59f6f/drinks/02f7db50-c0c8-4f0a-92e6-9c56901cc619/no-menu-beer-artwork__93_.jpg,,,active,production_drinks_2026-06-30_conservative_exact_key,1,1,1,1,02f7db50-c0c8-4f0a-92e6-9c56901cc619,1cff208a-4424-4867-966d-a7839ac59f6f,Come back to 2016,明日,明日,Single source drink; safe to create as standalone product if this row should enter pool.
candidate_0380,single_drink,create_product_then_link_source_drinks,Come Back to 2016,,,明日酿造,明日酿造,西海岸IPA,6.6,,上海,,https://agtujigvxxdppngirqtu.supabase.co/storage/v1/object/public/taplist-media/da21ab4e-93f7-49ca-8318-15fcbae24a93/drinks/a211483d-b5ca-494d-9a5a-52c1ae24e46c/no-menu-beer-artwork__6_.jpg,,,active,production_drinks_2026-06-30_conservative_exact_key,1,1,1,1,a211483d-b5ca-494d-9a5a-52c1ae24e46c,da21ab4e-93f7-49ca-8318-15fcbae24a93,Come Back to 2016,明日酿造,明日酿造,Single source drink; safe to create as standalone product if this row should enter pool.
candidate_0140,single_drink,create_product_then_link_source_drinks,Dale's Pale Ale,,,Oskar Blues,Oskar Blues,,,,,,https://images.unsplash.com/photo-1618885472179-5e474019f2a9?auto=format&fit=crop&w=900&q=80,,,active,production_drinks_2026-06-30_conservative_exact_key,1,1,1,1,d1000001-0001-4001-8001-000000000403,b1000001-0001-4001-8001-000000000004,Dale's Pale Ale,Oskar Blues,Oskar Blues,Single source drink; safe to create as standalone product if this row should enter pool.
candidate_0131,single_drink,create_product_then_link_source_drinks,DIPA,,,Monkish,Monkish,,,,,,https://images.unsplash.com/photo-1571613316887-6f8d5cbf7ef7?auto=format&fit=crop&w=900&q=80,,,active,production_drinks_2026-06-30_conservative_exact_key,1,1,1,1,d1000001-0001-4001-8001-000000000402,b1000001-0001-4001-8001-000000000004,DIPA,Monkish,Monkish,Single source drink; safe to create as standalone product if this row should enter pool.
candidate_0279,single_drink,create_product_then_link_source_drinks,DR 凉茶,,,Dr.Lab,Dr.Lab,超深烘超苦黑拉格,5,,,,https://agtujigvxxdppngirqtu.supabase.co/storage/v1/object/public/taplist-media/3d6cb427-a8c3-4583-a7c4-5a3ad9f5f787/drinks/37c24c34-c917-404f-9320-fd808789a3d3/_____20260604223639_96_60.jpg,,,active,production_drinks_2026-06-30_conservative_exact_key,1,1,1,1,37c24c34-c917-404f-9320-fd808789a3d3,3d6cb427-a8c3-4583-a7c4-5a3ad9f5f787,DR 凉茶,Dr.Lab,Dr.Lab,Single source drink; safe to create as standalone product if this row should enter pool.
candidate_0673,single_drink,create_product_then_link_source_drinks,Fresh Hop,,,酒花名族,酒花民族,Chop IPA,6,,澳大利亚,,https://agtujigvxxdppngirqtu.supabase.co/storage/v1/object/public/taplist-media/a4f4002f-fccd-41dd-bbc5-153d30fc5385/drinks/5f9567a5-9be2-4334-9677-d482c7b90e1e/no-menu-beer-artwork__22_.jpg,,,active,production_drinks_2026-06-30_conservative_exact_key,1,1,1,1,5f9567a5-9be2-4334-9677-d482c7b90e1e,a4f4002f-fccd-41dd-bbc5-153d30fc5385,Fresh Hop,酒花名族,酒花民族,Single source drink; safe to create as standalone product if this row should enter pool.
candidate_0166,single_drink,create_product_then_link_source_drinks,Kid Casino,,,僧侣,僧侣,DDH Hazy DIPA,8.6,,,,https://agtujigvxxdppngirqtu.supabase.co/storage/v1/object/public/taplist-media/3d6cb427-a8c3-4583-a7c4-5a3ad9f5f787/drinks/3d6cb427-a8c3-4583-a7c4-5a3ad9f5f506/no-menu-beer-artwork__7_.jpg,,,active,production_drinks_2026-06-30_conservative_exact_key,1,1,1,1,3d6cb427-a8c3-4583-a7c4-5a3ad9f5f506,3d6cb427-a8c3-4583-a7c4-5a3ad9f5f787,Kid Casino,僧侣,僧侣,Single source drink; safe to create as standalone product if this row should enter pool.
candidate_0394,single_drink,create_product_then_link_source_drinks,Little Egg,,,Everywhere,Everywhere,新西兰IPA,5.4,,美国,,https://agtujigvxxdppngirqtu.supabase.co/storage/v1/object/public/taplist-media/831db2a1-ee47-4d88-9c0b-3e19a5668d6d/drinks/e7935425-de93-4f72-a8ed-41067e099af8/no-menu-beer-artwork__16_.jpg,,,active,production_drinks_2026-06-30_conservative_exact_key,1,1,1,1,e7935425-de93-4f72-a8ed-41067e099af8,831db2a1-ee47-4d88-9c0b-3e19a5668d6d,Little Egg,Everywhere,Everywhere,Single source drink; safe to create as standalone product if this row should enter pool.
candidate_0468,single_drink,create_product_then_link_source_drinks,Motu-Moment,,,Origin4,Origin4,淡色艾尔,5.2,,上海,,,,,active,production_drinks_2026-06-30_conservative_exact_key,1,1,1,1,30cb5100-a304-4731-92ff-2fa280e53551,1cff208a-4424-4867-966d-a7839ac59f6f,Motu-Moment,Origin4,Origin4,Single source drink; safe to create as standalone product if this row should enter pool.
candidate_0683,single_drink,create_product_then_link_source_drinks,Naive,,,撬啤酿造,撬啤酿造,亚当苹果汁,0,,,,,,,active,production_drinks_2026-06-30_conservative_exact_key,1,1,1,1,d804e7a8-40a0-48c1-a926-a1ce0c3b7910,d897a73b-37fb-4c57-af0f-79d8759173cb,Naive,撬啤酿造,撬啤酿造,Single source drink; safe to create as standalone product if this row should enter pool.
candidate_0286,single_drink,create_product_then_link_source_drinks,Nippori 日暮里,,,2062&独墨,2062&独墨,Red Ale,5.6,,上海&石家庄,,https://agtujigvxxdppngirqtu.supabase.co/storage/v1/object/public/taplist-media/4d1da7d9-8b21-4706-b535-355b9ff79388/drinks/35831510-3fca-4fcd-be36-20d4512b3825/no-menu-beer-artwork__83_.jpg,,,active,production_drinks_2026-06-30_conservative_exact_key,1,1,1,1,35831510-3fca-4fcd-be36-20d4512b3825,4d1da7d9-8b21-4706-b535-355b9ff79388,Nippori 日暮里,2062&独墨,2062&独墨,Single source drink; safe to create as standalone product if this row should enter pool.
candidate_0120,single_drink,create_product_then_link_source_drinks,Pale Ale,,,Sierra Nevada,Sierra Nevada,,,,,,https://images.unsplash.com/photo-1600788886242-5c96aabe3757?auto=format&fit=crop&w=900&q=80,,,active,production_drinks_2026-06-30_conservative_exact_key,1,1,1,1,d1000001-0001-4001-8001-000000000201,b1000001-0001-4001-8001-000000000002,Pale Ale,Sierra Nevada,Sierra Nevada,Single source drink; safe to create as standalone product if this row should enter pool.
candidate_0207,single_drink,create_product_then_link_source_drinks,Raveyard,,,旺达Wondrous•Raveyard,旺达Wondrous,Unfiltered IPA,6.6,,,,https://agtujigvxxdppngirqtu.supabase.co/storage/v1/object/public/taplist-media/3d6cb427-a8c3-4583-a7c4-5a3ad9f5f787/drinks/e8f27b98-9773-4bad-9654-9a93fca55c35/no-menu-beer-artwork__33_.jpg,,,active,production_drinks_2026-06-30_conservative_exact_key,1,1,1,1,e8f27b98-9773-4bad-9654-9a93fca55c35,3d6cb427-a8c3-4583-a7c4-5a3ad9f5f787,Raveyard,旺达Wondrous•Raveyard,旺达Wondrous,Single source drink; safe to create as standalone product if this row should enter pool.
candidate_0123,single_drink,create_product_then_link_source_drinks,Saison,,,Allagash,Allagash,,,,,,https://images.unsplash.com/photo-1535958636474-b021ee887b13?auto=format&fit=crop&w=900&q=80,,,active,production_drinks_2026-06-30_conservative_exact_key,1,1,1,1,d1000001-0001-4001-8001-000000000204,b1000001-0001-4001-8001-000000000002,Saison,Allagash,Allagash,Single source drink; safe to create as standalone product if this row should enter pool.
candidate_0517,single_drink,create_product_then_link_source_drinks,Steal This Beer,,,欧米尼珀罗X深酥,欧米尼珀罗X深酥,帝国IPA,8,,瑞典,,https://agtujigvxxdppngirqtu.supabase.co/storage/v1/object/public/taplist-media/57d005da-1193-4bd2-955a-ef6b9653516d/drinks/e54e17ed-9dc6-4df2-b235-ceb912373044/no-menu-beer-artwork__57_.jpg,,,active,production_drinks_2026-06-30_conservative_exact_key,1,1,1,1,e54e17ed-9dc6-4df2-b235-ceb912373044,57d005da-1193-4bd2-955a-ef6b9653516d,Steal This Beer,欧米尼珀罗X深酥,欧米尼珀罗X深酥,Single source drink; safe to create as standalone product if this row should enter pool.
candidate_0125,single_drink,create_product_then_link_source_drinks,Two Hearted IPA,,,Bell's,Bell's,,,,,,https://images.unsplash.com/photo-1600788886242-5c96aabe3757?auto=format&fit=crop&w=900&q=80,,,active,production_drinks_2026-06-30_conservative_exact_key,1,1,1,1,d1000001-0001-4001-8001-000000000301,b1000001-0001-4001-8001-000000000003,Two Hearted IPA,Bell's,Bell's,Single source drink; safe to create as standalone product if this row should enter pool.
