candidate_id,confidence,recommended_action,name,name_en,aliases,brand_name,brewery,beer_style,abv,ibu,country,origin_region,image_url,description,tasting_note,status,source,source_drink_count,source_tenant_count,public_visible_count,enabled_count,source_drink_ids,source_tenant_ids,source_names,source_brand_names,source_breweries,review_note
candidate_0291,exact_brand_name_match,create_product_then_link_source_drinks,泡泡浴,,,Alus,Alus,日式柚子拉格,5.1,,深圳,,https://agtujigvxxdppngirqtu.supabase.co/storage/v1/object/public/taplist-media/3d6cb427-a8c3-4583-a7c4-5a3ad9f5f787/drinks/bf585bd3-9a78-4c17-ad7e-327340cd6abd/_____20260604223640_97_60.jpg,,,active,production_drinks_2026-06-30_conservative_exact_key,5,4,2,5,bf585bd3-9a78-4c17-ad7e-327340cd6abd|cb23ecc2-dce3-4519-a6ad-83848d69b15a|8a4db5ad-ea3e-487e-8254-f098879b2343|c463fc75-47bd-44ed-a011-fb120867de0e|7198042c-626d-4fa5-ad6c-eb883a6165e5,3d6cb427-a8c3-4583-a7c4-5a3ad9f5f787|57d005da-1193-4bd2-955a-ef6b9653516d|81a90487-39c9-46bb-b221-68ff631275d6|c3af90db-9734-4750-927c-38f6b37fb3e0,泡泡浴,Alus,Alus,Exact normalized brand+name matched. Still review before merging if packaging/bar-specific naming differs.
candidate_0322,exact_brand_name_match,create_product_then_link_source_drinks,饼干,,,Alus,Alus,德式皮尔森,5.2,,深圳,,https://agtujigvxxdppngirqtu.supabase.co/storage/v1/object/public/taplist-media/82bf1237-e90c-4379-a2bc-a6dad2726b93/drinks/541585e6-4440-479f-a306-ee145de58a17/no-menu-beer-artwork__4_.jpg,,,active,production_drinks_2026-06-30_conservative_exact_key,3,3,1,3,fabc796c-cd3e-4bdd-9e2a-d408081d5323|af551b53-d9e8-47c4-ac8f-9da701f9fbbb|541585e6-4440-479f-a306-ee145de58a17,57d005da-1193-4bd2-955a-ef6b9653516d|283206e3-22d9-4a54-b8a5-70694b1ec062|82bf1237-e90c-4379-a2bc-a6dad2726b93,饼干,Alus,Alus,Exact normalized brand+name matched. Still review before merging if packaging/bar-specific naming differs.
candidate_0509,exact_brand_name_match,create_product_then_link_source_drinks,狄俄尼索斯的眼泪,,,退界,退界,白葡萄海盐酒花酸拉格,6,,成都,,https://agtujigvxxdppngirqtu.supabase.co/storage/v1/object/public/taplist-media/7aa1147c-5c8b-4c68-bc11-56ce34608689/drinks/9c6dd799-7f8c-44ce-b912-95fb85e0f35d/no-menu-beer-artwork__64_.jpg,葡萄汁水的鲜活进发中段透出矿物与草本,葡萄汁水的鲜活进发中段透出矿物与草本,active,production_drinks_2026-06-30_conservative_exact_key,3,3,2,3,9c6dd799-7f8c-44ce-b912-95fb85e0f35d|d681ca8e-2f25-46fe-9e70-bc4bdd78f531|624eb27a-c715-4e04-bb2a-46b839cb7111,7aa1147c-5c8b-4c68-bc11-56ce34608689|494bcf1f-8346-480f-a396-204b104c9313|283206e3-22d9-4a54-b8a5-70694b1ec062,狄俄尼索斯的眼泪,退界,退界,Exact normalized brand+name matched. Still review before merging if packaging/bar-specific naming differs.
candidate_0387,exact_brand_name_match,create_product_then_link_source_drinks,黑武士,,,玄水屋,玄水屋,水果酸艾尔,4.2,,西安,,https://agtujigvxxdppngirqtu.supabase.co/storage/v1/object/public/taplist-media/d897a73b-37fb-4c57-af0f-79d8759173cb/drinks/7dd63e93-6d77-406d-94f3-b878b3e265da/no-menu-beer-artwork__86_.jpg,,,active,production_drinks_2026-06-30_conservative_exact_key,3,3,1,3,6735f156-12dd-48b6-9b99-ef372bf0a8e4|7dd63e93-6d77-406d-94f3-b878b3e265da|b9f80a82-f1e8-4c6f-8ff2-703c5dbdaa16,283206e3-22d9-4a54-b8a5-70694b1ec062|d897a73b-37fb-4c57-af0f-79d8759173cb|7cce9b27-acd5-4bdc-a302-153c8245a1c1,黑武士,玄水屋,玄水屋,Exact normalized brand+name matched. Still review before merging if packaging/bar-specific naming differs.
candidate_0396,exact_brand_name_match,create_product_then_link_source_drinks,酒花大盗,,,Deadman,Deadman,双倍IPA,8,,香港,,https://agtujigvxxdppngirqtu.supabase.co/storage/v1/object/public/taplist-media/81a90487-39c9-46bb-b221-68ff631275d6/drinks/e4fb40f2-af9b-423f-a95a-94c728a3cdb8/no-menu-beer-artwork__18_.jpg,,,active,production_drinks_2026-06-30_conservative_exact_key,3,2,2,3,e4fb40f2-af9b-423f-a95a-94c728a3cdb8|699e8493-a68c-4d21-b68f-1bd6ba2b5146|acea536b-e527-460f-a436-e74b73e9fd1c,81a90487-39c9-46bb-b221-68ff631275d6|82bf1237-e90c-4379-a2bc-a6dad2726b93,酒花大盗,Deadman,Deadman,Exact normalized brand+name matched. Still review before merging if packaging/bar-specific naming differs.
candidate_0159,exact_brand_name_match,create_product_then_link_source_drinks,喵醺,,,Alus,Alus,,,,,,https://agtujigvxxdppngirqtu.supabase.co/storage/v1/object/public/taplist-media/81a90487-39c9-46bb-b221-68ff631275d6/drinks/a21803a7-2d2b-47ee-8bf0-e794e10744e3/no-menu-beer-artwork__26_.jpg,,,active,production_drinks_2026-06-30_conservative_exact_key,3,2,0,1,493f723f-4886-47cb-ad52-9bf7348163b5|a21803a7-2d2b-47ee-8bf0-e794e10744e3|2bebe397-2f85-48a5-8799-5250ff20b541,81a90487-39c9-46bb-b221-68ff631275d6|c3af90db-9734-4750-927c-38f6b37fb3e0,喵醺,Alus,Alus,Exact normalized brand+name matched. Still review before merging if packaging/bar-specific naming differs.
candidate_0173,exact_brand_name_match,create_product_then_link_source_drinks,南方,,,Alus,Alus,,,,,,https://agtujigvxxdppngirqtu.supabase.co/storage/v1/object/public/taplist-media/81a90487-39c9-46bb-b221-68ff631275d6/drinks/ece461ac-2c0b-4c6d-bd91-0cac5bb7d8a4/no-menu-beer-artwork__1_.jpg,,,active,production_drinks_2026-06-30_conservative_exact_key,3,2,0,3,ece461ac-2c0b-4c6d-bd91-0cac5bb7d8a4|e7dde07b-11d6-4310-86fb-91d8ad0eac28|7771ff07-fcdc-427c-a354-335051e917ca,81a90487-39c9-46bb-b221-68ff631275d6|7aa1147c-5c8b-4c68-bc11-56ce34608689,南方,Alus,Alus,Exact normalized brand+name matched. Still review before merging if packaging/bar-specific naming differs.
candidate_0329,exact_brand_name_match,create_product_then_link_source_drinks,想象中的雨,,,Fever,Fever,农舍艾尔塞松,4.6,,西安,,https://agtujigvxxdppngirqtu.supabase.co/storage/v1/object/public/taplist-media/1cff208a-4424-4867-966d-a7839ac59f6f/drinks/94d157cd-cad5-4db7-9c0f-52f510ef694d/no-menu-beer-artwork__95_.jpg,,,active,production_drinks_2026-06-30_conservative_exact_key,3,3,2,3,94d157cd-cad5-4db7-9c0f-52f510ef694d|6ac05b76-0976-4939-b37a-bddbc85b7a03|945ed276-5436-4b11-b570-ba7c45bf2377,1cff208a-4424-4867-966d-a7839ac59f6f|494bcf1f-8346-480f-a396-204b104c9313|26597d55-8a12-4185-b3ef-cb9a3ac1773a,想象中的雨,Fever|FEVER,Fever|FEVER,Exact normalized brand+name matched. Still review before merging if packaging/bar-specific naming differs.
candidate_0280,exact_brand_name_match,create_product_then_link_source_drinks,晓夫,,,退界,退界,墨西哥拉格,4.3,,成都,,https://agtujigvxxdppngirqtu.supabase.co/storage/v1/object/public/taplist-media/c3af90db-9734-4750-927c-38f6b37fb3e0/drinks/88d10062-8afb-4c24-a230-4a913d041493/no-menu-beer-artwork_-_2026-06-07T201741.747.jpg,,,active,production_drinks_2026-06-30_conservative_exact_key,3,3,1,3,88d10062-8afb-4c24-a230-4a913d041493|7ecf0b7c-ddb3-42a9-a9bc-5c5b3a1edf39|13a3b7e5-1dd9-4b66-8284-920b0e8ac946,c3af90db-9734-4750-927c-38f6b37fb3e0|57d005da-1193-4bd2-955a-ef6b9653516d|a4f4002f-fccd-41dd-bbc5-153d30fc5385,晓夫,退界,退界,Exact normalized brand+name matched. Still review before merging if packaging/bar-specific naming differs.
candidate_0175,exact_brand_name_match,create_product_then_link_source_drinks,依帕,,,赤屿谷盗,赤屿谷盗,西海岸 IPA,5.7,30,海南,,https://agtujigvxxdppngirqtu.supabase.co/storage/v1/object/public/taplist-media/d897a73b-37fb-4c57-af0f-79d8759173cb/drinks/8ddeccdf-1951-4563-a48a-d313efba1523/no-menu-beer-artwork__47_.jpg,,,active,production_drinks_2026-06-30_conservative_exact_key,3,3,2,3,4d1da7d9-8b21-4706-b535-355b9ff70103|8ddeccdf-1951-4563-a48a-d313efba1523|fb7b89d5-a7b5-4813-86ee-9286275cabd6,4d1da7d9-8b21-4706-b535-355b9ff79388|d897a73b-37fb-4c57-af0f-79d8759173cb|2c191730-69f6-4031-8256-91aa59e5bc52,依帕,赤屿谷盗,赤屿谷盗|赤峪谷盈,Exact normalized brand+name matched. Still review before merging if packaging/bar-specific naming differs.
candidate_0355,exact_brand_name_match,create_product_then_link_source_drinks,阿罗哈POG西打,,,佳卡哈,佳卡哈,,,,,,https://agtujigvxxdppngirqtu.supabase.co/storage/v1/object/public/taplist-media/494bcf1f-8346-480f-a396-204b104c9313/drinks/b73ea8ab-168d-4857-b2ca-0c88c65d27ba/no-menu-beer-artwork__5_.jpg,,,active,production_drinks_2026-06-30_conservative_exact_key,2,2,0,2,558647b4-cdd4-43e1-b137-6de18c2019f8|b73ea8ab-168d-4857-b2ca-0c88c65d27ba,7aa1147c-5c8b-4c68-bc11-56ce34608689|494bcf1f-8346-480f-a396-204b104c9313,阿罗哈POG西打,佳卡哈,佳卡哈,Exact normalized brand+name matched. Still review before merging if packaging/bar-specific naming differs.
candidate_0464,exact_brand_name_match,create_product_then_link_source_drinks,白拉格2026,,,Fever,Fever,,,,,,https://agtujigvxxdppngirqtu.supabase.co/storage/v1/object/public/taplist-media/7cce9b27-acd5-4bdc-a302-153c8245a1c1/drinks/a734c1a9-99c4-4060-a901-b410cd9cdccf/no-menu-beer-artwork__24_.jpg,,,active,production_drinks_2026-06-30_conservative_exact_key,2,2,0,2,a734c1a9-99c4-4060-a901-b410cd9cdccf|b43a966c-5c24-4602-8073-d6cee91bec59,7cce9b27-acd5-4bdc-a302-153c8245a1c1|283206e3-22d9-4a54-b8a5-70694b1ec062,白拉格2026,Fever,Fever,Exact normalized brand+name matched. Still review before merging if packaging/bar-specific naming differs.
candidate_0431,exact_brand_name_match,create_product_then_link_source_drinks,白日梦,,,辉光,辉光,,,,,,https://agtujigvxxdppngirqtu.supabase.co/storage/v1/object/public/taplist-media/c3af90db-9734-4750-927c-38f6b37fb3e0/drinks/545fd669-0d8c-4aac-b24c-6a3cde97ff52/______.png,,,active,production_drinks_2026-06-30_conservative_exact_key,2,2,0,2,545fd669-0d8c-4aac-b24c-6a3cde97ff52|720a7dcc-769f-43d3-b427-7b18dc9401c8,c3af90db-9734-4750-927c-38f6b37fb3e0|283206e3-22d9-4a54-b8a5-70694b1ec062,白日梦,辉光,辉光,Exact normalized brand+name matched. Still review before merging if packaging/bar-specific naming differs.
candidate_0234,exact_brand_name_match,create_product_then_link_source_drinks,白天使,,,玄水屋,玄水屋,,,,,,https://agtujigvxxdppngirqtu.supabase.co/storage/v1/object/public/taplist-media/283206e3-22d9-4a54-b8a5-70694b1ec062/drinks/78f27fb8-ffcc-4ced-8f13-c98cd3cb3034/no-menu-beer-artwork_-_2026-06-07T193736.739.jpg,,,active,production_drinks_2026-06-30_conservative_exact_key,2,2,0,2,2408feaa-3bca-4eb8-8036-90c30ee5b25b|78f27fb8-ffcc-4ced-8f13-c98cd3cb3034,d897a73b-37fb-4c57-af0f-79d8759173cb|283206e3-22d9-4a54-b8a5-70694b1ec062,白天使,玄水屋,玄水屋,Exact normalized brand+name matched. Still review before merging if packaging/bar-specific naming differs.
candidate_0179,exact_brand_name_match,create_product_then_link_source_drinks,北地显影,,,蔓延,蔓延,,,,,,,,,active,production_drinks_2026-06-30_conservative_exact_key,2,2,0,2,4d1da7d9-8b21-4706-b535-355b9ff70102|60161074-2410-42f8-b5a4-8a3c65593fab,4d1da7d9-8b21-4706-b535-355b9ff79388|57d005da-1193-4bd2-955a-ef6b9653516d,北地显影,蔓延,蔓延,Exact normalized brand+name matched. Still review before merging if packaging/bar-specific naming differs.
candidate_0503,exact_brand_name_match,create_product_then_link_source_drinks,潮汐热吻,,,以及,以及,,,,,,https://agtujigvxxdppngirqtu.supabase.co/storage/v1/object/public/taplist-media/81a90487-39c9-46bb-b221-68ff631275d6/drinks/d367fdfd-b335-4c60-8700-3dbdf27cc269/no-menu-beer-artwork__60_.jpg,,,active,production_drinks_2026-06-30_conservative_exact_key,2,1,0,2,c991c37a-8b4b-4ec5-a146-b0e32c9fe0f2|d367fdfd-b335-4c60-8700-3dbdf27cc269,81a90487-39c9-46bb-b221-68ff631275d6,潮汐热吻,以及,以及,Exact normalized brand+name matched. Still review before merging if packaging/bar-specific naming differs.
candidate_0350,exact_brand_name_match,create_product_then_link_source_drinks,从我的吧台滚出去,,,Liquid's Tag,Liquid's Tag,西海岸IPA,6.3,,上海,,https://agtujigvxxdppngirqtu.supabase.co/storage/v1/object/public/taplist-media/494bcf1f-8346-480f-a396-204b104c9313/drinks/0f5ddbd1-a1d8-485d-a08b-1bd59fc8afd8/no-menu-beer-artwork__2_.jpg,,,active,production_drinks_2026-06-30_conservative_exact_key,2,2,1,2,816640be-c4d6-4579-98b7-93cbe3036852|0f5ddbd1-a1d8-485d-a08b-1bd59fc8afd8,7aa1147c-5c8b-4c68-bc11-56ce34608689|494bcf1f-8346-480f-a396-204b104c9313,从我的吧台滚出去,Liquid's Tag,Liquid's Tag,Exact normalized brand+name matched. Still review before merging if packaging/bar-specific naming differs.
candidate_0511,exact_brand_name_match,create_product_then_link_source_drinks,大师的疯狂,,,蔓延,蔓延,浑浊IPA,7,,武汉,,https://agtujigvxxdppngirqtu.supabase.co/storage/v1/object/public/taplist-media/da21ab4e-93f7-49ca-8318-15fcbae24a93/drinks/b42fb32a-927e-44de-af61-ad668be63819/no-menu-beer-artwork__65_.jpg,,,active,production_drinks_2026-06-30_conservative_exact_key,2,2,1,2,b42fb32a-927e-44de-af61-ad668be63819|5cd36ffd-0d89-40c1-b503-8430d4a74f96,da21ab4e-93f7-49ca-8318-15fcbae24a93|494bcf1f-8346-480f-a396-204b104c9313,大师的疯狂,蔓延,蔓延,Exact normalized brand+name matched. Still review before merging if packaging/bar-specific naming differs.
candidate_0354,exact_brand_name_match,create_product_then_link_source_drinks,风暴中心 金桔芒果酸,,,云朴精酿,云朴精酿,水果酸艾尔,5,,昆明,,https://agtujigvxxdppngirqtu.supabase.co/storage/v1/object/public/taplist-media/494bcf1f-8346-480f-a396-204b104c9313/drinks/59e6b7d7-e251-4a9a-ad99-bbcb908732b7/no-menu-beer-artwork__4_.jpg,,,active,production_drinks_2026-06-30_conservative_exact_key,2,2,1,2,3ba6d6d9-3265-486c-81bb-968519bbe479|59e6b7d7-e251-4a9a-ad99-bbcb908732b7,7aa1147c-5c8b-4c68-bc11-56ce34608689|494bcf1f-8346-480f-a396-204b104c9313,风暴中心 金桔芒果酸,云朴精酿,云朴精酿,Exact normalized brand+name matched. Still review before merging if packaging/bar-specific naming differs.
candidate_0424,exact_brand_name_match,create_product_then_link_source_drinks,浮柚,,,云泥,云泥,水果增味西打,7,,昆明,,https://agtujigvxxdppngirqtu.supabase.co/storage/v1/object/public/taplist-media/82bf1237-e90c-4379-a2bc-a6dad2726b93/drinks/11d1c95f-1951-4d54-83ed-6c52c5d06777/no-menu-beer-artwork__5_.jpg,,,active,production_drinks_2026-06-30_conservative_exact_key,2,2,1,2,cf260c55-1df1-4b31-b071-d54709c396c2|11d1c95f-1951-4d54-83ed-6c52c5d06777,57d005da-1193-4bd2-955a-ef6b9653516d|82bf1237-e90c-4379-a2bc-a6dad2726b93,浮柚,云泥,云泥,Exact normalized brand+name matched. Still review before merging if packaging/bar-specific naming differs.
candidate_0191,exact_brand_name_match,create_product_then_link_source_drinks,副本,,,浦江半岛,浦江半岛,,,,,,https://agtujigvxxdppngirqtu.supabase.co/storage/v1/object/public/taplist-media/4d1da7d9-8b21-4706-b535-355b9ff79388/drinks/4d1da7d9-8b21-4706-b535-355b9ff70105/no-menu-beer-artwork__17_.jpg,,,active,production_drinks_2026-06-30_conservative_exact_key,2,2,0,2,4d1da7d9-8b21-4706-b535-355b9ff70105|41a7c973-03e8-423a-9829-16ccc1ddb9d1,4d1da7d9-8b21-4706-b535-355b9ff79388|13b6f277-ab0d-4c19-ba8a-d97a5af9f51d,副本,浦江半岛,浦江半岛,Exact normalized brand+name matched. Still review before merging if packaging/bar-specific naming differs.
candidate_0301,exact_brand_name_match,create_product_then_link_source_drinks,谷仓金,,,Fever,Fever,金色窑臧拉格,5.9,,西安,,https://agtujigvxxdppngirqtu.supabase.co/storage/v1/object/public/taplist-media/81a90487-39c9-46bb-b221-68ff631275d6/drinks/cf0db959-5861-404d-b2c4-b2267093eced/no-menu-beer-artwork__30_.jpg,,,active,production_drinks_2026-06-30_conservative_exact_key,2,2,1,2,0fcfe276-265d-423d-b0a6-f4786621e491|cf0db959-5861-404d-b2c4-b2267093eced,57d005da-1193-4bd2-955a-ef6b9653516d|81a90487-39c9-46bb-b221-68ff631275d6,谷仓金,Fever|FEVER,Fever|FEVER,Exact normalized brand+name matched. Still review before merging if packaging/bar-specific naming differs.
candidate_0162,exact_brand_name_match,create_product_then_link_source_drinks,谷仓铜,,,Fever,Fever,,,,,,https://agtujigvxxdppngirqtu.supabase.co/storage/v1/object/public/taplist-media/2c191730-69f6-4031-8256-91aa59e5bc52/drinks/6fc0f737-7b31-416f-b5aa-f197d20a416e/no-menu-beer-artwork__70_.jpg,,,active,production_drinks_2026-06-30_conservative_exact_key,2,2,0,1,04045c1e-642a-467f-be0c-3cf1031f1b70|6fc0f737-7b31-416f-b5aa-f197d20a416e,81a90487-39c9-46bb-b221-68ff631275d6|2c191730-69f6-4031-8256-91aa59e5bc52,谷仓铜,Fever|FEVER,Fever|FEVER,Exact normalized brand+name matched. Still review before merging if packaging/bar-specific naming differs.
candidate_0144,exact_brand_name_match,create_product_then_link_source_drinks,拐点,,,蔓延,蔓延,,,,,,,,,active,production_drinks_2026-06-30_conservative_exact_key,2,1,0,0,ea0c90ef-16dd-4130-9598-8bdf307d7733|ba9b8530-54f2-4c76-9d5b-132044ee4adb,81a90487-39c9-46bb-b221-68ff631275d6,拐点,蔓延,蔓延,Exact normalized brand+name matched. Still review before merging if packaging/bar-specific naming differs.
candidate_0319,exact_brand_name_match,create_product_then_link_source_drinks,果味满满,,,回头客,回头客,,,,,,https://agtujigvxxdppngirqtu.supabase.co/storage/v1/object/public/taplist-media/283206e3-22d9-4a54-b8a5-70694b1ec062/drinks/d07741c4-3943-426c-af05-6908d7c4f63a/no-menu-beer-artwork__92_.jpg,,,active,production_drinks_2026-06-30_conservative_exact_key,2,2,0,2,d07741c4-3943-426c-af05-6908d7c4f63a|7dce1b6f-0f72-4a76-804b-29b514410ee0,283206e3-22d9-4a54-b8a5-70694b1ec062|c3af90db-9734-4750-927c-38f6b37fb3e0,果味满满,回头客,回头客,Exact normalized brand+name matched. Still review before merging if packaging/bar-specific naming differs.
candidate_0353,exact_brand_name_match,create_product_then_link_source_drinks,寒鸦与钟声,,,彼岸酿造,彼岸酿造,,,,,,https://agtujigvxxdppngirqtu.supabase.co/storage/v1/object/public/taplist-media/494bcf1f-8346-480f-a396-204b104c9313/drinks/d06d6219-2e87-4fb3-adf6-a1247f953050/no-menu-beer-artwork__1_.jpg,,,active,production_drinks_2026-06-30_conservative_exact_key,2,2,0,2,883c61a5-dac8-454b-b97a-e5296016faab|d06d6219-2e87-4fb3-adf6-a1247f953050,7aa1147c-5c8b-4c68-bc11-56ce34608689|494bcf1f-8346-480f-a396-204b104c9313,寒鸦与钟声,彼岸酿造,彼岸酿造,Exact normalized brand+name matched. Still review before merging if packaging/bar-specific naming differs.
candidate_0132,exact_brand_name_match,create_product_then_link_source_drinks,黄河之水,,,或不凡,或不凡,,,,,,,,,active,production_drinks_2026-06-30_conservative_exact_key,2,2,0,2,44a4429c-fb70-47a5-923b-370fce8f0108|b03bd279-f7e0-42f4-9692-b35ac88e408d,44a4429c-fb70-47a5-923b-370fce8f167e|81a90487-39c9-46bb-b221-68ff631275d6,黄河之水,或不凡,或不凡,Exact normalized brand+name matched. Still review before merging if packaging/bar-specific naming differs.
candidate_0358,exact_brand_name_match,create_product_then_link_source_drinks,今日与春风相会,,,云朴精酿,云朴精酿,,,,,,https://agtujigvxxdppngirqtu.supabase.co/storage/v1/object/public/taplist-media/494bcf1f-8346-480f-a396-204b104c9313/drinks/380ff1b2-db96-4791-a407-5d7b75bf0edf/no-menu-beer-artwork__3_.jpg,,,active,production_drinks_2026-06-30_conservative_exact_key,2,2,0,2,8edee3c4-0a93-4a56-ac1e-c036738d24da|380ff1b2-db96-4791-a407-5d7b75bf0edf,7aa1147c-5c8b-4c68-bc11-56ce34608689|494bcf1f-8346-480f-a396-204b104c9313,今日与春风相会,云朴精酿,云朴精酿,Exact normalized brand+name matched. Still review before merging if packaging/bar-specific naming differs.
candidate_0616,exact_brand_name_match,create_product_then_link_source_drinks,金标,,,小熊贝莲,小熊贝莲,拉格,5,,日本,,https://agtujigvxxdppngirqtu.supabase.co/storage/v1/object/public/taplist-media/7aa1147c-5c8b-4c68-bc11-56ce34608689/drinks/1daf6154-31c6-47a6-8a66-91d9aa9563a3/no-menu-beer-artwork__3_.jpg,,,active,production_drinks_2026-06-30_conservative_exact_key,2,2,2,2,1daf6154-31c6-47a6-8a66-91d9aa9563a3|9230ff47-4dac-4a8a-9bf6-bb86642d694d,7aa1147c-5c8b-4c68-bc11-56ce34608689|57d005da-1193-4bd2-955a-ef6b9653516d,金标,小熊贝莲,小熊贝莲,Exact normalized brand+name matched. Still review before merging if packaging/bar-specific naming differs.
candidate_0481,exact_brand_name_match,create_product_then_link_source_drinks,金狼之舞,,,虽吴,虽吴,APA,5,,苏州,,https://agtujigvxxdppngirqtu.supabase.co/storage/v1/object/public/taplist-media/7aa1147c-5c8b-4c68-bc11-56ce34608689/drinks/f157c23d-c2ee-4bcc-b6bf-20330d3af0da/no-menu-beer-artwork__51_.jpg,,,active,production_drinks_2026-06-30_conservative_exact_key,2,2,1,2,f157c23d-c2ee-4bcc-b6bf-20330d3af0da|572775af-27fb-4422-9669-8c29631e007b,7aa1147c-5c8b-4c68-bc11-56ce34608689|4d1da7d9-8b21-4706-b535-355b9ff79388,金狼之舞,虽吴,虽吴|虽吾,Exact normalized brand+name matched. Still review before merging if packaging/bar-specific naming differs.
candidate_0333,exact_brand_name_match,create_product_then_link_source_drinks,金星的日落,,,Fever,Fever,,,,,,https://agtujigvxxdppngirqtu.supabase.co/storage/v1/object/public/taplist-media/1cff208a-4424-4867-966d-a7839ac59f6f/drinks/c4d0361b-be49-4d06-abd3-39bf809cfe89/no-menu-beer-artwork__98_.jpg,,,active,production_drinks_2026-06-30_conservative_exact_key,2,2,0,2,c4d0361b-be49-4d06-abd3-39bf809cfe89|c00abd44-577a-4af3-903a-6b2751cf7eeb,1cff208a-4424-4867-966d-a7839ac59f6f|da21ab4e-93f7-49ca-8318-15fcbae24a93,金星的日落,Fever|FEVER,Fever|FEVER,Exact normalized brand+name matched. Still review before merging if packaging/bar-specific naming differs.
candidate_0601,exact_brand_name_match,create_product_then_link_source_drinks,酒花构建,,,蔓延,蔓延,像桃子酸IPA,6.9,,武汉,,https://agtujigvxxdppngirqtu.supabase.co/storage/v1/object/public/taplist-media/2c191730-69f6-4031-8256-91aa59e5bc52/drinks/b9d23b15-9628-4f05-9a93-b5d15364f4d8/no-menu-beer-artwork__43_.jpg,柔和的酸度率先打开味蕾，随后是成熟白桃般饱满而细腻的香气。 没有真实水果的参与，却能感受到桃皮的清香、果肉的甜润，以及咬开一颗熟桃时迸发出的多汁感。,柔和的酸度率先打开味蕾，随后是成熟白桃般饱满而细腻的香气。 没有真实水果的参与，却能感受到桃皮的清香、果肉的甜润，以及咬开一颗熟桃时迸发出的多汁感。,active,production_drinks_2026-06-30_conservative_exact_key,2,2,1,2,b9d23b15-9628-4f05-9a93-b5d15364f4d8|a3739ffb-d7d6-4975-b6ea-eb21520bc75d,2c191730-69f6-4031-8256-91aa59e5bc52|494bcf1f-8346-480f-a396-204b104c9313,酒花构建,蔓延,蔓延,Exact normalized brand+name matched. Still review before merging if packaging/bar-specific naming differs.
candidate_0554,exact_brand_name_match,create_product_then_link_source_drinks,卡里斯马,,,玄水屋,玄水屋,酸赛松,5.1,,西安,,https://agtujigvxxdppngirqtu.supabase.co/storage/v1/object/public/taplist-media/82bf1237-e90c-4379-a2bc-a6dad2726b93/drinks/8bb09053-199d-4aff-9d8e-734f384c1be0/no-menu-beer-artwork__7_.jpg,,,active,production_drinks_2026-06-30_conservative_exact_key,2,2,2,2,8bb09053-199d-4aff-9d8e-734f384c1be0|ab5380d2-9520-4b56-9ac2-eb0d257373bc,82bf1237-e90c-4379-a2bc-a6dad2726b93|13b6f277-ab0d-4c19-ba8a-d97a5af9f51d,卡里斯马,玄水屋,玄水屋,Exact normalized brand+name matched. Still review before merging if packaging/bar-specific naming differs.
candidate_0522,exact_brand_name_match,create_product_then_link_source_drinks,乱语,,,蔓延,蔓延,美式淡色艾尔,4.7,,武汉,,https://agtujigvxxdppngirqtu.supabase.co/storage/v1/object/public/taplist-media/13b6f277-ab0d-4c19-ba8a-d97a5af9f51d/drinks/538efcb1-34be-46b4-b670-f44920808c21/no-menu-beer-artwork__85_.jpg,,,active,production_drinks_2026-06-30_conservative_exact_key,2,2,1,2,538efcb1-34be-46b4-b670-f44920808c21|a6c15c93-04a9-4e82-8ec9-e2b269b25955,13b6f277-ab0d-4c19-ba8a-d97a5af9f51d|a4f4002f-fccd-41dd-bbc5-153d30fc5385,乱语,蔓延,蔓延,Exact normalized brand+name matched. Still review before merging if packaging/bar-specific naming differs.
candidate_0405,exact_brand_name_match,create_product_then_link_source_drinks,梦,,,疯熊工业,疯熊工业,西海岸淡色艾尔,5.2,,广州,,https://agtujigvxxdppngirqtu.supabase.co/storage/v1/object/public/taplist-media/831db2a1-ee47-4d88-9c0b-3e19a5668d6d/drinks/23fe2e86-210b-4689-b8fc-5d4add727c93/no-menu-beer-artwork__17_.jpg,,,active,production_drinks_2026-06-30_conservative_exact_key,2,2,1,2,23fe2e86-210b-4689-b8fc-5d4add727c93|f9bba99c-b740-4bc1-a1ca-4eed250ab178,831db2a1-ee47-4d88-9c0b-3e19a5668d6d|7cce9b27-acd5-4bdc-a302-153c8245a1c1,梦,疯熊工业,疯熊工业,Exact normalized brand+name matched. Still review before merging if packaging/bar-specific naming differs.
candidate_0446,exact_brand_name_match,create_product_then_link_source_drinks,蜜桃奶油,,,邪恶双子,邪恶双子,水果酸艾尔,6,,美国,,https://agtujigvxxdppngirqtu.supabase.co/storage/v1/object/public/taplist-media/57d005da-1193-4bd2-955a-ef6b9653516d/drinks/b35a74b6-d7d0-4a78-acce-1fd838d9a59c/no-menu-beer-artwork__20_.jpg,,,active,production_drinks_2026-06-30_conservative_exact_key,2,2,2,2,b35a74b6-d7d0-4a78-acce-1fd838d9a59c|7d71b097-40dc-448b-a323-8e5f6d193261,57d005da-1193-4bd2-955a-ef6b9653516d|a4f4002f-fccd-41dd-bbc5-153d30fc5385,蜜桃奶油,邪恶双子,邪恶双子,Exact normalized brand+name matched. Still review before merging if packaging/bar-specific naming differs.
candidate_0356,exact_brand_name_match,create_product_then_link_source_drinks,南部之星,,,彼岸酿造,彼岸酿造,,,,,,https://agtujigvxxdppngirqtu.supabase.co/storage/v1/object/public/taplist-media/494bcf1f-8346-480f-a396-204b104c9313/drinks/a013ee16-127e-428e-8123-246fd8f2dc7b/no-menu-beer-artwork__6_.jpg,,,active,production_drinks_2026-06-30_conservative_exact_key,2,2,0,2,6f6b7d63-7da0-4a77-a210-dc104843b43f|a013ee16-127e-428e-8123-246fd8f2dc7b,7aa1147c-5c8b-4c68-bc11-56ce34608689|494bcf1f-8346-480f-a396-204b104c9313,南部之星,彼岸酿造,彼岸酿造,Exact normalized brand+name matched. Still review before merging if packaging/bar-specific naming differs.
candidate_0461,exact_brand_name_match,create_product_then_link_source_drinks,轻硫醇皮尔森,,,疯熊,疯熊,,,,,,,,,active,production_drinks_2026-06-30_conservative_exact_key,2,2,0,2,d0813363-3501-46ab-9207-e2cef2ce63d2|01efc528-8874-4dcc-a4d2-1c5aba6774f6,7cce9b27-acd5-4bdc-a302-153c8245a1c1|283206e3-22d9-4a54-b8a5-70694b1ec062,轻硫醇皮尔森,疯熊,疯熊,Exact normalized brand+name matched. Still review before merging if packaging/bar-specific naming differs.
candidate_0168,exact_brand_name_match,create_product_then_link_source_drinks,全明,,,Fever,Fever,,,,,,https://agtujigvxxdppngirqtu.supabase.co/storage/v1/object/public/taplist-media/7aa1147c-5c8b-4c68-bc11-56ce34608689/drinks/4e8264e2-5521-4906-b387-478327c0f370/no-menu-beer-artwork_-_2026-06-08T022759.072.jpg,,,active,production_drinks_2026-06-30_conservative_exact_key,2,2,0,2,4d1da7d9-8b21-4706-b535-355b9ff70106|4e8264e2-5521-4906-b387-478327c0f370,4d1da7d9-8b21-4706-b535-355b9ff79388|7aa1147c-5c8b-4c68-bc11-56ce34608689,全明,Fever,Fever,Exact normalized brand+name matched. Still review before merging if packaging/bar-specific naming differs.
candidate_0282,exact_brand_name_match,create_product_then_link_source_drinks,全视之眼,,,生命长河,生命长河,,,,,,https://agtujigvxxdppngirqtu.supabase.co/storage/v1/object/public/taplist-media/81a90487-39c9-46bb-b221-68ff631275d6/drinks/5fcf9afb-e5ff-4da0-8bf1-c20f656f3e95/no-menu-beer-artwork__87_.jpg,,,active,production_drinks_2026-06-30_conservative_exact_key,2,1,0,2,7ca8030b-20ba-41f6-8282-dbbe4ace1297|5fcf9afb-e5ff-4da0-8bf1-c20f656f3e95,81a90487-39c9-46bb-b221-68ff631275d6,全视之眼,生命长河,生命长河,Exact normalized brand+name matched. Still review before merging if packaging/bar-specific naming differs.
candidate_0242,exact_brand_name_match,create_product_then_link_source_drinks,萨兹公爵,,,山丘,山丘,捷克拉格,5,,,,https://agtujigvxxdppngirqtu.supabase.co/storage/v1/object/public/taplist-media/13b6f277-ab0d-4c19-ba8a-d97a5af9f51d/drinks/543ccea4-600d-4859-972f-4f8b224475e6/no-menu-beer-artwork__21_.jpg,,,active,production_drinks_2026-06-30_conservative_exact_key,2,2,1,1,4c9ba575-a325-4bd1-b997-96e8af07c35c|543ccea4-600d-4859-972f-4f8b224475e6,81a90487-39c9-46bb-b221-68ff631275d6|13b6f277-ab0d-4c19-ba8a-d97a5af9f51d,萨兹公爵,山丘,山丘,Exact normalized brand+name matched. Still review before merging if packaging/bar-specific naming differs.
candidate_0228,exact_brand_name_match,create_product_then_link_source_drinks,山间酸,,,酒花农场,酒花农场,单一赤霞珠酸艾尔,6.8,,,,https://agtujigvxxdppngirqtu.supabase.co/storage/v1/object/public/taplist-media/81a90487-39c9-46bb-b221-68ff631275d6/drinks/49cd5820-2b58-4573-8c75-bb02a4ed6e94/no-menu-bar-cover__13_.jpg,精选天山北麓优质产区赤霰珠葡萄，玫红色半透明酒体，黑醋栗味及果香感十足,精选天山北麓优质产区赤霰珠葡萄，玫红色半透明酒体，黑醋栗味及果香感十足,active,production_drinks_2026-06-30_conservative_exact_key,2,1,1,2,187a4263-dcec-4e5c-9b3c-0d48d54c460d|49cd5820-2b58-4573-8c75-bb02a4ed6e94,81a90487-39c9-46bb-b221-68ff631275d6,山间酸,酒花农场,酒花农场,Exact normalized brand+name matched. Still review before merging if packaging/bar-specific naming differs.
candidate_0154,exact_brand_name_match,create_product_then_link_source_drinks,山麓,,,会饮,会饮,,,,,,https://agtujigvxxdppngirqtu.supabase.co/storage/v1/object/public/taplist-media/81a90487-39c9-46bb-b221-68ff631275d6/drinks/4361773b-0e19-4a36-ad8f-45e6290da109/no-menu-beer-artwork__25_.jpg,,,active,production_drinks_2026-06-30_conservative_exact_key,2,1,0,2,4361773b-0e19-4a36-ad8f-45e6290da109|83b96972-e52b-46d1-90a5-f44c326f73b8,81a90487-39c9-46bb-b221-68ff631275d6,山麓,会饮,会饮,Exact normalized brand+name matched. Still review before merging if packaging/bar-specific naming differs.
candidate_0496,exact_brand_name_match,create_product_then_link_source_drinks,少甜少冰,,,火碳,火碳,港式冻柠茶西打,4,,香港,,https://agtujigvxxdppngirqtu.supabase.co/storage/v1/object/public/taplist-media/3d6cb427-a8c3-4583-a7c4-5a3ad9f5f787/drinks/1f372356-505a-40c4-9928-34ffeb8f3366/no-menu-beer-artwork__42_.jpg,用正宗锡兰红茶为基底，搭配新鲜柠檬，完整复刻港式冻柠茶的经典风味。浓郁茶香、清新柠香，加上轻盈微气泡与4.0%酒精度，熟悉的港式味道，多了一点刚刚好的微醺感。,用正宗锡兰红茶为基底，搭配新鲜柠檬，完整复刻港式冻柠茶的经典风味。浓郁茶香、清新柠香，加上轻盈微气泡与4.0%酒精度，熟悉的港式味道，多了一点刚刚好的微醺感。,active,production_drinks_2026-06-30_conservative_exact_key,2,2,2,2,1f372356-505a-40c4-9928-34ffeb8f3366|a6bc8029-0967-4973-9d80-f94636e015c5,3d6cb427-a8c3-4583-a7c4-5a3ad9f5f787|81a90487-39c9-46bb-b221-68ff631275d6,少甜少冰,火碳,火碳,Exact normalized brand+name matched. Still review before merging if packaging/bar-specific naming differs.
candidate_0146,exact_brand_name_match,create_product_then_link_source_drinks,松弛,,,艾薇儿,艾薇儿,,,,,,https://agtujigvxxdppngirqtu.supabase.co/storage/v1/object/public/taplist-media/81a90487-39c9-46bb-b221-68ff631275d6/drinks/35e06199-2ec4-4f6d-a028-60f50a1f6412/no-menu-beer-artwork__30_.jpg,,,active,production_drinks_2026-06-30_conservative_exact_key,2,1,0,0,35e06199-2ec4-4f6d-a028-60f50a1f6412|d00c8aef-930f-48f9-b647-2651d85ad850,81a90487-39c9-46bb-b221-68ff631275d6,松弛,艾薇儿,艾薇儿,Exact normalized brand+name matched. Still review before merging if packaging/bar-specific naming differs.
candidate_0539,exact_brand_name_match,create_product_then_link_source_drinks,太平洋四重奏,,,明日酿造,明日酿造,DDH Pale Ale,5.8,,上海,,https://agtujigvxxdppngirqtu.supabase.co/storage/v1/object/public/taplist-media/b4c33fea-51e3-426d-9dfa-b13947153ac2/drinks/df10fd51-8f25-4354-a6f0-aac4956abb95/no-menu-beer-artwork__7_.jpg,,,active,production_drinks_2026-06-30_conservative_exact_key,2,2,2,2,df10fd51-8f25-4354-a6f0-aac4956abb95|f5fce418-7a79-46db-9043-0e296f9d4e93,b4c33fea-51e3-426d-9dfa-b13947153ac2|4d1da7d9-8b21-4706-b535-355b9ff79388,太平洋四重奏,明日酿造,明日酿造,Exact normalized brand+name matched. Still review before merging if packaging/bar-specific naming differs.
candidate_0147,exact_brand_name_match,create_product_then_link_source_drinks,突袭面包店,,,谷语者,谷语者,,,,,,https://agtujigvxxdppngirqtu.supabase.co/storage/v1/object/public/taplist-media/81a90487-39c9-46bb-b221-68ff631275d6/drinks/59704f0c-eb3a-4043-a45f-d86286454e29/no-menu-beer-artwork__24_.jpg,,,active,production_drinks_2026-06-30_conservative_exact_key,2,1,0,2,441c3a33-bb7f-4a33-9752-0c27f07c9887|59704f0c-eb3a-4043-a45f-d86286454e29,81a90487-39c9-46bb-b221-68ff631275d6,突袭面包店,谷语者,谷语者,Exact normalized brand+name matched. Still review before merging if packaging/bar-specific naming differs.
candidate_0153,exact_brand_name_match,create_product_then_link_source_drinks,瓦哈卡日出,,,远山,远山,,,,,,,,,active,production_drinks_2026-06-30_conservative_exact_key,2,1,0,0,39880dda-5289-4eb1-ad2c-8811e682bedc|507b3075-5e7e-4727-8e11-1b3a9c32d810,81a90487-39c9-46bb-b221-68ff631275d6,瓦哈卡日出,远山,远山,Exact normalized brand+name matched. Still review before merging if packaging/bar-specific naming differs.
candidate_0145,exact_brand_name_match,create_product_then_link_source_drinks,西普西普,,,卡布拉多,卡布拉多,,,,,,https://agtujigvxxdppngirqtu.supabase.co/storage/v1/object/public/taplist-media/81a90487-39c9-46bb-b221-68ff631275d6/drinks/b325cd7a-55c4-4c99-b8e9-365f48ea2275/no-menu-beer-artwork__27_.jpg,,,active,production_drinks_2026-06-30_conservative_exact_key,2,1,0,2,942742ae-5a27-48e8-b20c-90e1f02ee7c1|b325cd7a-55c4-4c99-b8e9-365f48ea2275,81a90487-39c9-46bb-b221-68ff631275d6,西普西普,卡布拉多,卡布拉多,Exact normalized brand+name matched. Still review before merging if packaging/bar-specific naming differs.
candidate_0210,exact_brand_name_match,create_product_then_link_source_drinks,下快攻,,,退界,退界,五月博克,7,,成都,,https://agtujigvxxdppngirqtu.supabase.co/storage/v1/object/public/taplist-media/c3af90db-9734-4750-927c-38f6b37fb3e0/drinks/fd72100b-c9bf-478b-af09-0c7de8bc7714/no-menu-beer-artwork__11_.jpg,,,active,production_drinks_2026-06-30_conservative_exact_key,2,2,1,2,c09f46e2-52b0-4892-aca2-46125657b75c|fd72100b-c9bf-478b-af09-0c7de8bc7714,57d005da-1193-4bd2-955a-ef6b9653516d|c3af90db-9734-4750-927c-38f6b37fb3e0,下快攻,退界,退界,Exact normalized brand+name matched. Still review before merging if packaging/bar-specific naming differs.
candidate_0624,exact_brand_name_match,create_product_then_link_source_drinks,夏沁,,,HESPER,HESPER,Sour Hoppy Lager,5,,东莞,,https://agtujigvxxdppngirqtu.supabase.co/storage/v1/object/public/taplist-media/494bcf1f-8346-480f-a396-204b104c9313/drinks/200d3537-5b05-490c-8d6f-6c59774efec0/no-menu-beer-artwork__13_.jpg,,,active,production_drinks_2026-06-30_conservative_exact_key,2,2,1,2,200d3537-5b05-490c-8d6f-6c59774efec0|b0175d6a-18a6-467a-a6c8-d4132ba461c5,494bcf1f-8346-480f-a396-204b104c9313|4d1da7d9-8b21-4706-b535-355b9ff79388,夏沁,HESPER,HESPER,Exact normalized brand+name matched. Still review before merging if packaging/bar-specific naming differs.
candidate_0152,exact_brand_name_match,create_product_then_link_source_drinks,小花冠,,,虽吴,虽吴,,,,,,https://agtujigvxxdppngirqtu.supabase.co/storage/v1/object/public/taplist-media/7aa1147c-5c8b-4c68-bc11-56ce34608689/drinks/d8368ac1-8dd5-40b8-b4bf-61e915e55372/no-menu-beer-artwork_-_2026-06-08T022655.125.jpg,,,active,production_drinks_2026-06-30_conservative_exact_key,2,2,0,2,3d6cb427-a8c3-4583-a7c4-5a3ad9f5f505|d8368ac1-8dd5-40b8-b4bf-61e915e55372,3d6cb427-a8c3-4583-a7c4-5a3ad9f5f787|7aa1147c-5c8b-4c68-bc11-56ce34608689,小花冠,虽吴,虽吴,Exact normalized brand+name matched. Still review before merging if packaging/bar-specific naming differs.
candidate_0432,exact_brand_name_match,create_product_then_link_source_drinks,小花冠,,,虽吾,虽吾,墨西哥拉格,4.2,,扬州,,https://agtujigvxxdppngirqtu.supabase.co/storage/v1/object/public/taplist-media/26597d55-8a12-4185-b3ef-cb9a3ac1773a/drinks/b5be827e-be9a-4016-a1bf-4bc82e264bd6/no-menu-beer-artwork__19_.jpg,,,active,production_drinks_2026-06-30_conservative_exact_key,2,2,1,2,25ba7d64-f634-4fc1-8957-78c0df84dff5|b5be827e-be9a-4016-a1bf-4bc82e264bd6,81a90487-39c9-46bb-b221-68ff631275d6|26597d55-8a12-4185-b3ef-cb9a3ac1773a,小花冠,虽吾,虽吾,Exact normalized brand+name matched. Still review before merging if packaging/bar-specific naming differs.
candidate_0504,exact_brand_name_match,create_product_then_link_source_drinks,笑脸,,,欧米尼珀罗,欧米尼珀罗,帝国甜点世涛,11,,瑞典,,https://agtujigvxxdppngirqtu.supabase.co/storage/v1/object/public/taplist-media/283206e3-22d9-4a54-b8a5-70694b1ec062/drinks/b300865d-4265-4f48-bf2a-1328062371b2/no-menu-beer-artwork__62_.jpg,,,active,production_drinks_2026-06-30_conservative_exact_key,2,2,1,2,b300865d-4265-4f48-bf2a-1328062371b2|da570bb8-80cb-4653-aa39-24f02bfb7685,283206e3-22d9-4a54-b8a5-70694b1ec062|7cce9b27-acd5-4bdc-a302-153c8245a1c1,笑脸,欧米尼珀罗,欧米尼珀罗,Exact normalized brand+name matched. Still review before merging if packaging/bar-specific naming differs.
candidate_0163,exact_brand_name_match,create_product_then_link_source_drinks,杏杏点灯,,,红男爵,红男爵,,,,,,https://agtujigvxxdppngirqtu.supabase.co/storage/v1/object/public/taplist-media/81a90487-39c9-46bb-b221-68ff631275d6/drinks/beedb802-845a-4bb4-a9e3-4e789ff5cac3/no-menu-bar-cover__12_.jpg,,,active,production_drinks_2026-06-30_conservative_exact_key,2,1,0,0,5042b6ff-3dcc-4328-98ef-70723b2cb2df|beedb802-845a-4bb4-a9e3-4e789ff5cac3,81a90487-39c9-46bb-b221-68ff631275d6,杏杏点灯,红男爵,红男爵,Exact normalized brand+name matched. Still review before merging if packaging/bar-specific naming differs.
candidate_0352,exact_brand_name_match,create_product_then_link_source_drinks,幸运,,,凯西,凯西,农舍艾尔,8,,美国,,https://agtujigvxxdppngirqtu.supabase.co/storage/v1/object/public/taplist-media/494bcf1f-8346-480f-a396-204b104c9313/drinks/0a93a6c0-dcf5-4c27-8a7b-51337de9d0fe/casey___.png,,,active,production_drinks_2026-06-30_conservative_exact_key,2,2,1,2,625c7605-6190-4ad8-b1c7-d815cc246a76|0a93a6c0-dcf5-4c27-8a7b-51337de9d0fe,7aa1147c-5c8b-4c68-bc11-56ce34608689|494bcf1f-8346-480f-a396-204b104c9313,幸运,凯西,凯西,Exact normalized brand+name matched. Still review before merging if packaging/bar-specific naming differs.
candidate_0508,exact_brand_name_match,create_product_then_link_source_drinks,玄骥,,,狸造,狸造,DDH黑IPA,7.2,,北京,,https://agtujigvxxdppngirqtu.supabase.co/storage/v1/object/public/taplist-media/1cff208a-4424-4867-966d-a7839ac59f6f/drinks/cbe7c458-88f3-44f3-94b8-2e4a64fa48f5/no-menu-beer-artwork__68_.jpg,,,active,production_drinks_2026-06-30_conservative_exact_key,2,2,2,2,cbe7c458-88f3-44f3-94b8-2e4a64fa48f5|4e208591-004f-4b8c-8ac0-d26731ba67e0,1cff208a-4424-4867-966d-a7839ac59f6f|13b6f277-ab0d-4c19-ba8a-d97a5af9f51d,玄骥,狸造,狸造,Exact normalized brand+name matched. Still review before merging if packaging/bar-specific naming differs.
candidate_0177,exact_brand_name_match,create_product_then_link_source_drinks,雪峰,,,风土,风土,,,,,,https://agtujigvxxdppngirqtu.supabase.co/storage/v1/object/public/taplist-media/81a90487-39c9-46bb-b221-68ff631275d6/drinks/a6f81396-900d-490f-bafb-a8065b3da2d6/no-menu-beer-artwork__29_.jpg,,,active,production_drinks_2026-06-30_conservative_exact_key,2,1,0,0,a6f81396-900d-490f-bafb-a8065b3da2d6|a82e17ca-55de-4a04-b328-0243fd17be38,81a90487-39c9-46bb-b221-68ff631275d6,雪峰,风土,风土,Exact normalized brand+name matched. Still review before merging if packaging/bar-specific naming differs.
candidate_0297,exact_brand_name_match,create_product_then_link_source_drinks,业劫,,,本末·特伦,本末·特伦,,,,,,https://agtujigvxxdppngirqtu.supabase.co/storage/v1/object/public/taplist-media/283206e3-22d9-4a54-b8a5-70694b1ec062/drinks/c72e93d8-ec7f-44a8-b69d-9492605e232e/__.jpg,,,active,production_drinks_2026-06-30_conservative_exact_key,2,2,0,2,c8eb822f-58e9-4d1d-bcfd-eab18fb972ae|c72e93d8-ec7f-44a8-b69d-9492605e232e,57d005da-1193-4bd2-955a-ef6b9653516d|283206e3-22d9-4a54-b8a5-70694b1ec062,业劫,本末·特伦,本末·特伦,Exact normalized brand+name matched. Still review before merging if packaging/bar-specific naming differs.
candidate_0148,exact_brand_name_match,create_product_then_link_source_drinks,夜莺,,,野鹅,野鹅,,,,,,https://agtujigvxxdppngirqtu.supabase.co/storage/v1/object/public/taplist-media/81a90487-39c9-46bb-b221-68ff631275d6/drinks/566e3c14-9c5b-488b-923e-b7f66cae978f/no-menu-beer-artwork__31_.jpg,,,active,production_drinks_2026-06-30_conservative_exact_key,2,1,0,2,7e6d6f74-d090-45f9-99a9-60e5ea81a3f7|566e3c14-9c5b-488b-923e-b7f66cae978f,81a90487-39c9-46bb-b221-68ff631275d6,夜莺,野鹅,野鹅,Exact normalized brand+name matched. Still review before merging if packaging/bar-specific naming differs.
candidate_0174,exact_brand_name_match,create_product_then_link_source_drinks,一丛殊花,,,赤屿谷盗,赤屿谷盗,,,,,,https://agtujigvxxdppngirqtu.supabase.co/storage/v1/object/public/taplist-media/4d1da7d9-8b21-4706-b535-355b9ff79388/drinks/4d1da7d9-8b21-4706-b535-355b9ff70107/no-menu-beer-artwork__23_.jpg,,,active,production_drinks_2026-06-30_conservative_exact_key,2,2,0,2,4d1da7d9-8b21-4706-b535-355b9ff70107|d293b32a-da03-42f3-a99b-23dd828b82ad,4d1da7d9-8b21-4706-b535-355b9ff79388|82bf1237-e90c-4379-a2bc-a6dad2726b93,一丛殊花,赤屿谷盗,赤屿谷盗,Exact normalized brand+name matched. Still review before merging if packaging/bar-specific naming differs.
candidate_0519,exact_brand_name_match,create_product_then_link_source_drinks,有限社交,,,TAPSTAR,TAPSTAR,美式淡色艾尔,5,,,,https://agtujigvxxdppngirqtu.supabase.co/storage/v1/object/public/taplist-media/2c191730-69f6-4031-8256-91aa59e5bc52/drinks/058d1c8e-4117-4caf-8dd5-a42a972d154c/no-menu-beer-artwork__75_.jpg,,,active,production_drinks_2026-06-30_conservative_exact_key,2,2,1,2,058d1c8e-4117-4caf-8dd5-a42a972d154c|826fac7c-6a10-4ff9-8b72-8798099efc22,2c191730-69f6-4031-8256-91aa59e5bc52|4d1da7d9-8b21-4706-b535-355b9ff79388,有限社交,TAPSTAR,TAPSTAR,Exact normalized brand+name matched. Still review before merging if packaging/bar-specific naming differs.
candidate_0622,exact_brand_name_match,create_product_then_link_source_drinks,玉米诱惑,,,美西,美西,墨西哥拉格,4.8,,成都,,https://agtujigvxxdppngirqtu.supabase.co/storage/v1/object/public/taplist-media/494bcf1f-8346-480f-a396-204b104c9313/drinks/9a21a89d-58b1-4bdf-a347-a2eda08f0ac1/no-menu-beer-artwork__10_.jpg,,,active,production_drinks_2026-06-30_conservative_exact_key,2,2,2,2,9a21a89d-58b1-4bdf-a347-a2eda08f0ac1|713f0c24-1fe7-48ed-b5a0-e0d704e473d9,494bcf1f-8346-480f-a396-204b104c9313|487685c5-99f1-463c-9e19-9eeea1cf6699,玉米诱惑,美西,美西,Exact normalized brand+name matched. Still review before merging if packaging/bar-specific naming differs.
candidate_0500,exact_brand_name_match,create_product_then_link_source_drinks,原始灵魂示意,,,凯西,凯西,野菌艾尔,5.8,,美国,,https://agtujigvxxdppngirqtu.supabase.co/storage/v1/object/public/taplist-media/283206e3-22d9-4a54-b8a5-70694b1ec062/drinks/fc162277-39d3-40ed-aa12-2bb52bcf44b7/no-menu-beer-artwork__63_.jpg,,,active,production_drinks_2026-06-30_conservative_exact_key,2,2,1,2,fc162277-39d3-40ed-aa12-2bb52bcf44b7|84d83ea6-eabf-4db2-8ed6-daad85be0413,283206e3-22d9-4a54-b8a5-70694b1ec062|7cce9b27-acd5-4bdc-a302-153c8245a1c1,原始灵魂示意,凯西,凯西,Exact normalized brand+name matched. Still review before merging if packaging/bar-specific naming differs.
candidate_0618,exact_brand_name_match,create_product_then_link_source_drinks,长夏有风,,,赤屿谷盗,赤屿谷盗,西海岸IPA,6.2,,海南,,https://agtujigvxxdppngirqtu.supabase.co/storage/v1/object/public/taplist-media/487685c5-99f1-463c-9e19-9eeea1cf6699/drinks/569be77d-646b-49a0-95e3-edc31914d3d6/no-menu-beer-artwork__35_.jpg,,,active,production_drinks_2026-06-30_conservative_exact_key,2,2,2,2,91439df4-d1b5-405c-b0d4-a879c5e8fa99|569be77d-646b-49a0-95e3-edc31914d3d6,27c1beca-c912-4f4a-bee5-3ccf0e5d981f|487685c5-99f1-463c-9e19-9eeea1cf6699,长夏有风,赤屿谷盗,赤屿谷盗,Exact normalized brand+name matched. Still review before merging if packaging/bar-specific naming differs.
candidate_0277,exact_brand_name_match,create_product_then_link_source_drinks,折射,,,Fever,Fever,美式IPA,6.1,34,西安,,https://agtujigvxxdppngirqtu.supabase.co/storage/v1/object/public/taplist-media/831db2a1-ee47-4d88-9c0b-3e19a5668d6d/drinks/cb6a4ae3-e071-44de-8fc8-0610ea588f19/no-menu-beer-artwork__84_.jpg,"干爽酒体中满是EI Dorado的菠萝味和
Segal农场的Cascade那种甜橙味，低苦度易饮，易饮，Lutra酵母能让这款酒慢慢都是酒花味，而没有任何酵母香气干扰。","干爽酒体中满是EI Dorado的菠萝味和
Segal农场的Cascade那种甜橙味，低苦度易饮，易饮，Lutra酵母能让这款酒慢慢都是酒花味，而没有任何酵母香气干扰。",active,production_drinks_2026-06-30_conservative_exact_key,2,2,1,2,cb6a4ae3-e071-44de-8fc8-0610ea588f19|ccefb5a0-df8c-4f8a-8354-26c6cd40fcb7,831db2a1-ee47-4d88-9c0b-3e19a5668d6d|494bcf1f-8346-480f-a396-204b104c9313,折射,Fever,Fever,Exact normalized brand+name matched. Still review before merging if packaging/bar-specific naming differs.
candidate_0524,exact_brand_name_match,create_product_then_link_source_drinks,中途乐园,,,蔓延,蔓延,西海岸IPA,7,,武汉,,https://agtujigvxxdppngirqtu.supabase.co/storage/v1/object/public/taplist-media/2c191730-69f6-4031-8256-91aa59e5bc52/drinks/3367c327-a397-4548-b63f-95fa7033cbdb/no-menu-beer-artwork__69_.jpg,,,active,production_drinks_2026-06-30_conservative_exact_key,2,2,1,2,3367c327-a397-4548-b63f-95fa7033cbdb|a61d54c8-a639-476e-824f-f59a21c6874e,2c191730-69f6-4031-8256-91aa59e5bc52|82bf1237-e90c-4379-a2bc-a6dad2726b93,中途乐园,蔓延,蔓延,Exact normalized brand+name matched. Still review before merging if packaging/bar-specific naming differs.
candidate_0371,exact_brand_name_match,create_product_then_link_source_drinks,紫露,,,洄游造物,洄游造物,,,,,,https://agtujigvxxdppngirqtu.supabase.co/storage/v1/object/public/taplist-media/81a90487-39c9-46bb-b221-68ff631275d6/drinks/68f9656e-427d-4757-9fed-b8f48b38a808/no-menu-event-image__2_.jpg,,,active,production_drinks_2026-06-30_conservative_exact_key,2,2,0,2,68f9656e-427d-4757-9fed-b8f48b38a808|aa28c24b-2738-4724-992d-bdc4b92c8387,81a90487-39c9-46bb-b221-68ff631275d6|7aa1147c-5c8b-4c68-bc11-56ce34608689,紫露,洄游造物,洄游造物,Exact normalized brand+name matched. Still review before merging if packaging/bar-specific naming differs.
candidate_0229,exact_brand_name_match,create_product_then_link_source_drinks,Fever,,,想象中的雨,想象中的雨,农舍艾尔：塞松,5.2,14,,,https://agtujigvxxdppngirqtu.supabase.co/storage/v1/object/public/taplist-media/81a90487-39c9-46bb-b221-68ff631275d6/drinks/5f5dee80-1a8c-43c0-a1ad-4d8d56aba001/no-menu-bar-cover__15_.jpg,,,active,production_drinks_2026-06-30_conservative_exact_key,2,1,1,2,a965113f-26bd-471a-9fd8-d5c7f9ede987|5f5dee80-1a8c-43c0-a1ad-4d8d56aba001,81a90487-39c9-46bb-b221-68ff631275d6,Fever,想象中的雨,想象中的雨|Fever,Exact normalized brand+name matched. Still review before merging if packaging/bar-specific naming differs.
candidate_0187,single_drink,create_product_then_link_source_drinks,120美元2号,,,善良胡夫,善良胡夫,,,,,,,,,active,production_drinks_2026-06-30_conservative_exact_key,1,1,0,1,39944426-0e1c-4adc-8c88-301d1d5c9277,57d005da-1193-4bd2-955a-ef6b9653516d,120美元2号,善良胡夫,善良胡夫,Single source drink; safe to create as standalone product if this row should enter pool.
candidate_0497,single_drink,create_product_then_link_source_drinks,3乘3七号,,,欧米尼珀罗,欧米尼珀罗,,,,,,https://agtujigvxxdppngirqtu.supabase.co/storage/v1/object/public/taplist-media/a4f4002f-fccd-41dd-bbc5-153d30fc5385/drinks/47d0c850-ef74-40b9-8b55-958e54edd068/no-menu-beer-artwork__47_.jpg,,,active,production_drinks_2026-06-30_conservative_exact_key,1,1,0,1,47d0c850-ef74-40b9-8b55-958e54edd068,a4f4002f-fccd-41dd-bbc5-153d30fc5385,3乘3七号,欧米尼珀罗,欧米尼珀罗,Single source drink; safe to create as standalone product if this row should enter pool.
candidate_0130,single_drink,create_product_then_link_source_drinks,805 Blonde,,,Firestone Walker,Firestone Walker,,,,,,https://images.unsplash.com/photo-1600788886242-5c96aabe3757?auto=format&fit=crop&w=900&q=80,,,active,production_drinks_2026-06-30_conservative_exact_key,1,1,1,1,d1000001-0001-4001-8001-000000000401,b1000001-0001-4001-8001-000000000004,805 Blonde,Firestone Walker,Firestone Walker,Single source drink; safe to create as standalone product if this row should enter pool.
candidate_0016,single_drink,create_product_then_link_source_drinks,阿贝10年,,,,,,,,,,,,,active,production_drinks_2026-06-30_conservative_exact_key,1,1,0,1,7b0cc0bd-1a4d-4806-ac66-8646da57f512,00000000-0000-0000-0000-000000000001,阿贝10年,,,Single source drink; safe to create as standalone product if this row should enter pool.
candidate_0176,single_drink,create_product_then_link_source_drinks,阿尔卑斯,,,远山,远山,,,,,,,,,active,production_drinks_2026-06-30_conservative_exact_key,1,1,0,0,64caaf9e-feec-432f-af73-0c5252418a36,81a90487-39c9-46bb-b221-68ff631275d6,阿尔卑斯,远山,远山,Single source drink; safe to create as standalone product if this row should enter pool.
candidate_0305,single_drink,create_product_then_link_source_drinks,阿尔科莱,,,洛莱,洛莱,,,,,,,,,active,production_drinks_2026-06-30_conservative_exact_key,1,1,0,1,0db1661b-490d-4a1d-b75d-d4ab74dde418,57d005da-1193-4bd2-955a-ef6b9653516d,阿尔科莱,洛莱,洛莱,Single source drink; safe to create as standalone product if this row should enter pool.
candidate_0181,single_drink,create_product_then_link_source_drinks,阿尔克斯,,,洛莱,洛莱,,,,,,,,,active,production_drinks_2026-06-30_conservative_exact_key,1,1,0,1,f0f0b611-1eab-4f36-b6ee-a9548b136f8f,57d005da-1193-4bd2-955a-ef6b9653516d,阿尔克斯,洛莱,洛莱,Single source drink; safe to create as standalone product if this row should enter pool.
candidate_0165,single_drink,create_product_then_link_source_drinks,阿尔派恩淡影,,,远山,远山,,,,,,https://agtujigvxxdppngirqtu.supabase.co/storage/v1/object/public/taplist-media/81a90487-39c9-46bb-b221-68ff631275d6/drinks/22c86613-c68c-4fa1-a491-0ebea791c0cb/no-menu-beer-artwork__28_.jpg,,,active,production_drinks_2026-06-30_conservative_exact_key,1,1,0,0,22c86613-c68c-4fa1-a491-0ebea791c0cb,81a90487-39c9-46bb-b221-68ff631275d6,阿尔派恩淡影,远山,远山,Single source drink; safe to create as standalone product if this row should enter pool.
candidate_0440,single_drink,create_product_then_link_source_drinks,阿佳,,,无毛用,无毛用,藏式香料Mead,4.5,,广州,,https://agtujigvxxdppngirqtu.supabase.co/storage/v1/object/public/taplist-media/44a4429c-fb70-47a5-923b-370fce8f167e/drinks/2af6a3e7-e381-4f57-b9b0-fe0cf3066e85/no-menu-beer-artwork__3_.jpg,,,active,production_drinks_2026-06-30_conservative_exact_key,1,1,1,1,2af6a3e7-e381-4f57-b9b0-fe0cf3066e85,44a4429c-fb70-47a5-923b-370fce8f167e,阿佳,无毛用,无毛用,Single source drink; safe to create as standalone product if this row should enter pool.
candidate_0211,single_drink,create_product_then_link_source_drinks,阿努尔夫街52号,,,小回酿造 / Turn Right Brewing,小回酿造 / Turn Right Brewing,,,,,,https://agtujigvxxdppngirqtu.supabase.co/storage/v1/object/public/taplist-media/831db2a1-ee47-4d88-9c0b-3e19a5668d6d/drinks/6129dcea-a0c0-44aa-a458-4fa2c68058d3/no-menu-beer-artwork__40_.jpg,,,active,production_drinks_2026-06-30_conservative_exact_key,1,1,0,1,6129dcea-a0c0-44aa-a458-4fa2c68058d3,831db2a1-ee47-4d88-9c0b-3e19a5668d6d,阿努尔夫街52号,小回酿造 / Turn Right Brewing,小回酿造 / Turn Right Brewing,Single source drink; safe to create as standalone product if this row should enter pool.
candidate_0485,single_drink,create_product_then_link_source_drinks,阿诗玛的莓果园,,,云酊,云酊,四倍莓果果泥西打,3,,云南,,https://agtujigvxxdppngirqtu.supabase.co/storage/v1/object/public/taplist-media/a4f4002f-fccd-41dd-bbc5-153d30fc5385/drinks/85806ece-b775-461f-8dd0-191b48d3292c/no-menu-beer-artwork__49_.jpg,,,active,production_drinks_2026-06-30_conservative_exact_key,1,1,1,1,85806ece-b775-461f-8dd0-191b48d3292c,a4f4002f-fccd-41dd-bbc5-153d30fc5385,阿诗玛的莓果园,云酊,云酊,Single source drink; safe to create as standalone product if this row should enter pool.
candidate_0190,single_drink,create_product_then_link_source_drinks,阿温,,,2062,2062,,,,,,https://agtujigvxxdppngirqtu.supabase.co/storage/v1/object/public/taplist-media/4d1da7d9-8b21-4706-b535-355b9ff79388/drinks/4d1da7d9-8b21-4706-b535-355b9ff70101/no-menu-beer-artwork__21_.jpg,,,active,production_drinks_2026-06-30_conservative_exact_key,1,1,0,1,4d1da7d9-8b21-4706-b535-355b9ff70101,4d1da7d9-8b21-4706-b535-355b9ff79388,阿温,2062,2062,Single source drink; safe to create as standalone product if this row should enter pool.
candidate_0365,single_drink,create_product_then_link_source_drinks,埃尔登,,,费尔岛,费尔岛,,,,,,https://agtujigvxxdppngirqtu.supabase.co/storage/v1/object/public/taplist-media/7aa1147c-5c8b-4c68-bc11-56ce34608689/drinks/1c8e4a0e-a8f0-48c3-86f4-4efd965dc3b2/no-menu-beer-artwork_-_2026-06-08T022809.059.jpg,,,active,production_drinks_2026-06-30_conservative_exact_key,1,1,0,1,1c8e4a0e-a8f0-48c3-86f4-4efd965dc3b2,7aa1147c-5c8b-4c68-bc11-56ce34608689,埃尔登,费尔岛,费尔岛,Single source drink; safe to create as standalone product if this row should enter pool.
candidate_0037,single_drink,create_product_then_link_source_drinks,艾帝达姆,,,,,,,,,,,,,active,production_drinks_2026-06-30_conservative_exact_key,1,1,0,1,dc7e6227-d9da-4b60-8873-015ce883e972,00000000-0000-0000-0000-000000000001,艾帝达姆,,,Single source drink; safe to create as standalone product if this row should enter pool.
candidate_0028,single_drink,create_product_then_link_source_drinks,艾伦波本桶,,,,,,,,,,,,,active,production_drinks_2026-06-30_conservative_exact_key,1,1,0,0,9c085079-a7f1-429a-aed6-265932b2bd28,00000000-0000-0000-0000-000000000001,艾伦波本桶,,,Single source drink; safe to create as standalone product if this row should enter pool.
candidate_0171,single_drink,create_product_then_link_source_drinks,艾斯高巴,,,Beerhead,Beerhead,,,,,,https://agtujigvxxdppngirqtu.supabase.co/storage/v1/object/public/taplist-media/3d6cb427-a8c3-4583-a7c4-5a3ad9f5f787/drinks/3d6cb427-a8c3-4583-a7c4-5a3ad9f5f501/no-menu-beer-artwork__6_.jpg,,,active,production_drinks_2026-06-30_conservative_exact_key,1,1,0,1,3d6cb427-a8c3-4583-a7c4-5a3ad9f5f501,3d6cb427-a8c3-4583-a7c4-5a3ad9f5f787,艾斯高巴,Beerhead,Beerhead,Single source drink; safe to create as standalone product if this row should enter pool.
candidate_0515,single_drink,create_product_then_link_source_drinks,爱因斯坦的数数学成绩单,,,彼岸,彼岸,德式淡色艾尔,5,,,,https://agtujigvxxdppngirqtu.supabase.co/storage/v1/object/public/taplist-media/2c191730-69f6-4031-8256-91aa59e5bc52/drinks/9c391a8c-6108-4e64-994e-59e2ce2a4b41/no-menu-beer-artwork__74_.jpg,,,active,production_drinks_2026-06-30_conservative_exact_key,1,1,1,1,9c391a8c-6108-4e64-994e-59e2ce2a4b41,2c191730-69f6-4031-8256-91aa59e5bc52,爱因斯坦的数数学成绩单,彼岸,彼岸,Single source drink; safe to create as standalone product if this row should enter pool.
candidate_0427,single_drink,create_product_then_link_source_drinks,安布拉纳闪耀,,,布鲁瑞,布鲁瑞,帝国世涛,19.1,,美国,,https://agtujigvxxdppngirqtu.supabase.co/storage/v1/object/public/taplist-media/7aa1147c-5c8b-4c68-bc11-56ce34608689/drinks/12997034-9b22-4c77-a61b-408fca5a07cc/no-menu-beer-artwork__21_.jpg,这是一款添加了巴西坚果、巴西莓和巴西香草，并在巴西硬木（Amburana）桶陈酿的帝国世涛。,这是一款添加了巴西坚果、巴西莓和巴西香草，并在巴西硬木（Amburana）桶陈酿的帝国世涛。,active,production_drinks_2026-06-30_conservative_exact_key,1,1,1,1,12997034-9b22-4c77-a61b-408fca5a07cc,7aa1147c-5c8b-4c68-bc11-56ce34608689,安布拉纳闪耀,布鲁瑞,布鲁瑞,Single source drink; safe to create as standalone product if this row should enter pool.
candidate_0414,single_drink,create_product_then_link_source_drinks,安娜,,,农舍山,农舍山,农舍艾尔,6.2,,美国,,https://agtujigvxxdppngirqtu.supabase.co/storage/v1/object/public/taplist-media/7cce9b27-acd5-4bdc-a302-153c8245a1c1/drinks/446b3504-6ef7-4337-9715-6997caebc435/no-menu-beer-artwork__4_.jpg,,,active,production_drinks_2026-06-30_conservative_exact_key,1,1,1,1,446b3504-6ef7-4337-9715-6997caebc435,7cce9b27-acd5-4bdc-a302-153c8245a1c1,安娜,农舍山,农舍山,Single source drink; safe to create as standalone product if this row should enter pool.
candidate_0188,single_drink,create_product_then_link_source_drinks,暗椰,,,勿幕,勿幕,,,,,,,,,active,production_drinks_2026-06-30_conservative_exact_key,1,1,0,1,3d6cb427-a8c3-4583-a7c4-5a3ad9f5f508,3d6cb427-a8c3-4583-a7c4-5a3ad9f5f787,暗椰,勿幕,勿幕,Single source drink; safe to create as standalone product if this row should enter pool.
candidate_0677,single_drink,create_product_then_link_source_drinks,暗夜医者,,,艾尔复兴*布鲁乔司,艾尔复兴*布鲁乔司,新英格兰帝国IPA,8.5,,美国,,https://agtujigvxxdppngirqtu.supabase.co/storage/v1/object/public/taplist-media/7cce9b27-acd5-4bdc-a302-153c8245a1c1/drinks/44167935-2e02-4c88-b5c0-0a28bb937ffa/_________________.png,,,active,production_drinks_2026-06-30_conservative_exact_key,1,1,1,1,44167935-2e02-4c88-b5c0-0a28bb937ffa,7cce9b27-acd5-4bdc-a302-153c8245a1c1,暗夜医者,艾尔复兴*布鲁乔司,艾尔复兴*布鲁乔司,Single source drink; safe to create as standalone product if this row should enter pool.
candidate_0502,single_drink,create_product_then_link_source_drinks,巴比伦,,,哈德逊河谷,哈德逊河谷,水果增味酸IPA,6,,美国,,https://agtujigvxxdppngirqtu.supabase.co/storage/v1/object/public/taplist-media/7aa1147c-5c8b-4c68-bc11-56ce34608689/drinks/95e743ac-3818-4344-89cf-4c184b2f4797/___________.png,,,active,production_drinks_2026-06-30_conservative_exact_key,1,1,1,1,95e743ac-3818-4344-89cf-4c184b2f4797,7aa1147c-5c8b-4c68-bc11-56ce34608689,巴比伦,哈德逊河谷,哈德逊河谷,Single source drink; safe to create as standalone product if this row should enter pool.
candidate_0259,single_drink,create_product_then_link_source_drinks,芭比之殇,,,闪电萨拉玛,闪电萨拉玛,,,,,,https://agtujigvxxdppngirqtu.supabase.co/storage/v1/object/public/taplist-media/a4f4002f-fccd-41dd-bbc5-153d30fc5385/drinks/78b9c9f7-1419-4359-a2d4-b4d1df7ab3be/no-menu-beer-artwork__67_.jpg,,,active,production_drinks_2026-06-30_conservative_exact_key,1,1,0,1,78b9c9f7-1419-4359-a2d4-b4d1df7ab3be,a4f4002f-fccd-41dd-bbc5-153d30fc5385,芭比之殇,闪电萨拉玛,闪电萨拉玛,Single source drink; safe to create as standalone product if this row should enter pool.
candidate_0189,single_drink,create_product_then_link_source_drinks,芭适,,,独墨,独墨,,,,,,https://agtujigvxxdppngirqtu.supabase.co/storage/v1/object/public/taplist-media/4d1da7d9-8b21-4706-b535-355b9ff79388/drinks/4d1da7d9-8b21-4706-b535-355b9ff70109/no-menu-beer-artwork__20_.jpg,,,active,production_drinks_2026-06-30_conservative_exact_key,1,1,0,1,4d1da7d9-8b21-4706-b535-355b9ff70109,4d1da7d9-8b21-4706-b535-355b9ff79388,芭适,独墨,独墨,Single source drink; safe to create as standalone product if this row should enter pool.
candidate_0003,single_drink,create_product_then_link_source_drinks,拔都红葡萄酒,,,,,,,,,,,,,active,production_drinks_2026-06-30_conservative_exact_key,1,1,0,0,ae399137-8acf-451d-928c-08c20b011687,00000000-0000-0000-0000-000000000001,拔都红葡萄酒,,,Single source drink; safe to create as standalone product if this row should enter pool.
candidate_0298,single_drink,create_product_then_link_source_drinks,爸爸 papa,,,退界,退界,,,,,,,,,active,production_drinks_2026-06-30_conservative_exact_key,1,1,0,1,bd1aaaea-a930-4cad-b509-58ec0b268147,57d005da-1193-4bd2-955a-ef6b9653516d,爸爸 papa,退界,退界,Single source drink; safe to create as standalone product if this row should enter pool.
candidate_0540,single_drink,create_product_then_link_source_drinks,爸爸papà,,,退界,退界,,,,,,https://agtujigvxxdppngirqtu.supabase.co/storage/v1/object/public/taplist-media/494bcf1f-8346-480f-a396-204b104c9313/drinks/3ca0db1f-4378-4fb4-af2c-3ffd79e04edb/no-menu-beer-artwork__6_.jpg,,,active,production_drinks_2026-06-30_conservative_exact_key,1,1,0,1,3ca0db1f-4378-4fb4-af2c-3ffd79e04edb,494bcf1f-8346-480f-a396-204b104c9313,爸爸papà,退界,退界,Single source drink; safe to create as standalone product if this row should enter pool.
candidate_0688,single_drink,create_product_then_link_source_drinks,白板,,,辉光,辉光,比利时小麦,5,,美国,,https://agtujigvxxdppngirqtu.supabase.co/storage/v1/object/public/taplist-media/7cce9b27-acd5-4bdc-a302-153c8245a1c1/drinks/85c0be62-37d9-4011-ab43-ab20f1481266/no-menu-beer-artwork__32_.jpg,,,active,production_drinks_2026-06-30_conservative_exact_key,1,1,1,1,85c0be62-37d9-4011-ab43-ab20f1481266,7cce9b27-acd5-4bdc-a302-153c8245a1c1,白板,辉光,辉光,Single source drink; safe to create as standalone product if this row should enter pool.
candidate_0568,single_drink,create_product_then_link_source_drinks,白葡桑格利亚,,,邪恶双子,邪恶双子,水果酸艾尔,4.5,,美国,,https://agtujigvxxdppngirqtu.supabase.co/storage/v1/object/public/taplist-media/283206e3-22d9-4a54-b8a5-70694b1ec062/drinks/fae145be-736a-4538-aebb-3d51d7ae29f6/no-menu-beer-artwork__19_.jpg,,,active,production_drinks_2026-06-30_conservative_exact_key,1,1,1,1,fae145be-736a-4538-aebb-3d51d7ae29f6,283206e3-22d9-4a54-b8a5-70694b1ec062,白葡桑格利亚,邪恶双子,邪恶双子,Single source drink; safe to create as standalone product if this row should enter pool.
candidate_0512,single_drink,create_product_then_link_source_drinks,白玉,,,霏然,霏然,洋槐枇杷艾尔,4.5,,苏州,,https://agtujigvxxdppngirqtu.supabase.co/storage/v1/object/public/taplist-media/1cff208a-4424-4867-966d-a7839ac59f6f/drinks/7490873c-6ef2-498b-969d-4a006baab13a/no-menu-beer-artwork__67_.jpg,,,active,production_drinks_2026-06-30_conservative_exact_key,1,1,1,1,7490873c-6ef2-498b-969d-4a006baab13a,1cff208a-4424-4867-966d-a7839ac59f6f,白玉,霏然,霏然,Single source drink; safe to create as standalone product if this row should enter pool.
candidate_0293,single_drink,create_product_then_link_source_drinks,班克斯先生,,,班克斯,班克斯,澳式拉格,6,,澳大利亚,,,,,active,production_drinks_2026-06-30_conservative_exact_key,1,1,1,1,2a7a0d6b-1f13-480a-8877-e46201650fac,57d005da-1193-4bd2-955a-ef6b9653516d,班克斯先生,班克斯,班克斯,Single source drink; safe to create as standalone product if this row should enter pool.
candidate_0049,single_drink,create_product_then_link_source_drinks,半颠 无人之境 双倍干头浑浊IPA 330ml,,,,,,,,,,,,,active,production_drinks_2026-06-30_conservative_exact_key,1,1,0,0,ca6cd150-528a-438e-b3c7-1c9b1d03b395,00000000-0000-0000-0000-000000000001,半颠 无人之境 双倍干头浑浊IPA 330ml,,,Single source drink; safe to create as standalone product if this row should enter pool.
candidate_0021,single_drink,create_product_then_link_source_drinks,半颠 心花怒放 330ml,,,,,,,,,,,,,active,production_drinks_2026-06-30_conservative_exact_key,1,1,0,0,295ad317-a7a1-418c-9c8a-2aac8a8f50af,00000000-0000-0000-0000-000000000001,半颠 心花怒放 330ml,,,Single source drink; safe to create as standalone product if this row should enter pool.
candidate_0018,single_drink,create_product_then_link_source_drinks,半颠 蓄势待发 双倍干投浑浊IPA 330ml,,,,,,,,,,,,,active,production_drinks_2026-06-30_conservative_exact_key,1,1,0,0,5a52c8eb-d770-4754-a69d-cf37fde727ad,00000000-0000-0000-0000-000000000001,半颠 蓄势待发 双倍干投浑浊IPA 330ml,,,Single source drink; safe to create as standalone product if this row should enter pool.
candidate_0041,single_drink,create_product_then_link_source_drinks,暴富果实微甜气泡白葡萄酒,,,,,,,,,,,,,active,production_drinks_2026-06-30_conservative_exact_key,1,1,0,0,451294b1-21ac-444d-92c9-b8c3828c0bcb,00000000-0000-0000-0000-000000000001,暴富果实微甜气泡白葡萄酒,,,Single source drink; safe to create as standalone product if this row should enter pool.
candidate_0331,single_drink,create_product_then_link_source_drinks,爆裂引擎,,,小回,小回,超淡色艾尔,5.7,,,,https://agtujigvxxdppngirqtu.supabase.co/storage/v1/object/public/taplist-media/1cff208a-4424-4867-966d-a7839ac59f6f/drinks/23bfe11b-ae73-4fd4-887e-053644685e81/no-menu-beer-artwork_-_2026-06-07T162904.908.jpg,,,active,production_drinks_2026-06-30_conservative_exact_key,1,1,1,1,23bfe11b-ae73-4fd4-887e-053644685e81,1cff208a-4424-4867-966d-a7839ac59f6f,爆裂引擎,小回,小回,Single source drink; safe to create as standalone product if this row should enter pool.
candidate_0167,single_drink,create_product_then_link_source_drinks,爆猩饼,,,仿猩会,仿猩会,,,,,,https://agtujigvxxdppngirqtu.supabase.co/storage/v1/object/public/taplist-media/4d1da7d9-8b21-4706-b535-355b9ff79388/drinks/4d1da7d9-8b21-4706-b535-355b9ff70104/no-menu-beer-artwork__22_.jpg,,,active,production_drinks_2026-06-30_conservative_exact_key,1,1,0,1,4d1da7d9-8b21-4706-b535-355b9ff70104,4d1da7d9-8b21-4706-b535-355b9ff79388,爆猩饼,仿猩会,仿猩会,Single source drink; safe to create as standalone product if this row should enter pool.
candidate_0644,single_drink,create_product_then_link_source_drinks,爆榨苹果,,,齿轮酿造,齿轮酿造,NFC果汁,0.05,,,,https://agtujigvxxdppngirqtu.supabase.co/storage/v1/object/public/taplist-media/487685c5-99f1-463c-9e19-9eeea1cf6699/drinks/7e9c60a3-fdd9-46c4-ba55-359e376e0a10/no-menu-beer-artwork__30_.jpg,,,active,production_drinks_2026-06-30_conservative_exact_key,1,1,1,1,7e9c60a3-fdd9-46c4-ba55-359e376e0a10,487685c5-99f1-463c-9e19-9eeea1cf6699,爆榨苹果,齿轮酿造,齿轮酿造,Single source drink; safe to create as standalone product if this row should enter pool.
candidate_0434,single_drink,create_product_then_link_source_drinks,北地显影,,,蔓延酿造,蔓延酿造,英式Ale,4.9,,武汉,,https://agtujigvxxdppngirqtu.supabase.co/storage/v1/object/public/taplist-media/44a4429c-fb70-47a5-923b-370fce8f167e/drinks/6081a221-2ac9-49ef-adac-e4582c3b081c/no-menu-beer-artwork__2_.jpg,,,active,production_drinks_2026-06-30_conservative_exact_key,1,1,1,1,6081a221-2ac9-49ef-adac-e4582c3b081c,44a4429c-fb70-47a5-923b-370fce8f167e,北地显影,蔓延酿造,蔓延酿造,Single source drink; safe to create as standalone product if this row should enter pool.
candidate_0395,single_drink,create_product_then_link_source_drinks,北海道哈密瓜,,,小樽酿造,小樽酿造,,,,,,,,,active,production_drinks_2026-06-30_conservative_exact_key,1,1,0,1,fefc174b-0eed-49a8-aa20-880caba1ffcd,7cce9b27-acd5-4bdc-a302-153c8245a1c1,北海道哈密瓜,小樽酿造,小樽酿造,Single source drink; safe to create as standalone product if this row should enter pool.
candidate_0567,single_drink,create_product_then_link_source_drinks,北极星,,,TAPSTAR,TAPSTAR,浑浊IPA,6,,贵阳,,https://agtujigvxxdppngirqtu.supabase.co/storage/v1/object/public/taplist-media/13b6f277-ab0d-4c19-ba8a-d97a5af9f51d/drinks/f1186064-453e-4ad2-b075-809c94513ee0/no-menu-beer-artwork__21_.jpg,,,active,production_drinks_2026-06-30_conservative_exact_key,1,1,1,1,f1186064-453e-4ad2-b075-809c94513ee0,13b6f277-ab0d-4c19-ba8a-d97a5af9f51d,北极星,TAPSTAR,TAPSTAR,Single source drink; safe to create as standalone product if this row should enter pool.
candidate_0597,single_drink,create_product_then_link_source_drinks,北极星 浑浊IPA,,,TAPSTAR,TAPSTAR,,,,,,,,,active,production_drinks_2026-06-30_conservative_exact_key,1,1,0,1,eb577554-2f1a-45ab-8f1f-efdcd906634e,00000000-0000-0000-0000-000000000001,北极星 浑浊IPA,TAPSTAR,TAPSTAR,Single source drink; safe to create as standalone product if this row should enter pool.
candidate_0456,single_drink,create_product_then_link_source_drinks,背包,,,僧侣,僧侣,,,,,,https://agtujigvxxdppngirqtu.supabase.co/storage/v1/object/public/taplist-media/44a4429c-fb70-47a5-923b-370fce8f167e/drinks/253c7597-4637-441e-b4f8-8ef4a089848d/_____.png,,,active,production_drinks_2026-06-30_conservative_exact_key,1,1,0,1,253c7597-4637-441e-b4f8-8ef4a089848d,44a4429c-fb70-47a5-923b-370fce8f167e,背包,僧侣,僧侣,Single source drink; safe to create as standalone product if this row should enter pool.
candidate_0321,single_drink,create_product_then_link_source_drinks,本劫,,,本末·特伦,本末·特伦,,,,,,,,,active,production_drinks_2026-06-30_conservative_exact_key,1,1,0,1,03d988a3-4833-4266-8b4f-93a679701c52,57d005da-1193-4bd2-955a-ef6b9653516d,本劫,本末·特伦,本末·特伦,Single source drink; safe to create as standalone product if this row should enter pool.
candidate_0346,single_drink,create_product_then_link_source_drinks,本劫,,,本末特伦,本末特伦,,,,,,https://agtujigvxxdppngirqtu.supabase.co/storage/v1/object/public/taplist-media/283206e3-22d9-4a54-b8a5-70694b1ec062/drinks/0a83c634-fa20-48a8-957b-708ad3141659/__.jpg,,,active,production_drinks_2026-06-30_conservative_exact_key,1,1,0,1,0a83c634-fa20-48a8-957b-708ad3141659,283206e3-22d9-4a54-b8a5-70694b1ec062,本劫,本末特伦,本末特伦,Single source drink; safe to create as standalone product if this row should enter pool.
candidate_0118,single_drink,create_product_then_link_source_drinks,比利时小麦,,,Hoegaarden,Hoegaarden,,,,,,https://images.unsplash.com/photo-1535958636474-b021ee887b13?auto=format&fit=crop&w=900&q=80,,,active,production_drinks_2026-06-30_conservative_exact_key,1,1,1,1,d1000001-0001-4001-8001-000000000104,b1000001-0001-4001-8001-000000000001,比利时小麦,Hoegaarden,Hoegaarden,Single source drink; safe to create as standalone product if this row should enter pool.
candidate_0336,single_drink,create_product_then_link_source_drinks,笔触,,,僧侣,僧侣,,,,,,,,,active,production_drinks_2026-06-30_conservative_exact_key,1,1,0,1,157da64a-35f2-4da9-83dd-84a95a00a86d,7aa1147c-5c8b-4c68-bc11-56ce34608689,笔触,僧侣,僧侣,Single source drink; safe to create as standalone product if this row should enter pool.
candidate_0548,single_drink,create_product_then_link_source_drinks,碧堡,,,碧特博格,碧特博格,,,,,,https://agtujigvxxdppngirqtu.supabase.co/storage/v1/object/public/taplist-media/a4f4002f-fccd-41dd-bbc5-153d30fc5385/drinks/52c65ab2-b125-46e5-8499-e58a434ac2f0/_______.jpg,,,active,production_drinks_2026-06-30_conservative_exact_key,1,1,0,1,52c65ab2-b125-46e5-8499-e58a434ac2f0,a4f4002f-fccd-41dd-bbc5-153d30fc5385,碧堡,碧特博格,碧特博格,Single source drink; safe to create as standalone product if this row should enter pool.
candidate_0562,single_drink,create_product_then_link_source_drinks,冰冰乐6号,,,酒花僵尸,酒花僵尸,柏林酸小麦,4.3,,美国,,https://agtujigvxxdppngirqtu.supabase.co/storage/v1/object/public/taplist-media/283206e3-22d9-4a54-b8a5-70694b1ec062/drinks/913fc968-6eef-449e-b034-797b94793001/no-menu-beer-artwork__20_.jpg,,,active,production_drinks_2026-06-30_conservative_exact_key,1,1,1,1,913fc968-6eef-449e-b034-797b94793001,283206e3-22d9-4a54-b8a5-70694b1ec062,冰冰乐6号,酒花僵尸,酒花僵尸,Single source drink; safe to create as standalone product if this row should enter pool.
candidate_0232,single_drink,create_product_then_link_source_drinks,冰川,,,勿幕酿造 / WUMU Brewery,勿幕酿造 / WUMU Brewery,,,,,,https://agtujigvxxdppngirqtu.supabase.co/storage/v1/object/public/taplist-media/831db2a1-ee47-4d88-9c0b-3e19a5668d6d/drinks/ad0e8fab-748a-4ef3-af0d-cfcc1a4ae90c/no-menu-beer-artwork__53_.jpg,,,active,production_drinks_2026-06-30_conservative_exact_key,1,1,0,1,ad0e8fab-748a-4ef3-af0d-cfcc1a4ae90c,831db2a1-ee47-4d88-9c0b-3e19a5668d6d,冰川,勿幕酿造 / WUMU Brewery,勿幕酿造 / WUMU Brewery,Single source drink; safe to create as standalone product if this row should enter pool.
candidate_0417,single_drink,create_product_then_link_source_drinks,冰川,,,勿幕,勿幕,,,,,,https://agtujigvxxdppngirqtu.supabase.co/storage/v1/object/public/taplist-media/7cce9b27-acd5-4bdc-a302-153c8245a1c1/drinks/d379fd2e-3a86-4621-9e51-bce5a6d438c6/no-menu-beer-artwork__15_.jpg,,,active,production_drinks_2026-06-30_conservative_exact_key,1,1,0,1,d379fd2e-3a86-4621-9e51-bce5a6d438c6,7cce9b27-acd5-4bdc-a302-153c8245a1c1,冰川,勿幕,勿幕,Single source drink; safe to create as standalone product if this row should enter pool.
candidate_0649,single_drink,create_product_then_link_source_drinks,冰镇大西瓜绿茶,,,和弦,和弦,酸艾尔,2.5,,,,https://agtujigvxxdppngirqtu.supabase.co/storage/v1/object/public/taplist-media/13b6f277-ab0d-4c19-ba8a-d97a5af9f51d/drinks/30ef8b06-628f-4ed8-a8ea-f753d4f8894a/no-menu-beer-artwork__87_.jpg,,,active,production_drinks_2026-06-30_conservative_exact_key,1,1,1,1,30ef8b06-628f-4ed8-a8ea-f753d4f8894a,13b6f277-ab0d-4c19-ba8a-d97a5af9f51d,冰镇大西瓜绿茶,和弦,和弦,Single source drink; safe to create as standalone product if this row should enter pool.
candidate_0310,single_drink,create_product_then_link_source_drinks,波兰皮尔森,,,第三阶段,第三阶段,,,,,,,,,active,production_drinks_2026-06-30_conservative_exact_key,1,1,0,1,85d6ba25-a13a-4bbd-b958-df10a7632f8f,283206e3-22d9-4a54-b8a5-70694b1ec062,波兰皮尔森,第三阶段,第三阶段,Single source drink; safe to create as standalone product if this row should enter pool.
candidate_0127,single_drink,create_product_then_link_source_drinks,波特,,,Founders,Founders,,,,,,https://images.unsplash.com/photo-1618885472179-5e474019f2a9?auto=format&fit=crop&w=900&q=80,,,active,production_drinks_2026-06-30_conservative_exact_key,1,1,1,1,d1000001-0001-4001-8001-000000000303,b1000001-0001-4001-8001-000000000003,波特,Founders,Founders,Single source drink; safe to create as standalone product if this row should enter pool.
candidate_0634,single_drink,create_product_then_link_source_drinks,菠萝包,,,牛皮堂,牛皮堂,维也纳拉格,4.5,,北京,,https://agtujigvxxdppngirqtu.supabase.co/storage/v1/object/public/taplist-media/26597d55-8a12-4185-b3ef-cb9a3ac1773a/drinks/264485e5-4f0d-4c1f-b7f5-802411a7a3c4/no-menu-event-image__4_.jpg,,,active,production_drinks_2026-06-30_conservative_exact_key,1,1,1,1,264485e5-4f0d-4c1f-b7f5-802411a7a3c4,26597d55-8a12-4185-b3ef-cb9a3ac1773a,菠萝包,牛皮堂,牛皮堂,Single source drink; safe to create as standalone product if this row should enter pool.
candidate_0605,single_drink,create_product_then_link_source_drinks,伯爵茶,,,云石,云石,IPA,6.8,,英国,,https://agtujigvxxdppngirqtu.supabase.co/storage/v1/object/public/taplist-media/de4207d0-d3c8-455a-8450-0d5b3e846ff0/drinks/9bd99a36-63a0-4f6c-9ae0-33ff4ef26355/no-menu-beer-artwork__51_.jpg,,,active,production_drinks_2026-06-30_conservative_exact_key,1,1,1,1,9bd99a36-63a0-4f6c-9ae0-33ff4ef26355,de4207d0-d3c8-455a-8450-0d5b3e846ff0,伯爵茶,云石,云石,Single source drink; safe to create as standalone product if this row should enter pool.
candidate_0345,single_drink,create_product_then_link_source_drinks,博卡,,,蔓延,蔓延,,,,,,https://agtujigvxxdppngirqtu.supabase.co/storage/v1/object/public/taplist-media/1cff208a-4424-4867-966d-a7839ac59f6f/drinks/5cea973f-1226-42af-8c10-9140122033ea/no-menu-beer-artwork__100_.jpg,,,active,production_drinks_2026-06-30_conservative_exact_key,1,1,0,1,5cea973f-1226-42af-8c10-9140122033ea,1cff208a-4424-4867-966d-a7839ac59f6f,博卡,蔓延,蔓延,Single source drink; safe to create as standalone product if this row should enter pool.
candidate_0583,single_drink,create_product_then_link_source_drinks,不二之选,,,欧米尼珀罗,欧米尼珀罗,西海岸IPA,7.1,,瑞典,,https://agtujigvxxdppngirqtu.supabase.co/storage/v1/object/public/taplist-media/de4207d0-d3c8-455a-8450-0d5b3e846ff0/drinks/843b621c-7b0b-4add-9149-a6aba89bcb46/no-menu-beer-artwork__36_.jpg,,,active,production_drinks_2026-06-30_conservative_exact_key,1,1,1,1,843b621c-7b0b-4add-9149-a6aba89bcb46,de4207d0-d3c8-455a-8450-0d5b3e846ff0,不二之选,欧米尼珀罗,欧米尼珀罗,Single source drink; safe to create as standalone product if this row should enter pool.
candidate_0477,single_drink,create_product_then_link_source_drinks,不误正夜,,,山雀,山雀,科隆,5,,上海嘉定,,https://agtujigvxxdppngirqtu.supabase.co/storage/v1/object/public/taplist-media/00234890-ee30-4985-992d-98ab8ce1d5de/drinks/2b121094-750c-417f-8f54-8dfb299d26b2/no-menu-beer-artwork__16_.jpg,,,active,production_drinks_2026-06-30_conservative_exact_key,1,1,1,1,2b121094-750c-417f-8f54-8dfb299d26b2,00234890-ee30-4985-992d-98ab8ce1d5de,不误正夜,山雀,山雀,Single source drink; safe to create as standalone product if this row should enter pool.
candidate_0666,single_drink,create_product_then_link_source_drinks,布拉格金色愿望,,,风土酿造,风土酿造,,,,,,https://agtujigvxxdppngirqtu.supabase.co/storage/v1/object/public/taplist-media/487685c5-99f1-463c-9e19-9eeea1cf6699/drinks/b968353c-b46c-43d1-9f2c-d5c31f75e592/no-menu-beer-artwork__24_.jpg,,,active,production_drinks_2026-06-30_conservative_exact_key,1,1,0,1,b968353c-b46c-43d1-9f2c-d5c31f75e592,487685c5-99f1-463c-9e19-9eeea1cf6699,布拉格金色愿望,风土酿造,风土酿造,Single source drink; safe to create as standalone product if this row should enter pool.
candidate_0320,single_drink,create_product_then_link_source_drinks,布蓝泥 思慕雪果酒,,,拾捌精酿,拾捌精酿,,,,,,,,,active,production_drinks_2026-06-30_conservative_exact_key,1,1,0,0,cfaf4d05-cbce-4c7d-be19-60f7d1cdd0c1,00000000-0000-0000-0000-000000000001,布蓝泥 思慕雪果酒,拾捌精酿,拾捌精酿,Single source drink; safe to create as standalone product if this row should enter pool.
candidate_0201,single_drink,create_product_then_link_source_drinks,布里斯班淡影,,,远山啤酒 / Far Mont Beer,远山啤酒 / Far Mont Beer,,,,,,https://agtujigvxxdppngirqtu.supabase.co/storage/v1/object/public/taplist-media/831db2a1-ee47-4d88-9c0b-3e19a5668d6d/drinks/08cde394-e1d2-4097-a6b0-c4dc1a8c740c/no-menu-beer-artwork__34_.jpg,,,active,production_drinks_2026-06-30_conservative_exact_key,1,1,0,1,08cde394-e1d2-4097-a6b0-c4dc1a8c740c,831db2a1-ee47-4d88-9c0b-3e19a5668d6d,布里斯班淡影,远山啤酒 / Far Mont Beer,远山啤酒 / Far Mont Beer,Single source drink; safe to create as standalone product if this row should enter pool.
candidate_0460,single_drink,create_product_then_link_source_drinks,布里斯班淡影,,,远山,远山,超淡色艾尔,5.2,,,,https://agtujigvxxdppngirqtu.supabase.co/storage/v1/object/public/taplist-media/1cff208a-4424-4867-966d-a7839ac59f6f/drinks/430b26a2-9824-49a9-b696-4a93540ceeca/no-menu-beer-artwork__27_.jpg,,,active,production_drinks_2026-06-30_conservative_exact_key,1,1,1,1,430b26a2-9824-49a9-b696-4a93540ceeca,1cff208a-4424-4867-966d-a7839ac59f6f,布里斯班淡影,远山,远山,Single source drink; safe to create as standalone product if this row should enter pool.
candidate_0571,single_drink,create_product_then_link_source_drinks,沧龙,,,分野酿造,分野酿造,西海岸五月博克,8.6,,山东,,https://agtujigvxxdppngirqtu.supabase.co/storage/v1/object/public/taplist-media/27c1beca-c912-4f4a-bee5-3ccf0e5d981f/drinks/09a666d7-1cea-4aec-9cf3-fe5538ffbb59/IMG_7577.jpg,,,active,production_drinks_2026-06-30_conservative_exact_key,1,1,1,1,09a666d7-1cea-4aec-9cf3-fe5538ffbb59,27c1beca-c912-4f4a-bee5-3ccf0e5d981f,沧龙,分野酿造,分野酿造,Single source drink; safe to create as standalone product if this row should enter pool.
candidate_0612,single_drink,create_product_then_link_source_drinks,苍穹之神,,,凡人,凡人,三倍浑浊IPA,10,,美国,,https://agtujigvxxdppngirqtu.supabase.co/storage/v1/object/public/taplist-media/de4207d0-d3c8-455a-8450-0d5b3e846ff0/drinks/54ade4d3-be07-49ff-bcdd-6d9c676da067/no-menu-beer-artwork__50_.jpg,,,active,production_drinks_2026-06-30_conservative_exact_key,1,1,1,1,54ade4d3-be07-49ff-bcdd-6d9c676da067,de4207d0-d3c8-455a-8450-0d5b3e846ff0,苍穹之神,凡人,凡人,Single source drink; safe to create as standalone product if this row should enter pool.
candidate_0091,single_drink,create_product_then_link_source_drinks,测试,,,百威,百威,,,,,,,,,active,production_drinks_2026-06-30_conservative_exact_key,1,1,0,0,f10fb9f7-5868-497b-a23a-d1bf16e58c02,00000000-0000-0000-0000-000000000001,测试,百威,百威,Single source drink; safe to create as standalone product if this row should enter pool.
candidate_0104,single_drink,create_product_then_link_source_drinks,测试2,,,百威,百威,,,,,,,,,active,production_drinks_2026-06-30_conservative_exact_key,1,1,0,0,175f952b-62dc-4852-8fe2-036b6f98ee61,00000000-0000-0000-0000-000000000001,测试2,百威,百威,Single source drink; safe to create as standalone product if this row should enter pool.
candidate_0151,single_drink,create_product_then_link_source_drinks,测试99,,,百威,百威,,,,,,,,,active,production_drinks_2026-06-30_conservative_exact_key,1,1,0,0,3b415fba-9865-4a28-983e-0eff2d177ce9,00000000-0000-0000-0000-000000000001,测试99,百威,百威,Single source drink; safe to create as standalone product if this row should enter pool.
candidate_0617,single_drink,create_product_then_link_source_drinks,禅宗科学家,,,葡月圣树,葡月圣树,新英格兰帝国IPA,8,,美国,,https://agtujigvxxdppngirqtu.supabase.co/storage/v1/object/public/taplist-media/283206e3-22d9-4a54-b8a5-70694b1ec062/drinks/9ff95962-166c-4984-9043-94b2db752bb1/no-menu-beer-artwork__7_.jpg,,,active,production_drinks_2026-06-30_conservative_exact_key,1,1,1,1,9ff95962-166c-4984-9043-94b2db752bb1,283206e3-22d9-4a54-b8a5-70694b1ec062,禅宗科学家,葡月圣树,葡月圣树,Single source drink; safe to create as standalone product if this row should enter pool.
candidate_0156,single_drink,create_product_then_link_source_drinks,超级西楚 双倍浑浊IPA,,,明日酿造,明日酿造,,,,,,https://agtujigvxxdppngirqtu.supabase.co/storage/v1/object/public/taplist-media/00000000-0000-0000-0000-000000000001/drinks/2db6c47d-476a-440f-8cc5-2c3192c39b64/no-menu-beer-artwork__13_.jpg,,,active,production_drinks_2026-06-30_conservative_exact_key,1,1,0,0,2db6c47d-476a-440f-8cc5-2c3192c39b64,00000000-0000-0000-0000-000000000001,超级西楚 双倍浑浊IPA,明日酿造,明日酿造,Single source drink; safe to create as standalone product if this row should enter pool.
candidate_0342,single_drink,create_product_then_link_source_drinks,朝花三倍干头浑浊IPA,,,野鹅微醺,野鹅微醺,,,,,,https://agtujigvxxdppngirqtu.supabase.co/storage/v1/object/public/taplist-media/00000000-0000-0000-0000-000000000001/drinks/d02b7b4b-3ecb-480d-8405-2bfc0706d61f/no-menu-beer-artwork_-_2026-06-07T180900.091.jpg,,,active,production_drinks_2026-06-30_conservative_exact_key,1,1,0,0,d02b7b4b-3ecb-480d-8405-2bfc0706d61f,00000000-0000-0000-0000-000000000001,朝花三倍干头浑浊IPA,野鹅微醺,野鹅微醺,Single source drink; safe to create as standalone product if this row should enter pool.
candidate_0095,single_drink,create_product_then_link_source_drinks,朝日 黑生 500ML,,,,,,,,,,,,,active,production_drinks_2026-06-30_conservative_exact_key,1,1,0,0,92042d20-99c1-4018-8d5e-a5d599d507a1,00000000-0000-0000-0000-000000000001,朝日 黑生 500ML,,,Single source drink; safe to create as standalone product if this row should enter pool.
candidate_0587,single_drink,create_product_then_link_source_drinks,朝曦,,,葡月圣树,葡月圣树,法式餐桌啤酒,3.2,,美国,,https://agtujigvxxdppngirqtu.supabase.co/storage/v1/object/public/taplist-media/de4207d0-d3c8-455a-8450-0d5b3e846ff0/drinks/b42206b4-cdd9-4030-ba45-78ffe0e2e49c/no-menu-beer-artwork__49_.jpg,,,active,production_drinks_2026-06-30_conservative_exact_key,1,1,1,1,b42206b4-cdd9-4030-ba45-78ffe0e2e49c,de4207d0-d3c8-455a-8450-0d5b3e846ff0,朝曦,葡月圣树,葡月圣树,Single source drink; safe to create as standalone product if this row should enter pool.
candidate_0530,single_drink,create_product_then_link_source_drinks,潮汕黄金,,,半吨,半吨,黄皮古斯,4,,,,https://agtujigvxxdppngirqtu.supabase.co/storage/v1/object/public/taplist-media/13b6f277-ab0d-4c19-ba8a-d97a5af9f51d/drinks/0a7103ec-47f9-4d55-9375-a566c03d09a6/no-menu-beer-artwork__80_.jpg,,,active,production_drinks_2026-06-30_conservative_exact_key,1,1,1,1,0a7103ec-47f9-4d55-9375-a566c03d09a6,13b6f277-ab0d-4c19-ba8a-d97a5af9f51d,潮汕黄金,半吨,半吨,Single source drink; safe to create as standalone product if this row should enter pool.
candidate_0475,single_drink,create_product_then_link_source_drinks,陈皮的旅行,,,野鹅微醺,野鹅微醺,,,,,,https://agtujigvxxdppngirqtu.supabase.co/storage/v1/object/public/taplist-media/00234890-ee30-4985-992d-98ab8ce1d5de/drinks/b7e88011-db0f-4325-8854-3c5471754a2e/no-menu-beer-artwork__19_.jpg,,,active,production_drinks_2026-06-30_conservative_exact_key,1,1,0,1,b7e88011-db0f-4325-8854-3c5471754a2e,00234890-ee30-4985-992d-98ab8ce1d5de,陈皮的旅行,野鹅微醺,野鹅微醺,Single source drink; safe to create as standalone product if this row should enter pool.
candidate_0143,single_drink,create_product_then_link_source_drinks,赤屿谷道,,,依帕,依帕,,,,,,,,,active,production_drinks_2026-06-30_conservative_exact_key,1,1,0,0,dfa222dd-a36e-4ce0-88ae-dd4896d23a6b,81a90487-39c9-46bb-b221-68ff631275d6,赤屿谷道,依帕,依帕,Single source drink; safe to create as standalone product if this row should enter pool.
candidate_0543,single_drink,create_product_then_link_source_drinks,春季博克,,,艾英格,艾英格,五月博克,6.9,,德国,,https://agtujigvxxdppngirqtu.supabase.co/storage/v1/object/public/taplist-media/494bcf1f-8346-480f-a396-204b104c9313/drinks/0e1ffa3a-4c4d-4c7b-88a1-819f1c35fe40/____________.png,,,active,production_drinks_2026-06-30_conservative_exact_key,1,1,1,1,0e1ffa3a-4c4d-4c7b-88a1-819f1c35fe40,494bcf1f-8346-480f-a396-204b104c9313,春季博克,艾英格,艾英格,Single source drink; safe to create as standalone product if this row should enter pool.
candidate_0267,single_drink,create_product_then_link_source_drinks,春季拉格,,,裂变酿造,裂变酿造,,,,,,https://agtujigvxxdppngirqtu.supabase.co/storage/v1/object/public/taplist-media/4d1da7d9-8b21-4706-b535-355b9ff79388/drinks/c9bb2b9e-7a3a-4a2d-bfe8-76651ee59f4d/no-menu-beer-artwork__66_.jpg,,,active,production_drinks_2026-06-30_conservative_exact_key,1,1,0,1,c9bb2b9e-7a3a-4a2d-bfe8-76651ee59f4d,4d1da7d9-8b21-4706-b535-355b9ff79388,春季拉格,裂变酿造,裂变酿造,Single source drink; safe to create as standalone product if this row should enter pool.
candidate_0473,single_drink,create_product_then_link_source_drinks,春日来信,,,彼岸酿造,彼岸酿造,,,,,,https://agtujigvxxdppngirqtu.supabase.co/storage/v1/object/public/taplist-media/00234890-ee30-4985-992d-98ab8ce1d5de/drinks/1d9f9f2c-0f72-4c70-a3c1-deb2bfc5ae4a/no-menu-beer-artwork__14_.jpg,,,active,production_drinks_2026-06-30_conservative_exact_key,1,1,0,1,1d9f9f2c-0f72-4c70-a3c1-deb2bfc5ae4a,00234890-ee30-4985-992d-98ab8ce1d5de,春日来信,彼岸酿造,彼岸酿造,Single source drink; safe to create as standalone product if this row should enter pool.
candidate_0349,single_drink,create_product_then_link_source_drinks,春日色卡,,,寻蜜酿造,寻蜜酿造,,,,,,https://agtujigvxxdppngirqtu.supabase.co/storage/v1/object/public/taplist-media/44a4429c-fb70-47a5-923b-370fce8f167e/drinks/44a4429c-fb70-47a5-923b-370fce8f0102/no-menu-beer-artwork_-_2026-06-07T171247.645.jpg,,,active,production_drinks_2026-06-30_conservative_exact_key,1,1,0,1,44a4429c-fb70-47a5-923b-370fce8f0102,44a4429c-fb70-47a5-923b-370fce8f167e,春日色卡,寻蜜酿造,寻蜜酿造,Single source drink; safe to create as standalone product if this row should enter pool.
candidate_0402,single_drink,create_product_then_link_source_drinks,此店需要更多更大的啤酒,,,邪恶双子,邪恶双子,,,,,,https://agtujigvxxdppngirqtu.supabase.co/storage/v1/object/public/taplist-media/7cce9b27-acd5-4bdc-a302-153c8245a1c1/drinks/c62db724-df24-45a8-bf75-1b8c501bc94d/no-menu-beer-artwork__9_.jpg,,,active,production_drinks_2026-06-30_conservative_exact_key,1,1,0,1,c62db724-df24-45a8-bf75-1b8c501bc94d,7cce9b27-acd5-4bdc-a302-153c8245a1c1,此店需要更多更大的啤酒,邪恶双子,邪恶双子,Single source drink; safe to create as standalone product if this row should enter pool.
candidate_0640,single_drink,create_product_then_link_source_drinks,此即大海,,,云石,云石,大西洋苦啤,4.6,,英国,,https://agtujigvxxdppngirqtu.supabase.co/storage/v1/object/public/taplist-media/494bcf1f-8346-480f-a396-204b104c9313/drinks/259629f4-8dc9-4371-94c9-226ae7a559be/no-menu-beer-artwork__22_.jpg,,,active,production_drinks_2026-06-30_conservative_exact_key,1,1,1,1,259629f4-8dc9-4371-94c9-226ae7a559be,494bcf1f-8346-480f-a396-204b104c9313,此即大海,云石,云石,Single source drink; safe to create as standalone product if this row should enter pool.
candidate_0523,single_drink,create_product_then_link_source_drinks,此刻是吾,,,悠航,悠航,,,,,,https://agtujigvxxdppngirqtu.supabase.co/storage/v1/object/public/taplist-media/13b6f277-ab0d-4c19-ba8a-d97a5af9f51d/drinks/252735b4-8127-45c8-9fd3-9d26eb1d5010/no-menu-beer-artwork__82_.jpg,,,active,production_drinks_2026-06-30_conservative_exact_key,1,1,0,1,252735b4-8127-45c8-9fd3-9d26eb1d5010,13b6f277-ab0d-4c19-ba8a-d97a5af9f51d,此刻是吾,悠航,悠航,Single source drink; safe to create as standalone product if this row should enter pool.
candidate_0662,single_drink,create_product_then_link_source_drinks,丛林浓汁,,,勿幕,勿幕,DDH,8,,西安,,https://agtujigvxxdppngirqtu.supabase.co/storage/v1/object/public/taplist-media/283206e3-22d9-4a54-b8a5-70694b1ec062/drinks/ca4b35cb-ea71-49fe-b35b-fd46e2d3318b/no-menu-beer-artwork__7_.jpg,果香、木质、葡萄三重酒花风味层层递进，几乎0残糖。,果香、木质、葡萄三重酒花风味层层递进，几乎0残糖。,active,production_drinks_2026-06-30_conservative_exact_key,1,1,1,1,ca4b35cb-ea71-49fe-b35b-fd46e2d3318b,283206e3-22d9-4a54-b8a5-70694b1ec062,丛林浓汁,勿幕,勿幕,Single source drink; safe to create as standalone product if this row should enter pool.
candidate_0444,single_drink,create_product_then_link_source_drinks,翠屿,,,云泥,云泥,水果酸艾尔,5,,云南,,https://agtujigvxxdppngirqtu.supabase.co/storage/v1/object/public/taplist-media/57d005da-1193-4bd2-955a-ef6b9653516d/drinks/dfbebd0d-82f6-4cc5-96dc-a50edb4d4e64/no-menu-beer-artwork__8_.jpg,,,active,production_drinks_2026-06-30_conservative_exact_key,1,1,1,1,dfbebd0d-82f6-4cc5-96dc-a50edb4d4e64,57d005da-1193-4bd2-955a-ef6b9653516d,翠屿,云泥,云泥,Single source drink; safe to create as standalone product if this row should enter pool.
candidate_0656,single_drink,create_product_then_link_source_drinks,妲己,,,分支,分支,皮尔森,5,,美国,,,,,active,production_drinks_2026-06-30_conservative_exact_key,1,1,1,1,92736152-c399-4cf9-a1db-6db7f16828da,283206e3-22d9-4a54-b8a5-70694b1ec062,妲己,分支,分支,Single source drink; safe to create as standalone product if this row should enter pool.
candidate_0453,single_drink,create_product_then_link_source_drinks,打个大西瓜,,,以及酿造,以及酿造,,,,,,https://agtujigvxxdppngirqtu.supabase.co/storage/v1/object/public/taplist-media/00234890-ee30-4985-992d-98ab8ce1d5de/drinks/f3011989-c45e-4033-b28d-30cd406d4d2a/no-menu-beer-artwork__17_.jpg,,,active,production_drinks_2026-06-30_conservative_exact_key,1,1,0,1,f3011989-c45e-4033-b28d-30cd406d4d2a,00234890-ee30-4985-992d-98ab8ce1d5de,打个大西瓜,以及酿造,以及酿造,Single source drink; safe to create as standalone product if this row should enter pool.
candidate_0580,single_drink,create_product_then_link_source_drinks,大红蜂,,,酒花民族,酒花民族,红色艾尔,6,,澳大利亚,,,,,active,production_drinks_2026-06-30_conservative_exact_key,1,1,1,1,9a6c8b1c-8122-4843-b86d-bd6f2e473cdf,27c1beca-c912-4f4a-bee5-3ccf0e5d981f,大红蜂,酒花民族,酒花民族,Single source drink; safe to create as standalone product if this row should enter pool.
candidate_0480,single_drink,create_product_then_link_source_drinks,大浪湾,,,香港啤酒公司,香港啤酒公司,双倍干投IPA,6.5,,香港,,https://agtujigvxxdppngirqtu.supabase.co/storage/v1/object/public/taplist-media/82bf1237-e90c-4379-a2bc-a6dad2726b93/drinks/6c9733a0-cce6-4c61-9254-407062a62d3d/no-menu-beer-artwork__34_.jpg,,,active,production_drinks_2026-06-30_conservative_exact_key,1,1,1,1,6c9733a0-cce6-4c61-9254-407062a62d3d,82bf1237-e90c-4379-a2bc-a6dad2726b93,大浪湾,香港啤酒公司,香港啤酒公司,Single source drink; safe to create as standalone product if this row should enter pool.
candidate_0398,single_drink,create_product_then_link_source_drinks,大米拉格,,,大米拉格,大米拉格,,,,,,,,,active,production_drinks_2026-06-30_conservative_exact_key,1,1,0,1,8777ce64-1744-4166-b6dd-0ba1831fcfa5,7cce9b27-acd5-4bdc-a302-153c8245a1c1,大米拉格,大米拉格,大米拉格,Single source drink; safe to create as standalone product if this row should enter pool.
candidate_0474,single_drink,create_product_then_link_source_drinks,大师杯（十五周年限定）,,,拾伍,拾伍,,,,,,https://agtujigvxxdppngirqtu.supabase.co/storage/v1/object/public/taplist-media/00234890-ee30-4985-992d-98ab8ce1d5de/drinks/4f1e7bf3-357e-42aa-a018-81a422c227fe/no-menu-beer-artwork__18_.jpg,,,active,production_drinks_2026-06-30_conservative_exact_key,1,1,0,1,4f1e7bf3-357e-42aa-a018-81a422c227fe,00234890-ee30-4985-992d-98ab8ce1d5de,大师杯（十五周年限定）,拾伍,拾伍,Single source drink; safe to create as standalone product if this row should enter pool.
candidate_0026,single_drink,create_product_then_link_source_drinks,大卫即刻白葡萄酒,,,,,,,,,,,,,active,production_drinks_2026-06-30_conservative_exact_key,1,1,0,0,13790363-9006-44c1-b421-68c7227537d5,00000000-0000-0000-0000-000000000001,大卫即刻白葡萄酒,,,Single source drink; safe to create as standalone product if this row should enter pool.
candidate_0615,single_drink,create_product_then_link_source_drinks,呆瓜再见,,,善良胡夫,善良胡夫,,,,,,,,,active,production_drinks_2026-06-30_conservative_exact_key,1,1,0,1,ba0290fa-9c13-4461-9e1c-f81acb9c832f,7cce9b27-acd5-4bdc-a302-153c8245a1c1,呆瓜再见,善良胡夫,善良胡夫,Single source drink; safe to create as standalone product if this row should enter pool.
candidate_0285,single_drink,create_product_then_link_source_drinks,代号猫,,,薛定谔的酒,薛定谔的酒,,,,,,https://agtujigvxxdppngirqtu.supabase.co/storage/v1/object/public/taplist-media/44a4429c-fb70-47a5-923b-370fce8f167e/drinks/44a4429c-fb70-47a5-923b-370fce8f0103/no-menu-beer-artwork__79_.jpg,,,active,production_drinks_2026-06-30_conservative_exact_key,1,1,0,1,44a4429c-fb70-47a5-923b-370fce8f0103,44a4429c-fb70-47a5-923b-370fce8f167e,代号猫,薛定谔的酒,薛定谔的酒,Single source drink; safe to create as standalone product if this row should enter pool.
candidate_0292,single_drink,create_product_then_link_source_drinks,单板滑雪,,,艾尔复兴,艾尔复兴,水果酸艾尔,5,,美国,,,,,active,production_drinks_2026-06-30_conservative_exact_key,1,1,1,1,252d3590-adf2-42cd-9a48-a90d98a9e295,57d005da-1193-4bd2-955a-ef6b9653516d,单板滑雪,艾尔复兴,艾尔复兴,Single source drink; safe to create as standalone product if this row should enter pool.
candidate_0604,single_drink,create_product_then_link_source_drinks,氮气世涛,,,健力士,健力士,氮气世涛,4.2,,爱尔兰,,https://agtujigvxxdppngirqtu.supabase.co/storage/v1/object/public/taplist-media/de4207d0-d3c8-455a-8450-0d5b3e846ff0/drinks/e33d59b9-0f61-46f1-9cfd-0547779c4e90/no-menu-beer-artwork__32_.jpg,,,active,production_drinks_2026-06-30_conservative_exact_key,1,1,1,1,e33d59b9-0f61-46f1-9cfd-0547779c4e90,de4207d0-d3c8-455a-8450-0d5b3e846ff0,氮气世涛,健力士,健力士,Single source drink; safe to create as standalone product if this row should enter pool.
candidate_0078,single_drink,create_product_then_link_source_drinks,道酿 春游 干头投酒花皮尔 330ML,,,,,,,,,,,,,active,production_drinks_2026-06-30_conservative_exact_key,1,1,0,0,2b54233a-4d8e-4953-ae34-65c929cd8e43,00000000-0000-0000-0000-000000000001,道酿 春游 干头投酒花皮尔 330ML,,,Single source drink; safe to create as standalone product if this row should enter pool.
candidate_0085,single_drink,create_product_then_link_source_drinks,道酿 伏魔IPA 330ML,,,,,,,,,,,,,active,production_drinks_2026-06-30_conservative_exact_key,1,1,0,0,c7594906-dd05-4280-af71-8d1dd7aabb6b,00000000-0000-0000-0000-000000000001,道酿 伏魔IPA 330ML,,,Single source drink; safe to create as standalone product if this row should enter pool.
candidate_0093,single_drink,create_product_then_link_source_drinks,道酿 自由落体海盐柚子艾尔 330ML,,,,,,,,,,,,,active,production_drinks_2026-06-30_conservative_exact_key,1,1,0,0,7095d052-331b-4fe4-abdd-001c48d704e0,00000000-0000-0000-0000-000000000001,道酿 自由落体海盐柚子艾尔 330ML,,,Single source drink; safe to create as standalone product if this row should enter pool.
candidate_0110,single_drink,create_product_then_link_source_drinks,德国莱茵 昆斯特勒 雷司令干白,,,,,,,,,,,,,active,production_drinks_2026-06-30_conservative_exact_key,1,1,0,1,dd4a7712-69f2-49d3-9633-f595a0a80ab6,00000000-0000-0000-0000-000000000001,德国莱茵 昆斯特勒 雷司令干白,,,Single source drink; safe to create as standalone product if this row should enter pool.
candidate_0102,single_drink,create_product_then_link_source_drinks,德国玫瑰园雷司令半干白,,,,,,,,,,,,,active,production_drinks_2026-06-30_conservative_exact_key,1,1,0,1,e9847069-cfe5-435f-b6f1-c016ee215b80,00000000-0000-0000-0000-000000000001,德国玫瑰园雷司令半干白,,,Single source drink; safe to create as standalone product if this row should enter pool.
candidate_0107,single_drink,create_product_then_link_source_drinks,德国奇迹酒庄霞多丽白皮诺干白,,,,,,,,,,,,,active,production_drinks_2026-06-30_conservative_exact_key,1,1,0,1,d114ce51-1863-4980-aaaf-1285f5f20df9,00000000-0000-0000-0000-000000000001,德国奇迹酒庄霞多丽白皮诺干白,,,Single source drink; safe to create as standalone product if this row should enter pool.
candidate_0609,single_drink,create_product_then_link_source_drinks,德式皮尔森,,,回头客,回头客,德式皮尔森,5.3,,美国,,https://agtujigvxxdppngirqtu.supabase.co/storage/v1/object/public/taplist-media/de4207d0-d3c8-455a-8450-0d5b3e846ff0/drinks/3dbf5f8e-4255-49ac-b308-8cb2c06145b1/no-menu-beer-artwork__54_.jpg,,,active,production_drinks_2026-06-30_conservative_exact_key,1,1,1,1,3dbf5f8e-4255-49ac-b308-8cb2c06145b1,de4207d0-d3c8-455a-8450-0d5b3e846ff0,德式皮尔森,回头客,回头客,Single source drink; safe to create as standalone product if this row should enter pool.
candidate_0128,single_drink,create_product_then_link_source_drinks,德式小麦,,,Weihenstephan,Weihenstephan,,,,,,https://images.unsplash.com/photo-1535958636474-b021ee887b13?auto=format&fit=crop&w=900&q=80,,,active,production_drinks_2026-06-30_conservative_exact_key,1,1,1,1,d1000001-0001-4001-8001-000000000304,b1000001-0001-4001-8001-000000000003,德式小麦,Weihenstephan,Weihenstephan,Single source drink; safe to create as standalone product if this row should enter pool.
candidate_0381,single_drink,create_product_then_link_source_drinks,德式小麦,,,与众严选,与众严选,德式小麦,5.5,,,,,,,active,production_drinks_2026-06-30_conservative_exact_key,1,1,1,1,b9912349-6010-4a3f-9ffd-5d8d3c24d5c1,b4c33fea-51e3-426d-9dfa-b13947153ac2,德式小麦,与众严选,与众严选,Single source drink; safe to create as standalone product if this row should enter pool.
candidate_0659,single_drink,create_product_then_link_source_drinks,地狱烟火,,,邪恶双子,邪恶双子,烟熏拉格,6.5,,美国,,https://agtujigvxxdppngirqtu.supabase.co/storage/v1/object/public/taplist-media/7cce9b27-acd5-4bdc-a302-153c8245a1c1/drinks/6e036cf2-e086-45d7-a5b6-aac6b3e1c081/no-menu-beer-artwork__9_.jpg,清亮拉格基底一缕烟熏气息，酒厂自烘的哈瓦那辣椒,清亮拉格基底一缕烟熏气息，酒厂自烘的哈瓦那辣椒,active,production_drinks_2026-06-30_conservative_exact_key,1,1,1,1,6e036cf2-e086-45d7-a5b6-aac6b3e1c081,7cce9b27-acd5-4bdc-a302-153c8245a1c1,地狱烟火,邪恶双子,邪恶双子,Single source drink; safe to create as standalone product if this row should enter pool.
candidate_0657,single_drink,create_product_then_link_source_drinks,邓克经典复古板鞋,,,艾尔复兴,艾尔复兴,新英格兰三倍IPA,9.1,,美国,,https://agtujigvxxdppngirqtu.supabase.co/storage/v1/object/public/taplist-media/81a90487-39c9-46bb-b221-68ff631275d6/drinks/1be81e60-af5f-4c80-bf48-2e42468750c3/no-menu-beer-artwork__3_.jpg,酒体呈朦胧的淡橙色，口感极致柔顺，散发着多汁菠萝冰沙、粘稠的棉花糖番石榴以及来自Home Grown Apothecary PDX的浓郁果香，将中西部风格的Swang与纯正的啤酒花风味完美融合。,酒体呈朦胧的淡橙色，口感极致柔顺，散发着多汁菠萝冰沙、粘稠的棉花糖番石榴以及来自Home Grown Apothecary PDX的浓郁果香，将中西部风格的Swang与纯正的啤酒花风味完美融合。,active,production_drinks_2026-06-30_conservative_exact_key,1,1,1,1,1be81e60-af5f-4c80-bf48-2e42468750c3,81a90487-39c9-46bb-b221-68ff631275d6,邓克经典复古板鞋,艾尔复兴,艾尔复兴,Single source drink; safe to create as standalone product if this row should enter pool.
candidate_0250,single_drink,create_product_then_link_source_drinks,低档狂飙,,,闪电萨拉玛,闪电萨拉玛,,,,,,https://agtujigvxxdppngirqtu.supabase.co/storage/v1/object/public/taplist-media/a4f4002f-fccd-41dd-bbc5-153d30fc5385/drinks/62ec0bc9-639e-4bb2-9f58-357bdd7195c6/no-menu-beer-artwork__70_.jpg,,,active,production_drinks_2026-06-30_conservative_exact_key,1,1,0,1,62ec0bc9-639e-4bb2-9f58-357bdd7195c6,a4f4002f-fccd-41dd-bbc5-153d30fc5385,低档狂飙,闪电萨拉玛,闪电萨拉玛,Single source drink; safe to create as standalone product if this row should enter pool.
candidate_0221,single_drink,create_product_then_link_source_drinks,第一个纪念日,,,风土,风土,,,,,,,,,active,production_drinks_2026-06-30_conservative_exact_key,1,1,0,1,1e933cb1-25da-4b81-8f0d-33515120e727,57d005da-1193-4bd2-955a-ef6b9653516d,第一个纪念日,风土,风土,Single source drink; safe to create as standalone product if this row should enter pool.
candidate_0428,single_drink,create_product_then_link_source_drinks,第一个纪念日,,,风土酿造,风土酿造,草莓樱桃巧克力酸艾尔,5,,,,https://agtujigvxxdppngirqtu.supabase.co/storage/v1/object/public/taplist-media/7cce9b27-acd5-4bdc-a302-153c8245a1c1/drinks/b624af36-17bd-4780-bfe5-bde19e6d2ab9/no-menu-beer-artwork__6_.jpg,,,active,production_drinks_2026-06-30_conservative_exact_key,1,1,1,1,b624af36-17bd-4780-bfe5-bde19e6d2ab9,7cce9b27-acd5-4bdc-a302-153c8245a1c1,第一个纪念日,风土酿造,风土酿造,Single source drink; safe to create as standalone product if this row should enter pool.
candidate_0490,single_drink,create_product_then_link_source_drinks,电气涡轮,,,小回,小回,,,,,,https://agtujigvxxdppngirqtu.supabase.co/storage/v1/object/public/taplist-media/82bf1237-e90c-4379-a2bc-a6dad2726b93/drinks/13aa2231-c7b1-41f7-9ff4-d7781d4a79c8/no-menu-beer-artwork__41_.jpg,,,active,production_drinks_2026-06-30_conservative_exact_key,1,1,0,1,13aa2231-c7b1-41f7-9ff4-d7781d4a79c8,82bf1237-e90c-4379-a2bc-a6dad2726b93,电气涡轮,小回,小回,Single source drink; safe to create as standalone product if this row should enter pool.
candidate_0212,single_drink,create_product_then_link_source_drinks,东分影,,,疯熊工业 / Crazy Bear Industry,疯熊工业 / Crazy Bear Industry,,,,,,,,,active,production_drinks_2026-06-30_conservative_exact_key,1,1,0,1,03ef756e-2c94-488c-83bc-f474ea756577,831db2a1-ee47-4d88-9c0b-3e19a5668d6d,东分影,疯熊工业 / Crazy Bear Industry,疯熊工业 / Crazy Bear Industry,Single source drink; safe to create as standalone product if this row should enter pool.
candidate_0258,single_drink,create_product_then_link_source_drinks,东分影,,,疯熊工业,疯熊工业,,,,,,https://agtujigvxxdppngirqtu.supabase.co/storage/v1/object/public/taplist-media/a4f4002f-fccd-41dd-bbc5-153d30fc5385/drinks/9549329d-528b-4f32-84e5-9155a6a7977c/no-menu-beer-artwork__72_.jpg,,,active,production_drinks_2026-06-30_conservative_exact_key,1,1,0,1,9549329d-528b-4f32-84e5-9155a6a7977c,a4f4002f-fccd-41dd-bbc5-153d30fc5385,东分影,疯熊工业,疯熊工业,Single source drink; safe to create as standalone product if this row should enter pool.
candidate_0409,single_drink,create_product_then_link_source_drinks,动物气球,,,哈德逊河谷,哈德逊河谷,,,,,,https://agtujigvxxdppngirqtu.supabase.co/storage/v1/object/public/taplist-media/7cce9b27-acd5-4bdc-a302-153c8245a1c1/drinks/64a79420-9833-47cb-9468-b0ce2b23bc28/no-menu-beer-artwork__5_.jpg,,,active,production_drinks_2026-06-30_conservative_exact_key,1,1,0,1,64a79420-9833-47cb-9468-b0ce2b23bc28,7cce9b27-acd5-4bdc-a302-153c8245a1c1,动物气球,哈德逊河谷,哈德逊河谷,Single source drink; safe to create as standalone product if this row should enter pool.
candidate_0224,single_drink,create_product_then_link_source_drinks,毒蛇之握,,,锅炉,锅炉,黑麦IPA,,,,,,,,active,production_drinks_2026-06-30_conservative_exact_key,1,1,1,1,0cae23b4-7775-41ee-9e4d-193a0599a187,57d005da-1193-4bd2-955a-ef6b9653516d,毒蛇之握,锅炉,锅炉,Single source drink; safe to create as standalone product if this row should enter pool.
candidate_0470,single_drink,create_product_then_link_source_drinks,短相思,,,蔓延,蔓延,0糖香槟啤酒,5.8,,武汉,,https://agtujigvxxdppngirqtu.supabase.co/storage/v1/object/public/taplist-media/82bf1237-e90c-4379-a2bc-a6dad2726b93/drinks/33c213cf-b41b-41e1-a4d5-a368840ed435/no-menu-beer-artwork__39_.jpg,,,active,production_drinks_2026-06-30_conservative_exact_key,1,1,1,1,33c213cf-b41b-41e1-a4d5-a368840ed435,82bf1237-e90c-4379-a2bc-a6dad2726b93,短相思,蔓延,蔓延,Single source drink; safe to create as standalone product if this row should enter pool.
candidate_0670,single_drink,create_product_then_link_source_drinks,断肠草,,,酿造方程式,酿造方程式,英式苦啤,5.6,,,,https://agtujigvxxdppngirqtu.supabase.co/storage/v1/object/public/taplist-media/13b6f277-ab0d-4c19-ba8a-d97a5af9f51d/drinks/35fb955a-46c6-418f-9e33-8a2f228ca460/no-menu-beer-artwork__19_.jpg,,,active,production_drinks_2026-06-30_conservative_exact_key,1,1,1,1,35fb955a-46c6-418f-9e33-8a2f228ca460,13b6f277-ab0d-4c19-ba8a-d97a5af9f51d,断肠草,酿造方程式,酿造方程式,Single source drink; safe to create as standalone product if this row should enter pool.
candidate_0510,single_drink,create_product_then_link_source_drinks,多莉塔 冽光,,,明日酿造,明日酿造,西海岸皮尔森,5.5,,上海,,https://agtujigvxxdppngirqtu.supabase.co/storage/v1/object/public/taplist-media/da21ab4e-93f7-49ca-8318-15fcbae24a93/drinks/3de4ec9a-a400-4475-a456-ff7a81cf7cf4/no-menu-beer-artwork__66_.jpg,,,active,production_drinks_2026-06-30_conservative_exact_key,1,1,1,1,3de4ec9a-a400-4475-a456-ff7a81cf7cf4,da21ab4e-93f7-49ca-8318-15fcbae24a93,多莉塔 冽光,明日酿造,明日酿造,Single source drink; safe to create as standalone product if this row should enter pool.
candidate_0363,single_drink,create_product_then_link_source_drinks,法里纳,,,矛盾体,矛盾体,,,,,,https://agtujigvxxdppngirqtu.supabase.co/storage/v1/object/public/taplist-media/7aa1147c-5c8b-4c68-bc11-56ce34608689/drinks/67ed396c-6f62-409c-a912-d7af6f92fe46/no-menu-beer-artwork_-_2026-06-08T022848.185.jpg,,,active,production_drinks_2026-06-30_conservative_exact_key,1,1,0,1,67ed396c-6f62-409c-a912-d7af6f92fe46,7aa1147c-5c8b-4c68-bc11-56ce34608689,法里纳,矛盾体,矛盾体,Single source drink; safe to create as standalone product if this row should enter pool.
candidate_0213,single_drink,create_product_then_link_source_drinks,番茄工厂,,,另一半,另一半,,,,,,https://agtujigvxxdppngirqtu.supabase.co/storage/v1/object/public/taplist-media/c3af90db-9734-4750-927c-38f6b37fb3e0/drinks/03bbaee6-19b6-4360-8a11-7600cd4021fd/no-menu-beer-artwork__23_.jpg,,,active,production_drinks_2026-06-30_conservative_exact_key,1,1,0,1,03bbaee6-19b6-4360-8a11-7600cd4021fd,c3af90db-9734-4750-927c-38f6b37fb3e0,番茄工厂,另一半,另一半,Single source drink; safe to create as standalone product if this row should enter pool.
candidate_0442,single_drink,create_product_then_link_source_drinks,繁花花园,,,,,,,,,,,,,active,production_drinks_2026-06-30_conservative_exact_key,1,1,0,1,6e12da7f-48aa-4e14-a2ee-ec289b6a9b27,00000000-0000-0000-0000-000000000001,繁花花园,,,Single source drink; safe to create as standalone product if this row should enter pool.
candidate_0178,single_drink,create_product_then_link_source_drinks,范尼拉符文,,,长青工匠,长青工匠,世涛,,,,,,,,active,production_drinks_2026-06-30_conservative_exact_key,1,1,1,1,b9174d2e-5dcd-4acd-bfab-05111e4bec37,57d005da-1193-4bd2-955a-ef6b9653516d,范尼拉符文,长青工匠,长青工匠,Single source drink; safe to create as standalone product if this row should enter pool.
candidate_0607,single_drink,create_product_then_link_source_drinks,范尼拉瑰红1号,,,凯西,凯西,农舍艾尔,5.5,,美国,,https://agtujigvxxdppngirqtu.supabase.co/storage/v1/object/public/taplist-media/a4f4002f-fccd-41dd-bbc5-153d30fc5385/drinks/eac3328b-c2e4-45a7-83bf-642e9386e94d/________1_.jpg,,,active,production_drinks_2026-06-30_conservative_exact_key,1,1,1,1,eac3328b-c2e4-45a7-83bf-642e9386e94d,a4f4002f-fccd-41dd-bbc5-153d30fc5385,范尼拉瑰红1号,凯西,凯西,Single source drink; safe to create as standalone product if this row should enter pool.
candidate_0249,single_drink,create_product_then_link_source_drinks,飞履,,,凡人,凡人,,,,,,,,,active,production_drinks_2026-06-30_conservative_exact_key,1,1,0,1,8be8e4ff-9bac-4a00-81c9-1affcfa49bf7,a4f4002f-fccd-41dd-bbc5-153d30fc5385,飞履,凡人,凡人,Single source drink; safe to create as standalone product if this row should enter pool.
candidate_0566,single_drink,create_product_then_link_source_drinks,飞向山,,,元醴,元醴,,,,,,https://agtujigvxxdppngirqtu.supabase.co/storage/v1/object/public/taplist-media/283206e3-22d9-4a54-b8a5-70694b1ec062/drinks/aa8cc082-b8ac-4adc-ae28-28b57a76ed2b/no-menu-beer-artwork__9_.jpg,,,active,production_drinks_2026-06-30_conservative_exact_key,1,1,0,1,aa8cc082-b8ac-4adc-ae28-28b57a76ed2b,283206e3-22d9-4a54-b8a5-70694b1ec062,飞向山,元醴,元醴,Single source drink; safe to create as standalone product if this row should enter pool.
candidate_0290,single_drink,create_product_then_link_source_drinks,飞越云海,,,虽吾酿造,虽吾酿造,,,,,,https://agtujigvxxdppngirqtu.supabase.co/storage/v1/object/public/taplist-media/44a4429c-fb70-47a5-923b-370fce8f167e/drinks/44a4429c-fb70-47a5-923b-370fce8f0111/no-menu-beer-artwork__75_.jpg,,,active,production_drinks_2026-06-30_conservative_exact_key,1,1,0,1,44a4429c-fb70-47a5-923b-370fce8f0111,44a4429c-fb70-47a5-923b-370fce8f167e,飞越云海,虽吾酿造,虽吾酿造,Single source drink; safe to create as standalone product if this row should enter pool.
candidate_0457,single_drink,create_product_then_link_source_drinks,飞越云海,,,虽吾,虽吾,,,,,,https://agtujigvxxdppngirqtu.supabase.co/storage/v1/object/public/taplist-media/00234890-ee30-4985-992d-98ab8ce1d5de/drinks/7a1a41aa-181f-4a4d-85b9-79bc9d40ab96/no-menu-beer-artwork__21_.jpg,,,active,production_drinks_2026-06-30_conservative_exact_key,1,1,0,1,7a1a41aa-181f-4a4d-85b9-79bc9d40ab96,00234890-ee30-4985-992d-98ab8ce1d5de,飞越云海,虽吾,虽吾,Single source drink; safe to create as standalone product if this row should enter pool.
candidate_0430,single_drink,create_product_then_link_source_drinks,翡翠湾,,,修订,修订,,,,,,https://agtujigvxxdppngirqtu.supabase.co/storage/v1/object/public/taplist-media/7cce9b27-acd5-4bdc-a302-153c8245a1c1/drinks/ec34990c-9470-483a-b6b1-c7f8331bf612/no-menu-beer-artwork__12_.jpg,,,active,production_drinks_2026-06-30_conservative_exact_key,1,1,0,1,ec34990c-9470-483a-b6b1-c7f8331bf612,7cce9b27-acd5-4bdc-a302-153c8245a1c1,翡翠湾,修订,修订,Single source drink; safe to create as standalone product if this row should enter pool.
candidate_0206,single_drink,create_product_then_link_source_drinks,分形,,,幻果实验室,幻果实验室,,,,,,,,,active,production_drinks_2026-06-30_conservative_exact_key,1,1,0,1,4f93a1b6-cf77-49ac-89f1-d2f9a1d6884d,c3af90db-9734-4750-927c-38f6b37fb3e0,分形,幻果实验室,幻果实验室,Single source drink; safe to create as standalone product if this row should enter pool.
candidate_0264,single_drink,create_product_then_link_source_drinks,分形,,,幻果实验,幻果实验,,,,,,,,,active,production_drinks_2026-06-30_conservative_exact_key,1,1,0,1,549ad378-946c-4f76-906d-1e76d2655f8c,a4f4002f-fccd-41dd-bbc5-153d30fc5385,分形,幻果实验,幻果实验,Single source drink; safe to create as standalone product if this row should enter pool.
candidate_0031,single_drink,create_product_then_link_source_drinks,汾酒,,,,,,,,,,,,,active,production_drinks_2026-06-30_conservative_exact_key,1,1,0,1,fd1605f7-e47b-4ef7-a706-86b474a67bf1,00000000-0000-0000-0000-000000000001,汾酒,,,Single source drink; safe to create as standalone product if this row should enter pool.
candidate_0318,single_drink,create_product_then_link_source_drinks,粉红色的夏天,,,SMOOJ,SMOOJ,,,,,,,,,active,production_drinks_2026-06-30_conservative_exact_key,1,1,0,1,d34aec53-01c4-4422-ba85-0b6eaad4267d,283206e3-22d9-4a54-b8a5-70694b1ec062,粉红色的夏天,SMOOJ,SMOOJ,Single source drink; safe to create as standalone product if this row should enter pool.
candidate_0295,single_drink,create_product_then_link_source_drinks,粉红夏日,,,斯莫吉,斯莫吉,水果硬苏打,5.1,,美国,,,,,active,production_drinks_2026-06-30_conservative_exact_key,1,1,1,1,71eaa37e-f0dc-4b50-b29f-b236793a276a,57d005da-1193-4bd2-955a-ef6b9653516d,粉红夏日,斯莫吉,斯莫吉,Single source drink; safe to create as standalone product if this row should enter pool.
candidate_0479,single_drink,create_product_then_link_source_drinks,风暴中心,,,云朴,云朴,金桔芒果酸艾尔,5,,昆明,,https://agtujigvxxdppngirqtu.supabase.co/storage/v1/object/public/taplist-media/82bf1237-e90c-4379-a2bc-a6dad2726b93/drinks/c0b88e0a-7d94-4d47-a3dc-232cbae35791/no-menu-beer-artwork__36_.jpg,,,active,production_drinks_2026-06-30_conservative_exact_key,1,1,1,1,c0b88e0a-7d94-4d47-a3dc-232cbae35791,82bf1237-e90c-4379-a2bc-a6dad2726b93,风暴中心,云朴,云朴,Single source drink; safe to create as standalone product if this row should enter pool.
candidate_0379,single_drink,create_product_then_link_source_drinks,风景这边独好,,,明日酿造,明日酿造,,,,,,https://agtujigvxxdppngirqtu.supabase.co/storage/v1/object/public/taplist-media/da21ab4e-93f7-49ca-8318-15fcbae24a93/drinks/56c5af57-f4ea-4bfd-951b-6c11bc461e2e/no-menu-beer-artwork__3_.jpg,,,active,production_drinks_2026-06-30_conservative_exact_key,1,1,0,1,56c5af57-f4ea-4bfd-951b-6c11bc461e2e,da21ab4e-93f7-49ca-8318-15fcbae24a93,风景这边独好,明日酿造,明日酿造,Single source drink; safe to create as standalone product if this row should enter pool.
candidate_0685,single_drink,create_product_then_link_source_drinks,风戏水,,,撬啤酿造,撬啤酿造,英式烈性苦啤,5.8,,,,,,,active,production_drinks_2026-06-30_conservative_exact_key,1,1,1,1,351ec50d-2556-404e-9bd4-95c00d44ed99,d897a73b-37fb-4c57-af0f-79d8759173cb,风戏水,撬啤酿造,撬啤酿造,Single source drink; safe to create as standalone product if this row should enter pool.
candidate_0056,single_drink,create_product_then_link_source_drinks,风之岛自由人起泡白葡萄酒,,,,,,,,,,,,,active,production_drinks_2026-06-30_conservative_exact_key,1,1,0,0,e56bfa7c-38af-40c9-8c01-a9469be6edf6,00000000-0000-0000-0000-000000000001,风之岛自由人起泡白葡萄酒,,,Single source drink; safe to create as standalone product if this row should enter pool.
candidate_0044,single_drink,create_product_then_link_source_drinks,风之森 露叶风 807,,,,,,,,,,,,,active,production_drinks_2026-06-30_conservative_exact_key,1,1,0,0,7ac2d30b-3dbb-4f3b-9005-6d27fd64934f,00000000-0000-0000-0000-000000000001,风之森 露叶风 807,,,Single source drink; safe to create as standalone product if this row should enter pool.
candidate_0060,single_drink,create_product_then_link_source_drinks,风之森 秋津穗507,,,,,,,,,,,,,active,production_drinks_2026-06-30_conservative_exact_key,1,1,0,0,0b6e3838-080e-46ab-8112-11ee4a8bbba4,00000000-0000-0000-0000-000000000001,风之森 秋津穗507,,,Single source drink; safe to create as standalone product if this row should enter pool.
candidate_0005,single_drink,create_product_then_link_source_drinks,风之森 山田锦807,,,,,,,,,,,,,active,production_drinks_2026-06-30_conservative_exact_key,1,1,0,0,d42835cf-3d3b-4702-8d27-dc72333b60d9,00000000-0000-0000-0000-000000000001,风之森 山田锦807,,,Single source drink; safe to create as standalone product if this row should enter pool.
candidate_0055,single_drink,create_product_then_link_source_drinks,风之森 四季纯米大吟酿,,,,,,,,,,,,,active,production_drinks_2026-06-30_conservative_exact_key,1,1,0,0,c3a48c89-429e-423e-a8c0-da3540db679b,00000000-0000-0000-0000-000000000001,风之森 四季纯米大吟酿,,,Single source drink; safe to create as standalone product if this row should enter pool.
candidate_0043,single_drink,create_product_then_link_source_drinks,风之森 雄町807,,,,,,,,,,,,,active,production_drinks_2026-06-30_conservative_exact_key,1,1,0,0,d53e2fe0-8412-4631-9d7a-df2014aec903,00000000-0000-0000-0000-000000000001,风之森 雄町807,,,Single source drink; safe to create as standalone product if this row should enter pool.
candidate_0164,single_drink,create_product_then_link_source_drinks,凤尾果香,,,虽吴,虽吴,,,,,,https://agtujigvxxdppngirqtu.supabase.co/storage/v1/object/public/taplist-media/3d6cb427-a8c3-4583-a7c4-5a3ad9f5f787/drinks/3d6cb427-a8c3-4583-a7c4-5a3ad9f5f504/no-menu-beer-artwork__5_.jpg,,,active,production_drinks_2026-06-30_conservative_exact_key,1,1,0,1,3d6cb427-a8c3-4583-a7c4-5a3ad9f5f504,3d6cb427-a8c3-4583-a7c4-5a3ad9f5f787,凤尾果香,虽吴,虽吴,Single source drink; safe to create as standalone product if this row should enter pool.
candidate_0251,single_drink,create_product_then_link_source_drinks,凤尾果香,,,虽吾酿造 / SUIWU,虽吾酿造 / SUIWU,,,,,,https://agtujigvxxdppngirqtu.supabase.co/storage/v1/object/public/taplist-media/831db2a1-ee47-4d88-9c0b-3e19a5668d6d/drinks/452f6f22-12ea-4d3c-a14d-60027fdc4cec/no-menu-beer-artwork__38_.jpg,,,active,production_drinks_2026-06-30_conservative_exact_key,1,1,0,1,452f6f22-12ea-4d3c-a14d-60027fdc4cec,831db2a1-ee47-4d88-9c0b-3e19a5668d6d,凤尾果香,虽吾酿造 / SUIWU,虽吾酿造 / SUIWU,Single source drink; safe to create as standalone product if this row should enter pool.
candidate_0413,single_drink,create_product_then_link_source_drinks,弗洛伦萨,,,农舍山,农舍山,农舍艾尔,6.2,,美国,,https://agtujigvxxdppngirqtu.supabase.co/storage/v1/object/public/taplist-media/7cce9b27-acd5-4bdc-a302-153c8245a1c1/drinks/161207aa-2d04-412a-94e6-cb389a819a55/hill-farmstead_florence.jpg,,,active,production_drinks_2026-06-30_conservative_exact_key,1,1,1,1,161207aa-2d04-412a-94e6-cb389a819a55,7cce9b27-acd5-4bdc-a302-153c8245a1c1,弗洛伦萨,农舍山,农舍山,Single source drink; safe to create as standalone product if this row should enter pool.
candidate_0284,single_drink,create_product_then_link_source_drinks,辅助奶两口,,,山乘酿造,山乘酿造,,,,,,https://agtujigvxxdppngirqtu.supabase.co/storage/v1/object/public/taplist-media/44a4429c-fb70-47a5-923b-370fce8f167e/drinks/44a4429c-fb70-47a5-923b-370fce8f0104/no-menu-beer-artwork__78_.jpg,,,active,production_drinks_2026-06-30_conservative_exact_key,1,1,0,1,44a4429c-fb70-47a5-923b-370fce8f0104,44a4429c-fb70-47a5-923b-370fce8f167e,辅助奶两口,山乘酿造,山乘酿造,Single source drink; safe to create as standalone product if this row should enter pool.
candidate_0547,single_drink,create_product_then_link_source_drinks,复仇之怒,,,山雀,山雀,比利时金色烈性艾尔,10,,上海,,https://agtujigvxxdppngirqtu.supabase.co/storage/v1/object/public/taplist-media/00234890-ee30-4985-992d-98ab8ce1d5de/drinks/8dd6de85-a092-431b-ac33-f7a5b3e48be6/no-menu-beer-artwork__1_.jpg,,,active,production_drinks_2026-06-30_conservative_exact_key,1,1,1,1,8dd6de85-a092-431b-ac33-f7a5b3e48be6,00234890-ee30-4985-992d-98ab8ce1d5de,复仇之怒,山雀,山雀,Single source drink; safe to create as standalone product if this row should enter pool.
candidate_0690,single_drink,create_product_then_link_source_drinks,复活生啤,,,朝日,朝日,拉格,5,,日本,,https://agtujigvxxdppngirqtu.supabase.co/storage/v1/object/public/taplist-media/27c1beca-c912-4f4a-bee5-3ccf0e5d981f/drinks/002e6d18-7d2b-4b3d-a3c8-fed750f7e5e1/_________.jpg,,,active,production_drinks_2026-06-30_conservative_exact_key,1,1,1,1,002e6d18-7d2b-4b3d-a3c8-fed750f7e5e1,27c1beca-c912-4f4a-bee5-3ccf0e5d981f,复活生啤,朝日,朝日,Single source drink; safe to create as standalone product if this row should enter pool.
candidate_0317,single_drink,create_product_then_link_source_drinks,富贵榴,,,野鹅微醺,野鹅微醺,,,,,,,,,active,production_drinks_2026-06-30_conservative_exact_key,1,1,0,0,f98fccaa-7b50-4eb4-9d91-69991c2eaa19,00000000-0000-0000-0000-000000000001,富贵榴,野鹅微醺,野鹅微醺,Single source drink; safe to create as standalone product if this row should enter pool.
candidate_0528,single_drink,create_product_then_link_source_drinks,柑橘起源,,,秦人造,秦人造,,,,,,https://agtujigvxxdppngirqtu.supabase.co/storage/v1/object/public/taplist-media/13b6f277-ab0d-4c19-ba8a-d97a5af9f51d/drinks/f3592ba6-31a6-4c22-a02d-91a84e16c4aa/no-menu-beer-artwork__84_.jpg,,,active,production_drinks_2026-06-30_conservative_exact_key,1,1,0,1,f3592ba6-31a6-4c22-a02d-91a84e16c4aa,13b6f277-ab0d-4c19-ba8a-d97a5af9f51d,柑橘起源,秦人造,秦人造,Single source drink; safe to create as standalone product if this row should enter pool.
candidate_0341,single_drink,create_product_then_link_source_drinks,干就完了,,,艾尔复兴,艾尔复兴,,,,,,,,,active,production_drinks_2026-06-30_conservative_exact_key,1,1,0,1,d9a1fe2c-66e4-42f2-806c-453fe25adf82,7aa1147c-5c8b-4c68-bc11-56ce34608689,干就完了,艾尔复兴,艾尔复兴,Single source drink; safe to create as standalone product if this row should enter pool.
candidate_0648,single_drink,create_product_then_link_source_drinks,港式冻柠茶,,,火碳,火碳,西打,4.5,,,,https://agtujigvxxdppngirqtu.supabase.co/storage/v1/object/public/taplist-media/487685c5-99f1-463c-9e19-9eeea1cf6699/drinks/75fa0c41-47ef-4b4b-b8e0-56876245d259/no-menu-beer-artwork__23_.jpg,,,active,production_drinks_2026-06-30_conservative_exact_key,1,1,1,1,75fa0c41-47ef-4b4b-b8e0-56876245d259,487685c5-99f1-463c-9e19-9eeea1cf6699,港式冻柠茶,火碳,火碳,Single source drink; safe to create as standalone product if this row should enter pool.
candidate_0030,single_drink,create_product_then_link_source_drinks,格兰芬迪18年,,,,,,,,,,,,,active,production_drinks_2026-06-30_conservative_exact_key,1,1,0,0,602d73b6-96dd-4b0f-9833-7caba326b123,00000000-0000-0000-0000-000000000001,格兰芬迪18年,,,Single source drink; safe to create as standalone product if this row should enter pool.
candidate_0542,single_drink,create_product_then_link_source_drinks,更多更朦胧的窗户,,,邪恶双子,邪恶双子,双倍干投三倍浑浊IPA,9.16,,美国,,https://agtujigvxxdppngirqtu.supabase.co/storage/v1/object/public/taplist-media/a4f4002f-fccd-41dd-bbc5-153d30fc5385/drinks/11492763-3f59-452f-ad00-b3ae8f759d82/_______________.jpg,,,active,production_drinks_2026-06-30_conservative_exact_key,1,1,1,1,11492763-3f59-452f-ad00-b3ae8f759d82,a4f4002f-fccd-41dd-bbc5-153d30fc5385,更多更朦胧的窗户,邪恶双子,邪恶双子,Single source drink; safe to create as standalone product if this row should enter pool.
candidate_0541,single_drink,create_product_then_link_source_drinks,更多老熊先生,,,邪恶双子,邪恶双子,双倍IPA,8.16,,美国,,https://agtujigvxxdppngirqtu.supabase.co/storage/v1/object/public/taplist-media/a4f4002f-fccd-41dd-bbc5-153d30fc5385/drinks/bfc67a19-eef4-4a08-8cc9-fe20e917fa42/no-menu-beer-artwork__2_.jpg,,,active,production_drinks_2026-06-30_conservative_exact_key,1,1,1,1,bfc67a19-eef4-4a08-8cc9-fe20e917fa42,a4f4002f-fccd-41dd-bbc5-153d30fc5385,更多老熊先生,邪恶双子,邪恶双子,Single source drink; safe to create as standalone product if this row should enter pool.
candidate_0544,single_drink,create_product_then_link_source_drinks,更多愚蠢果汁梦,,,邪恶双子,邪恶双子,水果酸艾尔,7.16,,美国,,https://agtujigvxxdppngirqtu.supabase.co/storage/v1/object/public/taplist-media/a4f4002f-fccd-41dd-bbc5-153d30fc5385/drinks/0c2f8fea-1fed-4c35-8f4e-b468b11236ea/no-menu-beer-artwork__1_.jpg,,,active,production_drinks_2026-06-30_conservative_exact_key,1,1,1,1,0c2f8fea-1fed-4c35-8f4e-b468b11236ea,a4f4002f-fccd-41dd-bbc5-153d30fc5385,更多愚蠢果汁梦,邪恶双子,邪恶双子,Single source drink; safe to create as standalone product if this row should enter pool.
candidate_0563,single_drink,create_product_then_link_source_drinks,狗头枣,,,以及酿造,以及酿造,暖甜红枣牛奶世涛,4,,西安,,https://agtujigvxxdppngirqtu.supabase.co/storage/v1/object/public/taplist-media/c3af90db-9734-4750-927c-38f6b37fb3e0/drinks/bb3dc85f-f909-461b-924f-a4430d7a52a7/no-menu-beer-artwork__15_.jpg,,,active,production_drinks_2026-06-30_conservative_exact_key,1,1,1,1,bb3dc85f-f909-461b-924f-a4430d7a52a7,c3af90db-9734-4750-927c-38f6b37fb3e0,狗头枣,以及酿造,以及酿造,Single source drink; safe to create as standalone product if this row should enter pool.
candidate_0185,single_drink,create_product_then_link_source_drinks,孤注一掷,,,鸭池,鸭池,,,,,,,,,active,production_drinks_2026-06-30_conservative_exact_key,1,1,0,1,487b007b-9511-43cf-bfcf-d1138f1bacaa,57d005da-1193-4bd2-955a-ef6b9653516d,孤注一掷,鸭池,鸭池,Single source drink; safe to create as standalone product if this row should enter pool.
candidate_0233,single_drink,create_product_then_link_source_drinks,古盾,,,麻马麻,麻马麻,,,,,,https://agtujigvxxdppngirqtu.supabase.co/storage/v1/object/public/taplist-media/d897a73b-37fb-4c57-af0f-79d8759173cb/drinks/c7f40b32-7762-435b-be51-6734b92e30a9/no-menu-beer-artwork__43_.jpg,,,active,production_drinks_2026-06-30_conservative_exact_key,1,1,0,1,c7f40b32-7762-435b-be51-6734b92e30a9,d897a73b-37fb-4c57-af0f-79d8759173cb,古盾,麻马麻,麻马麻,Single source drink; safe to create as standalone product if this row should enter pool.
candidate_0586,single_drink,create_product_then_link_source_drinks,古法窖藏,,,黑森林,黑森林,窖藏拉格,5.6,,德国,,https://agtujigvxxdppngirqtu.supabase.co/storage/v1/object/public/taplist-media/27c1beca-c912-4f4a-bee5-3ccf0e5d981f/drinks/2bb564f3-2d81-4007-ae6a-305884ee985b/no-menu-beer-artwork__29_.jpg,,,active,production_drinks_2026-06-30_conservative_exact_key,1,1,1,1,2bb564f3-2d81-4007-ae6a-305884ee985b,27c1beca-c912-4f4a-bee5-3ccf0e5d981f,古法窖藏,黑森林,黑森林,Single source drink; safe to create as standalone product if this row should enter pool.
candidate_0687,single_drink,create_product_then_link_source_drinks,古龙水,,,辉光,辉光,科隆,4.7,,美国,,https://agtujigvxxdppngirqtu.supabase.co/storage/v1/object/public/taplist-media/7cce9b27-acd5-4bdc-a302-153c8245a1c1/drinks/7b0da63d-a660-4779-94bd-a69963c8a25e/no-menu-beer-artwork__33_.jpg,,,active,production_drinks_2026-06-30_conservative_exact_key,1,1,1,1,7b0da63d-a660-4779-94bd-a69963c8a25e,7cce9b27-acd5-4bdc-a302-153c8245a1c1,古龙水,辉光,辉光,Single source drink; safe to create as standalone product if this row should enter pool.
candidate_0119,single_drink,create_product_then_link_source_drinks,古斯酸啤,,,Cascade,Cascade,,,,,,https://images.unsplash.com/photo-1618184880380-8199e8b4eaa8?auto=format&fit=crop&w=900&q=80,,,active,production_drinks_2026-06-30_conservative_exact_key,1,1,1,1,d1000001-0001-4001-8001-000000000105,b1000001-0001-4001-8001-000000000001,古斯酸啤,Cascade,Cascade,Single source drink; safe to create as standalone product if this row should enter pool.
candidate_0651,single_drink,create_product_then_link_source_drinks,归,,,制乐厂,制乐厂,东北玉米拉格,5.4,,南京,,https://agtujigvxxdppngirqtu.supabase.co/storage/v1/object/public/taplist-media/81a90487-39c9-46bb-b221-68ff631275d6/drinks/f9e099dc-db7a-416c-bb51-40f90a410aca/no-menu-beer-artwork__5_.jpg,以东北当季甜玉米为主料，搭配优质大麦芽，经低温长时发酵，呈现浅金色的温润酒体。入口是嫩玉米的甜糯，饱满而踏实。中收尾干净干爽，苦味淡，只有谷物回甘留在口腔，杀口清爽，越喝越清甜。,以东北当季甜玉米为主料，搭配优质大麦芽，经低温长时发酵，呈现浅金色的温润酒体。入口是嫩玉米的甜糯，饱满而踏实。中收尾干净干爽，苦味淡，只有谷物回甘留在口腔，杀口清爽，越喝越清甜。,active,production_drinks_2026-06-30_conservative_exact_key,1,1,1,1,f9e099dc-db7a-416c-bb51-40f90a410aca,81a90487-39c9-46bb-b221-68ff631275d6,归,制乐厂,制乐厂,Single source drink; safe to create as standalone product if this row should enter pool.
candidate_0518,single_drink,create_product_then_link_source_drinks,鬼源物语,,,西澳山脊,西澳山脊,黑拉格,7,,澳大利亚,,https://agtujigvxxdppngirqtu.supabase.co/storage/v1/object/public/taplist-media/57d005da-1193-4bd2-955a-ef6b9653516d/drinks/32454ee3-1072-49ae-98b0-be73b6d025a4/no-menu-beer-artwork__55_.jpg,,,active,production_drinks_2026-06-30_conservative_exact_key,1,1,1,1,32454ee3-1072-49ae-98b0-be73b6d025a4,57d005da-1193-4bd2-955a-ef6b9653516d,鬼源物语,西澳山脊,西澳山脊,Single source drink; safe to create as standalone product if this row should enter pool.
candidate_0638,single_drink,create_product_then_link_source_drinks,果浪澳游,,,虽吾,虽吾,四倍干投三倍浑浊IPA,10,,苏州,,https://agtujigvxxdppngirqtu.supabase.co/storage/v1/object/public/taplist-media/44a4429c-fb70-47a5-923b-370fce8f167e/drinks/6437cd19-55ef-43bf-9006-f2ae240b4ba2/no-menu-beer-artwork__4_.jpg,,,active,production_drinks_2026-06-30_conservative_exact_key,1,1,1,1,6437cd19-55ef-43bf-9006-f2ae240b4ba2,44a4429c-fb70-47a5-923b-370fce8f167e,果浪澳游,虽吾,虽吾,Single source drink; safe to create as standalone product if this row should enter pool.
candidate_0196,single_drink,create_product_then_link_source_drinks,果味满满19号,,,回头客,回头客,,,,,,,,,active,production_drinks_2026-06-30_conservative_exact_key,1,1,0,1,f5cd9550-527a-40b8-8996-f0d91f6d9207,c3af90db-9734-4750-927c-38f6b37fb3e0,果味满满19号,回头客,回头客,Single source drink; safe to create as standalone product if this row should enter pool.
candidate_0578,single_drink,create_product_then_link_source_drinks,哈巴苹果,,,田园酿造,田园酿造,传统苹果酒,7,,云南,,https://agtujigvxxdppngirqtu.supabase.co/storage/v1/object/public/taplist-media/27c1beca-c912-4f4a-bee5-3ccf0e5d981f/drinks/94fb1e22-d8e7-462b-9d59-106572e3fa4b/____-____.jpg,,,active,production_drinks_2026-06-30_conservative_exact_key,1,1,1,1,94fb1e22-d8e7-462b-9d59-106572e3fa4b,27c1beca-c912-4f4a-bee5-3ccf0e5d981f,哈巴苹果,田园酿造,田园酿造,Single source drink; safe to create as standalone product if this row should enter pool.
candidate_0400,single_drink,create_product_then_link_source_drinks,哈瓦那辣椒,,,艾尔复兴,艾尔复兴,美式西海岸,7.4,,美国,,,,,active,production_drinks_2026-06-30_conservative_exact_key,1,1,1,1,0ce5612f-da92-4b23-9334-fe062a2f3caa,7cce9b27-acd5-4bdc-a302-153c8245a1c1,哈瓦那辣椒,艾尔复兴,艾尔复兴,Single source drink; safe to create as standalone product if this row should enter pool.
candidate_0007,single_drink,create_product_then_link_source_drinks,嗨棒,,,,,,,,,,,,,active,production_drinks_2026-06-30_conservative_exact_key,1,1,0,1,3f5d62f3-6ffe-4e09-ae1c-55f38b038290,00000000-0000-0000-0000-000000000001,嗨棒,,,Single source drink; safe to create as standalone product if this row should enter pool.
candidate_0276,single_drink,create_product_then_link_source_drinks,海边驿站,,,狐朋酿造,狐朋酿造,,,,,,https://agtujigvxxdppngirqtu.supabase.co/storage/v1/object/public/taplist-media/44a4429c-fb70-47a5-923b-370fce8f167e/drinks/ce74e0d0-0872-474d-90a2-e112d3b94bb7/no-menu-beer-artwork__81_.jpg,,,active,production_drinks_2026-06-30_conservative_exact_key,1,1,0,1,ce74e0d0-0872-474d-90a2-e112d3b94bb7,44a4429c-fb70-47a5-923b-370fce8f167e,海边驿站,狐朋酿造,狐朋酿造,Single source drink; safe to create as standalone product if this row should enter pool.
candidate_0537,single_drink,create_product_then_link_source_drinks,海德公园,,,山雀 x Bob x ORIGIN4,山雀 x Bob x ORIGIN4,英式棕色艾尔,5.5,,上海,,https://agtujigvxxdppngirqtu.supabase.co/storage/v1/object/public/taplist-media/00234890-ee30-4985-992d-98ab8ce1d5de/drinks/fb68ef7e-3939-465a-9b70-b242d014d944/no-menu-beer-artwork__3_.jpg,,,active,production_drinks_2026-06-30_conservative_exact_key,1,1,1,1,fb68ef7e-3939-465a-9b70-b242d014d944,00234890-ee30-4985-992d-98ab8ce1d5de,海德公园,山雀 x Bob x ORIGIN4,山雀 x Bob x ORIGIN4,Single source drink; safe to create as standalone product if this row should enter pool.
candidate_0412,single_drink,create_product_then_link_source_drinks,海冬,,,费登斯,费登斯,,,,,,https://agtujigvxxdppngirqtu.supabase.co/storage/v1/object/public/taplist-media/7cce9b27-acd5-4bdc-a302-153c8245a1c1/drinks/3d009b86-388f-494b-b39b-a6d7fed674bb/no-menu-beer-artwork__11_.jpg,,,active,production_drinks_2026-06-30_conservative_exact_key,1,1,0,1,3d009b86-388f-494b-b39b-a6d7fed674bb,7cce9b27-acd5-4bdc-a302-153c8245a1c1,海冬,费登斯,费登斯,Single source drink; safe to create as standalone product if this row should enter pool.
candidate_0392,single_drink,create_product_then_link_source_drinks,海狸万岁,,,打嗝海狸,打嗝海狸,巧克力世涛,7.5,,美国,,https://agtujigvxxdppngirqtu.supabase.co/storage/v1/object/public/taplist-media/b4c33fea-51e3-426d-9dfa-b13947153ac2/drinks/5eeb286f-6136-431c-9eba-71f962090bde/no-menu-beer-artwork__7_.jpg,,,active,production_drinks_2026-06-30_conservative_exact_key,1,1,1,1,5eeb286f-6136-431c-9eba-71f962090bde,b4c33fea-51e3-426d-9dfa-b13947153ac2,海狸万岁,打嗝海狸,打嗝海狸,Single source drink; safe to create as standalone product if this row should enter pool.
candidate_0574,single_drink,create_product_then_link_source_drinks,海洋公园,,,三子,三子,皮尔森,5,,美国,,https://agtujigvxxdppngirqtu.supabase.co/storage/v1/object/public/taplist-media/7aa1147c-5c8b-4c68-bc11-56ce34608689/drinks/7161e105-8ea8-4bb8-8f71-05d04d1dc812/no-menu-beer-artwork__26_.jpg,添加了萨兹（Saaz） 和珍珠（Perle）酒花，使用非传统工艺酿造的皮尔森。其带有柠檬、香草和葡萄的味道。入口微干，清新酥脆，碳酸感明显，十分易饮。,添加了萨兹（Saaz） 和珍珠（Perle）酒花，使用非传统工艺酿造的皮尔森。其带有柠檬、香草和葡萄的味道。入口微干，清新酥脆，碳酸感明显，十分易饮。,active,production_drinks_2026-06-30_conservative_exact_key,1,1,1,1,7161e105-8ea8-4bb8-8f71-05d04d1dc812,7aa1147c-5c8b-4c68-bc11-56ce34608689,海洋公园,三子,三子,Single source drink; safe to create as standalone product if this row should enter pool.
candidate_0035,single_drink,create_product_then_link_source_drinks,蚝湾长相思,,,,,,,,,,,,,active,production_drinks_2026-06-30_conservative_exact_key,1,1,0,0,fc07d751-2007-465f-be86-60721469b890,00000000-0000-0000-0000-000000000001,蚝湾长相思,,,Single source drink; safe to create as standalone product if this row should enter pool.
candidate_0266,single_drink,create_product_then_link_source_drinks,豪华赛松,,,塞拉多艾尔,塞拉多艾尔,,,,,,,,,active,production_drinks_2026-06-30_conservative_exact_key,1,1,0,1,f4547426-5f2d-48e7-b601-60e995d1ba6f,a4f4002f-fccd-41dd-bbc5-153d30fc5385,豪华赛松,塞拉多艾尔,塞拉多艾尔,Single source drink; safe to create as standalone product if this row should enter pool.
candidate_0383,single_drink,create_product_then_link_source_drinks,好得意,,,E.T. x 和弦,E.T. x 和弦,香柠佛手柑酸混浊IPA,2.3,,,,https://agtujigvxxdppngirqtu.supabase.co/storage/v1/object/public/taplist-media/b4c33fea-51e3-426d-9dfa-b13947153ac2/drinks/bf097b44-351a-4309-913c-3eed4210a2c6/no-menu-beer-artwork__11_.jpg,,,active,production_drinks_2026-06-30_conservative_exact_key,1,1,1,1,bf097b44-351a-4309-913c-3eed4210a2c6,b4c33fea-51e3-426d-9dfa-b13947153ac2,好得意,E.T. x 和弦,E.T. x 和弦,Single source drink; safe to create as standalone product if this row should enter pool.
candidate_0255,single_drink,create_product_then_link_source_drinks,和平奏鸣曲,,,头脑冷静,头脑冷静,,,,,,https://agtujigvxxdppngirqtu.supabase.co/storage/v1/object/public/taplist-media/a4f4002f-fccd-41dd-bbc5-153d30fc5385/drinks/518812c8-ddb7-4ff4-86cc-f6c9f030a43d/CoolHead.jpg,,,active,production_drinks_2026-06-30_conservative_exact_key,1,1,0,1,518812c8-ddb7-4ff4-86cc-f6c9f030a43d,a4f4002f-fccd-41dd-bbc5-153d30fc5385,和平奏鸣曲,头脑冷静,头脑冷静,Single source drink; safe to create as standalone product if this row should enter pool.
candidate_0032,single_drink,create_product_then_link_source_drinks,和弦 海鸥 皮尔森 500ml,,,,,,,,,,,,,active,production_drinks_2026-06-30_conservative_exact_key,1,1,0,0,dc704c21-60c4-4bfc-bf5b-0c196991f831,00000000-0000-0000-0000-000000000001,和弦 海鸥 皮尔森 500ml,,,Single source drink; safe to create as standalone product if this row should enter pool.
candidate_0326,single_drink,create_product_then_link_source_drinks,河谷,,,哈德逊河谷,哈德逊河谷,,,,,,,,,active,production_drinks_2026-06-30_conservative_exact_key,1,1,0,1,508f0327-b9b6-4253-8270-9656a955339c,57d005da-1193-4bd2-955a-ef6b9653516d,河谷,哈德逊河谷,哈德逊河谷,Single source drink; safe to create as standalone product if this row should enter pool.
candidate_0220,single_drink,create_product_then_link_source_drinks,河谷2024,,,哈德逊河谷,哈德逊河谷,,,,,,,,,active,production_drinks_2026-06-30_conservative_exact_key,1,1,0,1,796c0280-f352-418b-a976-1905c1bc0f61,57d005da-1193-4bd2-955a-ef6b9653516d,河谷2024,哈德逊河谷,哈德逊河谷,Single source drink; safe to create as standalone product if this row should enter pool.
candidate_0340,single_drink,create_product_then_link_source_drinks,黑暗之翼,,,鸭池,鸭池,水果古斯,6,,瑞典,,https://agtujigvxxdppngirqtu.supabase.co/storage/v1/object/public/taplist-media/7aa1147c-5c8b-4c68-bc11-56ce34608689/drinks/1b8d0600-14dd-4585-ae13-4e63dece9ae2/no-menu-beer-artwork_-_2026-06-08T022824.345.jpg,,,active,production_drinks_2026-06-30_conservative_exact_key,1,1,1,1,1b8d0600-14dd-4585-ae13-4e63dece9ae2,7aa1147c-5c8b-4c68-bc11-56ce34608689,黑暗之翼,鸭池,鸭池,Single source drink; safe to create as standalone product if this row should enter pool.
candidate_0472,single_drink,create_product_then_link_source_drinks,黑尔戈蓝岛日落,,,彼岸酿造,彼岸酿造,,,,,,https://agtujigvxxdppngirqtu.supabase.co/storage/v1/object/public/taplist-media/00234890-ee30-4985-992d-98ab8ce1d5de/drinks/10515dc6-5ebb-4ada-8c8b-4558952448d6/no-menu-beer-artwork__20_.jpg,,,active,production_drinks_2026-06-30_conservative_exact_key,1,1,0,1,10515dc6-5ebb-4ada-8c8b-4558952448d6,00234890-ee30-4985-992d-98ab8ce1d5de,黑尔戈蓝岛日落,彼岸酿造,彼岸酿造,Single source drink; safe to create as standalone product if this row should enter pool.
candidate_0033,single_drink,create_product_then_link_source_drinks,黑猫酿造 粉白番石榴樱桃草莓 330ml,,,,,,,,,,,,,active,production_drinks_2026-06-30_conservative_exact_key,1,1,0,0,a576bbfb-ed65-4714-8333-95f8a09cb9ff,00000000-0000-0000-0000-000000000001,黑猫酿造 粉白番石榴樱桃草莓 330ml,,,Single source drink; safe to create as standalone product if this row should enter pool.
candidate_0244,single_drink,create_product_then_link_source_drinks,黑森林古法窖藏啤酒,,,Waldhaus,Waldhaus,,,,,,https://agtujigvxxdppngirqtu.supabase.co/storage/v1/object/public/taplist-media/494bcf1f-8346-480f-a396-204b104c9313/drinks/155ecbb4-7741-495c-be8b-7fad943e2c40/no-menu-beer-artwork__56_.jpg,,,active,production_drinks_2026-06-30_conservative_exact_key,1,1,0,1,155ecbb4-7741-495c-be8b-7fad943e2c40,494bcf1f-8346-480f-a396-204b104c9313,黑森林古法窖藏啤酒,Waldhaus,Waldhaus,Single source drink; safe to create as standalone product if this row should enter pool.
candidate_0369,single_drink,create_product_then_link_source_drinks,黑森林金牌皮尔森啤酒,,,Waldhaus,Waldhaus,,,,,,https://agtujigvxxdppngirqtu.supabase.co/storage/v1/object/public/taplist-media/494bcf1f-8346-480f-a396-204b104c9313/drinks/38ca1117-5cc5-4ffa-8b5a-b61a885aaeea/no-menu-beer-artwork__57_.jpg,,,active,production_drinks_2026-06-30_conservative_exact_key,1,1,0,1,38ca1117-5cc5-4ffa-8b5a-b61a885aaeea,494bcf1f-8346-480f-a396-204b104c9313,黑森林金牌皮尔森啤酒,Waldhaus,Waldhaus,Single source drink; safe to create as standalone product if this row should enter pool.
candidate_0535,single_drink,create_product_then_link_source_drinks,黑生,,,朝日,朝日,慕尼黑深色拉格,5,,日本,,https://agtujigvxxdppngirqtu.supabase.co/storage/v1/object/public/taplist-media/26597d55-8a12-4185-b3ef-cb9a3ac1773a/drinks/48da1927-2a3b-41f6-a56c-761c0ae05715/________.jpg,,,active,production_drinks_2026-06-30_conservative_exact_key,1,1,1,1,48da1927-2a3b-41f6-a56c-761c0ae05715,26597d55-8a12-4185-b3ef-cb9a3ac1773a,黑生,朝日,朝日,Single source drink; safe to create as standalone product if this row should enter pool.
candidate_0463,single_drink,create_product_then_link_source_drinks,黑星波本,,,佛里蒙,佛里蒙,帝国燕麦世涛,15.7,,美国,,https://agtujigvxxdppngirqtu.supabase.co/storage/v1/object/public/taplist-media/283206e3-22d9-4a54-b8a5-70694b1ec062/drinks/f471c31d-a98d-4deb-81e6-a8456bc1d006/no-menu-beer-artwork__23_.jpg,三个橡木桶混入四种燕麦世涛，极致风味。,三个橡木桶混入四种燕麦世涛，极致风味。,active,production_drinks_2026-06-30_conservative_exact_key,1,1,1,1,f471c31d-a98d-4deb-81e6-a8456bc1d006,283206e3-22d9-4a54-b8a5-70694b1ec062,黑星波本,佛里蒙,佛里蒙,Single source drink; safe to create as standalone product if this row should enter pool.
candidate_0516,single_drink,create_product_then_link_source_drinks,黑羽,,,小荷,小荷,,,,,,https://agtujigvxxdppngirqtu.supabase.co/storage/v1/object/public/taplist-media/2c191730-69f6-4031-8256-91aa59e5bc52/drinks/db0889ca-e66d-4ae7-9bd6-d1cdcacd617f/_____20260617131204_26_645.jpg,,,active,production_drinks_2026-06-30_conservative_exact_key,1,1,0,1,db0889ca-e66d-4ae7-9bd6-d1cdcacd617f,2c191730-69f6-4031-8256-91aa59e5bc52,黑羽,小荷,小荷,Single source drink; safe to create as standalone product if this row should enter pool.
candidate_0090,single_drink,create_product_then_link_source_drinks,红男爵 草莓风味西达 500ML,,,,,,,,,,,,,active,production_drinks_2026-06-30_conservative_exact_key,1,1,0,0,0c3f681a-3366-463a-b3af-6992907f238e,00000000-0000-0000-0000-000000000001,红男爵 草莓风味西达 500ML,,,Single source drink; safe to create as standalone product if this row should enter pool.
candidate_0111,single_drink,create_product_then_link_source_drinks,红男爵 雷司令夫人 白葡萄西达 500ML,,,,,,,,,,,,,active,production_drinks_2026-06-30_conservative_exact_key,1,1,0,0,46fd1432-dd95-4189-9f82-5c51029cad56,00000000-0000-0000-0000-000000000001,红男爵 雷司令夫人 白葡萄西达 500ML,,,Single source drink; safe to create as standalone product if this row should enter pool.
candidate_0526,single_drink,create_product_then_link_source_drinks,猴拳,,,悠航,悠航,美式IPA,,,,,https://agtujigvxxdppngirqtu.supabase.co/storage/v1/object/public/taplist-media/13b6f277-ab0d-4c19-ba8a-d97a5af9f51d/drinks/40b0a3d9-4474-4681-a8cc-3b0313f5fed5/no-menu-beer-artwork__83_.jpg,,,active,production_drinks_2026-06-30_conservative_exact_key,1,1,1,1,40b0a3d9-4474-4681-a8cc-3b0313f5fed5,13b6f277-ab0d-4c19-ba8a-d97a5af9f51d,猴拳,悠航,悠航,Single source drink; safe to create as standalone product if this row should enter pool.
candidate_0360,single_drink,create_product_then_link_source_drinks,后花园的混合黄皮,,,狐朋酿造,狐朋酿造,,,,,,https://agtujigvxxdppngirqtu.supabase.co/storage/v1/object/public/taplist-media/7aa1147c-5c8b-4c68-bc11-56ce34608689/drinks/663beb8d-f192-45a9-b8ef-e6bec9851f67/no-menu-beer-artwork_-_2026-06-08T022717.386.jpg,,,active,production_drinks_2026-06-30_conservative_exact_key,1,1,0,1,663beb8d-f192-45a9-b8ef-e6bec9851f67,7aa1147c-5c8b-4c68-bc11-56ce34608689,后花园的混合黄皮,狐朋酿造,狐朋酿造,Single source drink; safe to create as standalone product if this row should enter pool.
candidate_0489,single_drink,create_product_then_link_source_drinks,弧度,,,矛盾体,矛盾体,,,,,,https://agtujigvxxdppngirqtu.supabase.co/storage/v1/object/public/taplist-media/7aa1147c-5c8b-4c68-bc11-56ce34608689/drinks/b82a5b0d-e285-4901-bcc2-52571505b722/no-menu-beer-artwork__53_.jpg,,,active,production_drinks_2026-06-30_conservative_exact_key,1,1,0,1,b82a5b0d-e285-4901-bcc2-52571505b722,7aa1147c-5c8b-4c68-bc11-56ce34608689,弧度,矛盾体,矛盾体,Single source drink; safe to create as standalone product if this row should enter pool.
candidate_0585,single_drink,create_product_then_link_source_drinks,胡啊柚,,,风味屋,风味屋,双柚龙眼西打,3.5,,西安,,https://agtujigvxxdppngirqtu.supabase.co/storage/v1/object/public/taplist-media/de4207d0-d3c8-455a-8450-0d5b3e846ff0/drinks/e5b17df2-c1af-461f-b166-815d6e5d9186/no-menu-beer-artwork__33_.jpg,,,active,production_drinks_2026-06-30_conservative_exact_key,1,1,1,1,e5b17df2-c1af-461f-b166-815d6e5d9186,de4207d0-d3c8-455a-8450-0d5b3e846ff0,胡啊柚,风味屋,风味屋,Single source drink; safe to create as standalone product if this row should enter pool.
candidate_0411,single_drink,create_product_then_link_source_drinks,胡夫水坝,,,特纳亚溪,特纳亚溪,,,,,,,,,active,production_drinks_2026-06-30_conservative_exact_key,1,1,0,1,8346fa59-1115-4cf3-b1d2-c102b4fd5585,7cce9b27-acd5-4bdc-a302-153c8245a1c1,胡夫水坝,特纳亚溪,特纳亚溪,Single source drink; safe to create as standalone product if this row should enter pool.
candidate_0647,single_drink,create_product_then_link_source_drinks,胡椒蛮缠,,,水猴子,水猴子,胡椒菠芒硬苏打PRO,3.6,,,,https://agtujigvxxdppngirqtu.supabase.co/storage/v1/object/public/taplist-media/487685c5-99f1-463c-9e19-9eeea1cf6699/drinks/3a25efdb-b70f-4e1c-80ae-1d3fa7f475b9/no-menu-beer-artwork__26_.jpg,,,active,production_drinks_2026-06-30_conservative_exact_key,1,1,1,1,3a25efdb-b70f-4e1c-80ae-1d3fa7f475b9,487685c5-99f1-463c-9e19-9eeea1cf6699,胡椒蛮缠,水猴子,水猴子,Single source drink; safe to create as standalone product if this row should enter pool.
candidate_0632,single_drink,create_product_then_link_source_drinks,琥珀,,,未索之境,未索之境,英式苦啤,4.8,,成都,,https://agtujigvxxdppngirqtu.supabase.co/storage/v1/object/public/taplist-media/26597d55-8a12-4185-b3ef-cb9a3ac1773a/drinks/a76a8114-3b6e-4744-ac16-7d92dda8abd2/no-menu-beer-artwork__17_.jpg,,,active,production_drinks_2026-06-30_conservative_exact_key,1,1,1,1,a76a8114-3b6e-4744-ac16-7d92dda8abd2,26597d55-8a12-4185-b3ef-cb9a3ac1773a,琥珀,未索之境,未索之境,Single source drink; safe to create as standalone product if this row should enter pool.
candidate_0239,single_drink,create_product_then_link_source_drinks,琥珀艾尔,,,隔壁老李,隔壁老李,,,,,,https://agtujigvxxdppngirqtu.supabase.co/storage/v1/object/public/taplist-media/d897a73b-37fb-4c57-af0f-79d8759173cb/drinks/c991412a-60ff-41bf-8c0e-54d6a5c17062/no-menu-beer-artwork__51_.jpg,,,active,production_drinks_2026-06-30_conservative_exact_key,1,1,0,1,c991412a-60ff-41bf-8c0e-54d6a5c17062,d897a73b-37fb-4c57-af0f-79d8759173cb,琥珀艾尔,隔壁老李,隔壁老李,Single source drink; safe to create as standalone product if this row should enter pool.
candidate_0256,single_drink,create_product_then_link_source_drinks,幻境拉拉,,,闪电萨拉玛,闪电萨拉玛,,,,,,https://agtujigvxxdppngirqtu.supabase.co/storage/v1/object/public/taplist-media/a4f4002f-fccd-41dd-bbc5-153d30fc5385/drinks/0454a993-679a-44f2-92cd-d36d4c163139/no-menu-beer-artwork__69_.jpg,,,active,production_drinks_2026-06-30_conservative_exact_key,1,1,0,1,0454a993-679a-44f2-92cd-d36d4c163139,a4f4002f-fccd-41dd-bbc5-153d30fc5385,幻境拉拉,闪电萨拉玛,闪电萨拉玛,Single source drink; safe to create as standalone product if this row should enter pool.
candidate_0299,single_drink,create_product_then_link_source_drinks,黄米拉格,,,赤耳,赤耳,,,,,,,,,active,production_drinks_2026-06-30_conservative_exact_key,1,1,0,1,3fdc5360-376e-4bc7-b205-19d2f5ae440d,57d005da-1193-4bd2-955a-ef6b9653516d,黄米拉格,赤耳,赤耳,Single source drink; safe to create as standalone product if this row should enter pool.
candidate_0450,single_drink,create_product_then_link_source_drinks,灰猎犬,,,酒花民族,酒花民族,,,,,,https://agtujigvxxdppngirqtu.supabase.co/storage/v1/object/public/taplist-media/57d005da-1193-4bd2-955a-ef6b9653516d/drinks/502ea784-ee16-4609-8321-8ee24693cb55/no-menu-beer-artwork__9_.jpg,,,active,production_drinks_2026-06-30_conservative_exact_key,1,1,0,1,502ea784-ee16-4609-8321-8ee24693cb55,57d005da-1193-4bd2-955a-ef6b9653516d,灰猎犬,酒花民族,酒花民族,Single source drink; safe to create as standalone product if this row should enter pool.
candidate_0590,single_drink,create_product_then_link_source_drinks,惠比寿全麦,,,三宝乐,三宝乐,,,,,,https://agtujigvxxdppngirqtu.supabase.co/storage/v1/object/public/taplist-media/27c1beca-c912-4f4a-bee5-3ccf0e5d981f/drinks/7720ea9d-a099-4ff2-bc62-67701d8b1d09/____________.jpg,,,active,production_drinks_2026-06-30_conservative_exact_key,1,1,0,1,7720ea9d-a099-4ff2-bc62-67701d8b1d09,27c1beca-c912-4f4a-bee5-3ccf0e5d981f,惠比寿全麦,三宝乐,三宝乐,Single source drink; safe to create as standalone product if this row should enter pool.
candidate_0116,single_drink,create_product_then_link_source_drinks,浑浊 IPA,,,Other Half,Other Half,,,,,,https://images.unsplash.com/photo-1571613316887-6f8d5cbf7ef7?auto=format&fit=crop&w=900&q=80,,,active,production_drinks_2026-06-30_conservative_exact_key,1,1,1,1,d1000001-0001-4001-8001-000000000102,b1000001-0001-4001-8001-000000000001,浑浊 IPA,Other Half,Other Half,Single source drink; safe to create as standalone product if this row should enter pool.
candidate_0418,single_drink,create_product_then_link_source_drinks,混世魔王,,,西澳山脊,西澳山脊,西海岸双倍IPA,8.5,,澳大利亚,,https://agtujigvxxdppngirqtu.supabase.co/storage/v1/object/public/taplist-media/57d005da-1193-4bd2-955a-ef6b9653516d/drinks/18c7b9db-cd5d-42f6-831c-a80bd1c32f23/no-menu-beer-artwork_-_2026-06-09T165312.942.jpg,,,active,production_drinks_2026-06-30_conservative_exact_key,1,1,1,1,18c7b9db-cd5d-42f6-831c-a80bd1c32f23,57d005da-1193-4bd2-955a-ef6b9653516d,混世魔王,西澳山脊,西澳山脊,Single source drink; safe to create as standalone product if this row should enter pool.
candidate_0575,single_drink,create_product_then_link_source_drinks,火把梨,,,田园酿造,田园酿造,,,,,,https://agtujigvxxdppngirqtu.supabase.co/storage/v1/object/public/taplist-media/27c1beca-c912-4f4a-bee5-3ccf0e5d981f/drinks/75bf6e97-905d-4836-80aa-53dff23e73f7/______.png,,,active,production_drinks_2026-06-30_conservative_exact_key,1,1,0,1,75bf6e97-905d-4836-80aa-53dff23e73f7,27c1beca-c912-4f4a-bee5-3ccf0e5d981f,火把梨,田园酿造,田园酿造,Single source drink; safe to create as standalone product if this row should enter pool.
candidate_0081,single_drink,create_product_then_link_source_drinks,火车头 水果运输线 日本白柚西达 500ML,,,,,,,,,,,,,active,production_drinks_2026-06-30_conservative_exact_key,1,1,0,0,aec1e75b-68cf-49b4-b635-6cc9083a8b59,00000000-0000-0000-0000-000000000001,火车头 水果运输线 日本白柚西达 500ML,,,Single source drink; safe to create as standalone product if this row should enter pool.
candidate_0061,single_drink,create_product_then_link_source_drinks,火成岩弥勒图高白桃荔枝干白,,,,,,,,,,,,,active,production_drinks_2026-06-30_conservative_exact_key,1,1,0,1,143cf5f4-203b-4907-83ef-5c93744f94bb,00000000-0000-0000-0000-000000000001,火成岩弥勒图高白桃荔枝干白,,,Single source drink; safe to create as standalone product if this row should enter pool.
candidate_0019,single_drink,create_product_then_link_source_drinks,或不凡 黄河水 浑浊IPA 500ml,,,,,,,,,,,,,active,production_drinks_2026-06-30_conservative_exact_key,1,1,0,0,bc41b4a8-3491-422e-af07-96aaa523a3d8,00000000-0000-0000-0000-000000000001,或不凡 黄河水 浑浊IPA 500ml,,,Single source drink; safe to create as standalone product if this row should enter pool.
candidate_0083,single_drink,create_product_then_link_source_drinks,或不凡 浑浊淡色IPA 500ML,,,,,,,,,,,,,active,production_drinks_2026-06-30_conservative_exact_key,1,1,0,0,cd862e36-acf9-4574-8f17-6ade86859d6e,00000000-0000-0000-0000-000000000001,或不凡 浑浊淡色IPA 500ML,,,Single source drink; safe to create as standalone product if this row should enter pool.
candidate_0225,single_drink,create_product_then_link_source_drinks,或不凡 锦膊骢 浑浊IPA 500ML,,,,,,,,,,,,,active,production_drinks_2026-06-30_conservative_exact_key,1,1,0,0,35096930-02f2-44fa-8ed0-1473915246c5,00000000-0000-0000-0000-000000000001,或不凡 锦膊骢 浑浊IPA 500ML,,,Single source drink; safe to create as standalone product if this row should enter pool.
candidate_0048,single_drink,create_product_then_link_source_drinks,或不凡 貔貅 浑浊IPA 500ml,,,,,,,,,,,,,active,production_drinks_2026-06-30_conservative_exact_key,1,1,0,0,f2e9f950-f0cb-44bb-814c-83adf298f823,00000000-0000-0000-0000-000000000001,或不凡 貔貅 浑浊IPA 500ml,,,Single source drink; safe to create as standalone product if this row should enter pool.
candidate_0401,single_drink,create_product_then_link_source_drinks,机器罢工嘴巴别停,,,艾尔复兴,艾尔复兴,水果酸艾尔,5,,美国,,,,,active,production_drinks_2026-06-30_conservative_exact_key,1,1,1,1,295caf07-edfa-4f77-9501-46c0f3a04801,7cce9b27-acd5-4bdc-a302-153c8245a1c1,机器罢工嘴巴别停,艾尔复兴,艾尔复兴,Single source drink; safe to create as standalone product if this row should enter pool.
candidate_0217,single_drink,create_product_then_link_source_drinks,机械神明,,,酸羽,酸羽,,,,,,,,,active,production_drinks_2026-06-30_conservative_exact_key,1,1,0,1,c71c3d7b-819f-48a3-87d1-a73dc854c786,57d005da-1193-4bd2-955a-ef6b9653516d,机械神明,酸羽,酸羽,Single source drink; safe to create as standalone product if this row should enter pool.
candidate_0270,single_drink,create_product_then_link_source_drinks,鸡有鸡味,,,狐朋酿造,狐朋酿造,,,,,,,,,active,production_drinks_2026-06-30_conservative_exact_key,1,1,0,1,d4845dd2-e38c-462e-9238-c57633cfe97e,44a4429c-fb70-47a5-923b-370fce8f167e,鸡有鸡味,狐朋酿造,狐朋酿造,Single source drink; safe to create as standalone product if this row should enter pool.
candidate_0314,single_drink,create_product_then_link_source_drinks,基数,,,矛盾体,矛盾体,,,,,,,,,active,production_drinks_2026-06-30_conservative_exact_key,1,1,0,1,0d67cb76-6c0e-4c53-b892-34b7e869e78d,57d005da-1193-4bd2-955a-ef6b9653516d,基数,矛盾体,矛盾体,Single source drink; safe to create as standalone product if this row should enter pool.
candidate_0137,single_drink,create_product_then_link_source_drinks,极光觅月,,,航标酿造,航标酿造,,,,,,,,,active,production_drinks_2026-06-30_conservative_exact_key,1,1,0,1,44a4429c-fb70-47a5-923b-370fce8f0107,44a4429c-fb70-47a5-923b-370fce8f167e,极光觅月,航标酿造,航标酿造,Single source drink; safe to create as standalone product if this row should enter pool.
candidate_0602,single_drink,create_product_then_link_source_drinks,极光觅月,,,航标,航标,蜜酒,6.8,,大连,,https://agtujigvxxdppngirqtu.supabase.co/storage/v1/object/public/taplist-media/de4207d0-d3c8-455a-8450-0d5b3e846ff0/drinks/a5fed519-87b9-4138-8245-d3fa90ed2874/no-menu-beer-artwork__46_.jpg,,,active,production_drinks_2026-06-30_conservative_exact_key,1,1,1,1,a5fed519-87b9-4138-8245-d3fa90ed2874,de4207d0-d3c8-455a-8450-0d5b3e846ff0,极光觅月,航标,航标,Single source drink; safe to create as standalone product if this row should enter pool.
candidate_0483,single_drink,create_product_then_link_source_drinks,计划四个秘密,,,头脑冷静&敌意&凡人,头脑冷静&敌意&凡人,,,,,,https://agtujigvxxdppngirqtu.supabase.co/storage/v1/object/public/taplist-media/a4f4002f-fccd-41dd-bbc5-153d30fc5385/drinks/97359465-544d-41bc-872c-9ccb6394f42d/no-menu-beer-artwork__46_.jpg,,,active,production_drinks_2026-06-30_conservative_exact_key,1,1,0,1,97359465-544d-41bc-872c-9ccb6394f42d,a4f4002f-fccd-41dd-bbc5-153d30fc5385,计划四个秘密,头脑冷静&敌意&凡人,头脑冷静&敌意&凡人,Single source drink; safe to create as standalone product if this row should enter pool.
candidate_0486,single_drink,create_product_then_link_source_drinks,纪念日10,,,生命长河,生命长河,新英格兰三倍IPA,10,,美国,,,,,active,production_drinks_2026-06-30_conservative_exact_key,1,1,1,1,0ee4a2e6-f1ff-4500-8d03-5d2e0bee4400,a4f4002f-fccd-41dd-bbc5-153d30fc5385,纪念日10,生命长河,生命长河,Single source drink; safe to create as standalone product if this row should enter pool.
candidate_0631,single_drink,create_product_then_link_source_drinks,加州海风,,,狸造,狸造,加州蒸汽拉格,5.5,,北京,,https://agtujigvxxdppngirqtu.supabase.co/storage/v1/object/public/taplist-media/26597d55-8a12-4185-b3ef-cb9a3ac1773a/drinks/083d95df-e7e1-4bb8-93d1-c960e7cb5c5d/no-menu-beer-artwork__18_.jpg,,,active,production_drinks_2026-06-30_conservative_exact_key,1,1,1,1,083d95df-e7e1-4bb8-93d1-c960e7cb5c5d,26597d55-8a12-4185-b3ef-cb9a3ac1773a,加州海风,狸造,狸造,Single source drink; safe to create as standalone product if this row should enter pool.
candidate_0455,single_drink,create_product_then_link_source_drinks,剪影桃,,,哈德逊河谷,哈德逊河谷,,,,,,https://agtujigvxxdppngirqtu.supabase.co/storage/v1/object/public/taplist-media/44a4429c-fb70-47a5-923b-370fce8f167e/drinks/3239bdcf-4767-4881-abae-1251a187bf93/____________.png,,,active,production_drinks_2026-06-30_conservative_exact_key,1,1,0,1,3239bdcf-4767-4881-abae-1251a187bf93,44a4429c-fb70-47a5-923b-370fce8f167e,剪影桃,哈德逊河谷,哈德逊河谷,Single source drink; safe to create as standalone product if this row should enter pool.
candidate_0309,single_drink,create_product_then_link_source_drinks,健力士 Guinness,,,Guinness,Guinness,氮气世涛,,,,,https://agtujigvxxdppngirqtu.supabase.co/storage/v1/object/public/taplist-media/283206e3-22d9-4a54-b8a5-70694b1ec062/drinks/427485e5-9012-4cad-936b-5188f748cf17/no-menu-beer-artwork__3_.jpg,,,active,production_drinks_2026-06-30_conservative_exact_key,1,1,1,1,427485e5-9012-4cad-936b-5188f748cf17,283206e3-22d9-4a54-b8a5-70694b1ec062,健力士 Guinness,Guinness,Guinness,Single source drink; safe to create as standalone product if this row should enter pool.
candidate_0361,single_drink,create_product_then_link_source_drinks,浆化星球,,,一滴,一滴,果泥酸艾尔,6.3,,新西兰,,,,,active,production_drinks_2026-06-30_conservative_exact_key,1,1,1,1,edfc0fd2-e2ba-4a42-9d46-fa4cc616be97,44a4429c-fb70-47a5-923b-370fce8f167e,浆化星球,一滴,一滴,Single source drink; safe to create as standalone product if this row should enter pool.
candidate_0306,single_drink,create_product_then_link_source_drinks,僵尸猎鸭人,,,酒花僵尸,酒花僵尸,,,,,,,,,active,production_drinks_2026-06-30_conservative_exact_key,1,1,0,1,14e12f03-d63e-4dea-98c1-a2c4dce5e89a,283206e3-22d9-4a54-b8a5-70694b1ec062,僵尸猎鸭人,酒花僵尸,酒花僵尸,Single source drink; safe to create as standalone product if this row should enter pool.
candidate_0466,single_drink,create_product_then_link_source_drinks,奖励关卡,,,玄水屋,玄水屋,黑拉格,5.2,,西安,,https://agtujigvxxdppngirqtu.supabase.co/storage/v1/object/public/taplist-media/1cff208a-4424-4867-966d-a7839ac59f6f/drinks/c4fb6eab-9f71-40b6-a66b-ecb0a552d61c/__________.jpg,,,active,production_drinks_2026-06-30_conservative_exact_key,1,1,1,1,c4fb6eab-9f71-40b6-a66b-ecb0a552d61c,1cff208a-4424-4867-966d-a7839ac59f6f,奖励关卡,玄水屋,玄水屋,Single source drink; safe to create as standalone product if this row should enter pool.
candidate_0433,single_drink,create_product_then_link_source_drinks,降临,,,大九,大九,,,,,,https://agtujigvxxdppngirqtu.supabase.co/storage/v1/object/public/taplist-media/44a4429c-fb70-47a5-923b-370fce8f167e/drinks/b7a7896a-011a-4c28-9509-c9ae83b192bb/_______.jpg,,,active,production_drinks_2026-06-30_conservative_exact_key,1,1,0,1,b7a7896a-011a-4c28-9509-c9ae83b192bb,44a4429c-fb70-47a5-923b-370fce8f167e,降临,大九,大九,Single source drink; safe to create as standalone product if this row should enter pool.
candidate_0498,single_drink,create_product_then_link_source_drinks,焦点二号,,,凯西,凯西,桶陈增味型农舍艾尔,6.5,,美国,,,,,active,production_drinks_2026-06-30_conservative_exact_key,1,1,1,1,c731304d-459b-40e4-a71a-9f801a1169df,7aa1147c-5c8b-4c68-bc11-56ce34608689,焦点二号,凯西,凯西,Single source drink; safe to create as standalone product if this row should enter pool.
candidate_0296,single_drink,create_product_then_link_source_drinks,劫尽,,,本末·特伦,本末特伦,日本大米拉格,5,,美国,,,,,active,production_drinks_2026-06-30_conservative_exact_key,1,1,1,1,a63bb00b-f182-4c4f-8d0f-887234e85f9e,57d005da-1193-4bd2-955a-ef6b9653516d,劫尽,本末·特伦,本末特伦,Single source drink; safe to create as standalone product if this row should enter pool.
candidate_0507,single_drink,create_product_then_link_source_drinks,解构,,,勿幕,勿幕,酒花皮尔森,6.3,,,,https://agtujigvxxdppngirqtu.supabase.co/storage/v1/object/public/taplist-media/2c191730-69f6-4031-8256-91aa59e5bc52/drinks/cddc1412-f0c3-4617-a91a-a8298f4ba531/no-menu-beer-artwork__72_.jpg,,,active,production_drinks_2026-06-30_conservative_exact_key,1,1,1,1,cddc1412-f0c3-4617-a91a-a8298f4ba531,2c191730-69f6-4031-8256-91aa59e5bc52,解构,勿幕,勿幕,Single source drink; safe to create as standalone product if this row should enter pool.
candidate_0222,single_drink,create_product_then_link_source_drinks,解药,,,洛莱,洛莱,,,,,,,,,active,production_drinks_2026-06-30_conservative_exact_key,1,1,0,1,66d3d800-c8ee-481c-8eb0-0fcbcdc4e5e8,57d005da-1193-4bd2-955a-ef6b9653516d,解药,洛莱,洛莱,Single source drink; safe to create as standalone product if this row should enter pool.
candidate_0525,single_drink,create_product_then_link_source_drinks,金狼之舞,,,虽吾,虽吾,,,,,,https://agtujigvxxdppngirqtu.supabase.co/storage/v1/object/public/taplist-media/13b6f277-ab0d-4c19-ba8a-d97a5af9f51d/drinks/7616db18-01b7-45fb-81ee-54275952855c/no-menu-beer-artwork__89_.jpg,,,active,production_drinks_2026-06-30_conservative_exact_key,1,1,0,1,7616db18-01b7-45fb-81ee-54275952855c,13b6f277-ab0d-4c19-ba8a-d97a5af9f51d,金狼之舞,虽吾,虽吾,Single source drink; safe to create as standalone product if this row should enter pool.
candidate_0623,single_drink,create_product_then_link_source_drinks,金苹果,,,撒切尔,撒切尔,西打,4.8,,英国,,https://agtujigvxxdppngirqtu.supabase.co/storage/v1/object/public/taplist-media/494bcf1f-8346-480f-a396-204b104c9313/drinks/2e65ddf2-7dde-4a2b-a9c3-010d2850c7d2/IMG_7626.png,,,active,production_drinks_2026-06-30_conservative_exact_key,1,1,1,1,2e65ddf2-7dde-4a2b-a9c3-010d2850c7d2,494bcf1f-8346-480f-a396-204b104c9313,金苹果,撒切尔,撒切尔,Single source drink; safe to create as standalone product if this row should enter pool.
candidate_0614,single_drink,create_product_then_link_source_drinks,金雀花,,,美西,美西,新西兰皮尔森,4.8,,成都,,https://agtujigvxxdppngirqtu.supabase.co/storage/v1/object/public/taplist-media/494bcf1f-8346-480f-a396-204b104c9313/drinks/d30ff22e-572a-4194-a209-d7e477cc9b37/no-menu-beer-artwork__11_.jpg,,,active,production_drinks_2026-06-30_conservative_exact_key,1,1,1,1,d30ff22e-572a-4194-a209-d7e477cc9b37,494bcf1f-8346-480f-a396-204b104c9313,金雀花,美西,美西,Single source drink; safe to create as standalone product if this row should enter pool.
candidate_0008,single_drink,create_product_then_link_source_drinks,金汤力,,,,,,,,,,,,,active,production_drinks_2026-06-30_conservative_exact_key,1,1,0,1,2ac88245-99ba-46f5-a67f-803be810bda6,00000000-0000-0000-0000-000000000001,金汤力,,,Single source drink; safe to create as standalone product if this row should enter pool.
candidate_0039,single_drink,create_product_then_link_source_drinks,金汤力/嗨棒,,,,,,,,,,,,,active,production_drinks_2026-06-30_conservative_exact_key,1,1,0,0,8642e593-c44c-4b3c-bb58-e4386f43c9f9,00000000-0000-0000-0000-000000000001,金汤力/嗨棒,,,Single source drink; safe to create as standalone product if this row should enter pool.
candidate_0663,single_drink,create_product_then_link_source_drinks,惊慌,,,蔓延,蔓延,,,,,,https://agtujigvxxdppngirqtu.supabase.co/storage/v1/object/public/taplist-media/487685c5-99f1-463c-9e19-9eeea1cf6699/drinks/2535abdd-8c95-4005-ba8b-44611b916300/no-menu-beer-artwork__25_.jpg,,,active,production_drinks_2026-06-30_conservative_exact_key,1,1,0,1,2535abdd-8c95-4005-ba8b-44611b916300,487685c5-99f1-463c-9e19-9eeea1cf6699,惊慌,蔓延,蔓延,Single source drink; safe to create as standalone product if this row should enter pool.
candidate_0366,single_drink,create_product_then_link_source_drinks,惊魂记,,,碎片,碎片,,,,,,https://agtujigvxxdppngirqtu.supabase.co/storage/v1/object/public/taplist-media/7aa1147c-5c8b-4c68-bc11-56ce34608689/drinks/15879e45-1a22-45e1-8366-ef082e24b072/no-menu-beer-artwork_-_2026-06-08T022751.049.jpg,,,active,production_drinks_2026-06-30_conservative_exact_key,1,1,0,1,15879e45-1a22-45e1-8366-ef082e24b072,7aa1147c-5c8b-4c68-bc11-56ce34608689,惊魂记,碎片,碎片,Single source drink; safe to create as standalone product if this row should enter pool.
candidate_0197,single_drink,create_product_then_link_source_drinks,精明强干,,,凯西,凯西,农舍艾尔,6,,,,https://agtujigvxxdppngirqtu.supabase.co/storage/v1/object/public/taplist-media/c3af90db-9734-4750-927c-38f6b37fb3e0/drinks/ef1dd2dc-4e38-4029-ba6a-c106e1e51297/_______.jpg,,,active,production_drinks_2026-06-30_conservative_exact_key,1,1,1,1,ef1dd2dc-4e38-4029-ba6a-c106e1e51297,c3af90db-9734-4750-927c-38f6b37fb3e0,精明强干,凯西,凯西,Single source drink; safe to create as standalone product if this row should enter pool.
candidate_0273,single_drink,create_product_then_link_source_drinks,精益求精,,,费登斯,费登斯,,,,,,https://agtujigvxxdppngirqtu.supabase.co/storage/v1/object/public/taplist-media/a4f4002f-fccd-41dd-bbc5-153d30fc5385/drinks/d5033c8f-097a-460d-bfdf-501a66defc0f/no-menu-beer-artwork__73_.jpg,,,active,production_drinks_2026-06-30_conservative_exact_key,1,1,0,1,d5033c8f-097a-460d-bfdf-501a66defc0f,a4f4002f-fccd-41dd-bbc5-153d30fc5385,精益求精,费登斯,费登斯,Single source drink; safe to create as standalone product if this row should enter pool.
candidate_0057,single_drink,create_product_then_link_source_drinks,净苑 BOERENERF 葡萄兰比克,,,,,,,,,,,,,active,production_drinks_2026-06-30_conservative_exact_key,1,1,0,0,b885a7c5-2af1-47c0-80a3-f6bc11708feb,00000000-0000-0000-0000-000000000001,净苑 BOERENERF 葡萄兰比克,,,Single source drink; safe to create as standalone product if this row should enter pool.
candidate_0215,single_drink,create_product_then_link_source_drinks,久别重逢,,,酒窖师,酒窖师,,,,,,,,,active,production_drinks_2026-06-30_conservative_exact_key,1,1,0,1,a6084abe-236e-42c9-8e88-0de66fcab043,57d005da-1193-4bd2-955a-ef6b9653516d,久别重逢,酒窖师,酒窖师,Single source drink; safe to create as standalone product if this row should enter pool.
candidate_0679,single_drink,create_product_then_link_source_drinks,酒花构建·像菠萝,,,蔓延,蔓延,酸IPA,7,,武汉,,https://agtujigvxxdppngirqtu.supabase.co/storage/v1/object/public/taplist-media/494bcf1f-8346-480f-a396-204b104c9313/drinks/9c90d3f9-4636-4a45-ac16-179015557353/no-menu-beer-artwork__25_.jpg,基于酿造逻辑的酸化结构，带来轻盈、干净且克制的乳酸风味，让酒体像切开的新鲜菠萝一样明亮直接。,基于酿造逻辑的酸化结构，带来轻盈、干净且克制的乳酸风味，让酒体像切开的新鲜菠萝一样明亮直接。,active,production_drinks_2026-06-30_conservative_exact_key,1,1,1,1,9c90d3f9-4636-4a45-ac16-179015557353,494bcf1f-8346-480f-a396-204b104c9313,酒花构建·像菠萝,蔓延,蔓延,Single source drink; safe to create as standalone product if this row should enter pool.
candidate_0072,single_drink,create_product_then_link_source_drinks,酒花倾慕 美式淡色艾尔,,,郡区,郡区,,,,,,,,,active,production_drinks_2026-06-30_conservative_exact_key,1,1,0,0,53db032e-1914-4391-bcdd-283162e71994,00000000-0000-0000-0000-000000000001,酒花倾慕 美式淡色艾尔,郡区,郡区,Single source drink; safe to create as standalone product if this row should enter pool.
candidate_0385,single_drink,create_product_then_link_source_drinks,酒花伞兵,,,气泡实验室,气泡实验室,,,,,,https://agtujigvxxdppngirqtu.supabase.co/storage/v1/object/public/taplist-media/57d005da-1193-4bd2-955a-ef6b9653516d/drinks/bd89687f-af14-4055-8c40-7a592985200b/no-menu-beer-artwork.jpg,,,active,production_drinks_2026-06-30_conservative_exact_key,1,1,0,1,bd89687f-af14-4055-8c40-7a592985200b,57d005da-1193-4bd2-955a-ef6b9653516d,酒花伞兵,气泡实验室,气泡实验室,Single source drink; safe to create as standalone product if this row should enter pool.
candidate_0283,single_drink,create_product_then_link_source_drinks,酒花英雄,,,狐朋酿造,狐朋酿造,,,,,,https://agtujigvxxdppngirqtu.supabase.co/storage/v1/object/public/taplist-media/44a4429c-fb70-47a5-923b-370fce8f167e/drinks/c6325198-fbca-4c76-83a7-60ebd4bcde1c/no-menu-beer-artwork__80_.jpg,,,active,production_drinks_2026-06-30_conservative_exact_key,1,1,0,1,c6325198-fbca-4c76-83a7-60ebd4bcde1c,44a4429c-fb70-47a5-923b-370fce8f167e,酒花英雄,狐朋酿造,狐朋酿造,Single source drink; safe to create as standalone product if this row should enter pool.
candidate_0627,single_drink,create_product_then_link_source_drinks,橘郡,,,左手巨人 x 绿颊鹦鹉,左手巨人 x 绿颊鹦鹉,西海岸皮尔森,5,,英国x美国,,https://agtujigvxxdppngirqtu.supabase.co/storage/v1/object/public/taplist-media/27c1beca-c912-4f4a-bee5-3ccf0e5d981f/drinks/eee0b6db-2d45-4884-b7b7-9345be21cc10/_______.png,,,active,production_drinks_2026-06-30_conservative_exact_key,1,1,1,1,eee0b6db-2d45-4884-b7b7-9345be21cc10,27c1beca-c912-4f4a-bee5-3ccf0e5d981f,橘郡,左手巨人 x 绿颊鹦鹉,左手巨人 x 绿颊鹦鹉,Single source drink; safe to create as standalone product if this row should enter pool.
candidate_0100,single_drink,create_product_then_link_source_drinks,锯厂,,,,,,,,,,,,,active,production_drinks_2026-06-30_conservative_exact_key,1,1,0,0,2e375352-5163-45c3-8d5a-495f1afd5c04,00000000-0000-0000-0000-000000000001,锯厂,,,Single source drink; safe to create as standalone product if this row should enter pool.
candidate_0070,single_drink,create_product_then_link_source_drinks,郡区 果汁博士 浑浊印度淡色艾尔 355ML,,,,,,,,,,,,,active,production_drinks_2026-06-30_conservative_exact_key,1,1,0,0,37230f68-c2b8-4705-b5fb-5f5ef8e95b1e,00000000-0000-0000-0000-000000000001,郡区 果汁博士 浑浊印度淡色艾尔 355ML,,,Single source drink; safe to create as standalone product if this row should enter pool.
candidate_0082,single_drink,create_product_then_link_source_drinks,郡区 湾岸 印度淡色艾尔 355ML,,,,,,,,,,,,,active,production_drinks_2026-06-30_conservative_exact_key,1,1,0,0,f6cf3dc8-f578-484b-97fc-dd11fc37a4e6,00000000-0000-0000-0000-000000000001,郡区 湾岸 印度淡色艾尔 355ML,,,Single source drink; safe to create as standalone product if this row should enter pool.
candidate_0421,single_drink,create_product_then_link_source_drinks,卡拉斯科,,,撬啤酿造,撬啤酿造,比利时小麦,4.5,14,,,,,,active,production_drinks_2026-06-30_conservative_exact_key,1,1,1,1,d90fcbdf-e19a-420a-baa4-438c5afead16,d897a73b-37fb-4c57-af0f-79d8759173cb,卡拉斯科,撬啤酿造,撬啤酿造,Single source drink; safe to create as standalone product if this row should enter pool.
candidate_0449,single_drink,create_product_then_link_source_drinks,卡南代瓜优质拉格,,,回头客,回头客,,,,,,,,,active,production_drinks_2026-06-30_conservative_exact_key,1,1,0,1,48cf9ea3-babf-40d2-94ba-f84deafc3a86,283206e3-22d9-4a54-b8a5-70694b1ec062,卡南代瓜优质拉格,回头客,回头客,Single source drink; safe to create as standalone product if this row should enter pool.
candidate_0045,single_drink,create_product_then_link_source_drinks,卡斯特罗半甜,,,,,,,,,,,,,active,production_drinks_2026-06-30_conservative_exact_key,1,1,0,1,160f681e-a498-40ba-8caf-e78deb8032cf,00000000-0000-0000-0000-000000000001,卡斯特罗半甜,,,Single source drink; safe to create as standalone product if this row should enter pool.
candidate_0505,single_drink,create_product_then_link_source_drinks,凯库拉的鲸,,,鼻行兽,鼻行兽,三倍帝国酒花拉格,7.8,,西安,,https://agtujigvxxdppngirqtu.supabase.co/storage/v1/object/public/taplist-media/831db2a1-ee47-4d88-9c0b-3e19a5668d6d/drinks/4a1ce5e7-5b9d-4ad1-892b-1a7988117b28/no-menu-beer-artwork__59_.jpg,,,active,production_drinks_2026-06-30_conservative_exact_key,1,1,1,1,4a1ce5e7-5b9d-4ad1-892b-1a7988117b28,831db2a1-ee47-4d88-9c0b-3e19a5668d6d,凯库拉的鲸,鼻行兽,鼻行兽,Single source drink; safe to create as standalone product if this row should enter pool.
candidate_0630,single_drink,create_product_then_link_source_drinks,科隆巴赫皮尔森,,,科隆巴赫,科隆巴赫,皮尔森,4.8,,德国,,https://agtujigvxxdppngirqtu.supabase.co/storage/v1/object/public/taplist-media/26597d55-8a12-4185-b3ef-cb9a3ac1773a/drinks/7264605d-84e0-447c-a02a-9fc241fa248b/no-menu-event-image__5_.jpg,,,active,production_drinks_2026-06-30_conservative_exact_key,1,1,1,1,7264605d-84e0-447c-a02a-9fc241fa248b,26597d55-8a12-4185-b3ef-cb9a3ac1773a,科隆巴赫皮尔森,科隆巴赫,科隆巴赫,Single source drink; safe to create as standalone product if this row should enter pool.
candidate_0484,single_drink,create_product_then_link_source_drinks,科墨堡皮尔森,,,科隆巴赫,科隆巴赫,,,,,,https://agtujigvxxdppngirqtu.supabase.co/storage/v1/object/public/taplist-media/a4f4002f-fccd-41dd-bbc5-153d30fc5385/drinks/e71f300f-01a8-42fc-9713-aa07e14f55ef/no-menu-beer-artwork__50_.jpg,,,active,production_drinks_2026-06-30_conservative_exact_key,1,1,0,1,e71f300f-01a8-42fc-9713-aa07e14f55ef,a4f4002f-fccd-41dd-bbc5-153d30fc5385,科墨堡皮尔森,科隆巴赫,科隆巴赫,Single source drink; safe to create as standalone product if this row should enter pool.
candidate_0237,single_drink,create_product_then_link_source_drinks,科慕堡皮尔森,,,科慕堡,科慕堡,,,,,,https://agtujigvxxdppngirqtu.supabase.co/storage/v1/object/public/taplist-media/d897a73b-37fb-4c57-af0f-79d8759173cb/drinks/f236daee-6ab8-4969-9fad-6b946d091b16/no-menu-beer-artwork__44_.jpg,,,active,production_drinks_2026-06-30_conservative_exact_key,1,1,0,1,f236daee-6ab8-4969-9fad-6b946d091b16,d897a73b-37fb-4c57-af0f-79d8759173cb,科慕堡皮尔森,科慕堡,科慕堡,Single source drink; safe to create as standalone product if this row should enter pool.
candidate_0661,single_drink,create_product_then_link_source_drinks,轲斯拉大战金刚,,,亚洲小霸王,CLAG,双倍新西兰IPA,8,,美国,,https://agtujigvxxdppngirqtu.supabase.co/storage/v1/object/public/taplist-media/c3af90db-9734-4750-927c-38f6b37fb3e0/drinks/7faaa0aa-7faa-4af1-bea9-ba0b65909f09/no-menu-beer-artwork__10_.jpg,,,active,production_drinks_2026-06-30_conservative_exact_key,1,1,1,1,7faaa0aa-7faa-4af1-bea9-ba0b65909f09,c3af90db-9734-4750-927c-38f6b37fb3e0,轲斯拉大战金刚,亚洲小霸王,CLAG,Single source drink; safe to create as standalone product if this row should enter pool.
candidate_0001,single_drink,create_product_then_link_source_drinks,克莱嘉赫13年,,,,,,,,,,,,,active,production_drinks_2026-06-30_conservative_exact_key,1,1,0,1,d74f0577-1251-4448-8a78-63d708475ab4,00000000-0000-0000-0000-000000000001,克莱嘉赫13年,,,Single source drink; safe to create as standalone product if this row should enter pool.
candidate_0002,single_drink,create_product_then_link_source_drinks,克里尼利基14年,,,,,,,,,,,,,active,production_drinks_2026-06-30_conservative_exact_key,1,1,0,1,c9dbdbf7-cd41-461d-8457-eaaddb0aabd9,00000000-0000-0000-0000-000000000001,克里尼利基14年,,,Single source drink; safe to create as standalone product if this row should enter pool.
candidate_0447,single_drink,create_product_then_link_source_drinks,空行母,,,无毛用,无毛用,藏式花木苹果酒,4.5,,广州,,https://agtujigvxxdppngirqtu.supabase.co/storage/v1/object/public/taplist-media/44a4429c-fb70-47a5-923b-370fce8f167e/drinks/18d9de4e-c7d0-488d-9652-cfcd6ce18907/no-menu-beer-artwork__13_.jpg,,,active,production_drinks_2026-06-30_conservative_exact_key,1,1,1,1,18d9de4e-c7d0-488d-9652-cfcd6ce18907,44a4429c-fb70-47a5-923b-370fce8f167e,空行母,无毛用,无毛用,Single source drink; safe to create as standalone product if this row should enter pool.
candidate_0192,single_drink,create_product_then_link_source_drinks,恐怖如斯 帝国IPA,,,明日酿造,明日酿造,,,,,,https://agtujigvxxdppngirqtu.supabase.co/storage/v1/object/public/taplist-media/00000000-0000-0000-0000-000000000001/drinks/d334bd08-e10a-4c8f-bc0c-c95c3f69743f/no-menu-beer-artwork__16_.jpg,,,active,production_drinks_2026-06-30_conservative_exact_key,1,1,0,0,d334bd08-e10a-4c8f-bc0c-c95c3f69743f,00000000-0000-0000-0000-000000000001,恐怖如斯 帝国IPA,明日酿造,明日酿造,Single source drink; safe to create as standalone product if this row should enter pool.
candidate_0660,single_drink,create_product_then_link_source_drinks,狂野的啤酒梦,,,邪恶双子,邪恶双子,西海岸IPA,6.5,,美国,,,葡萄柚、松树、柑橘皮以及潮湿树脂的香气。清脆、有力，且危险地好喝。,葡萄柚、松树、柑橘皮以及潮湿树脂的香气。清脆、有力，且危险地好喝。,active,production_drinks_2026-06-30_conservative_exact_key,1,1,1,1,265857cd-35cb-4c47-9daa-6d19fd7d892e,7cce9b27-acd5-4bdc-a302-153c8245a1c1,狂野的啤酒梦,邪恶双子,邪恶双子,Single source drink; safe to create as standalone product if this row should enter pool.
candidate_0066,single_drink,create_product_then_link_source_drinks,拉弗格 四分之一桶,,,,,,,,,,,,,active,production_drinks_2026-06-30_conservative_exact_key,1,1,0,0,4f413d88-2192-47da-9798-22272e8ea531,00000000-0000-0000-0000-000000000001,拉弗格 四分之一桶,,,Single source drink; safe to create as standalone product if this row should enter pool.
candidate_0655,single_drink,create_product_then_link_source_drinks,拉格,,,小熊贝莲,小熊贝莲,酒花拉格,5,,日本,,https://agtujigvxxdppngirqtu.supabase.co/storage/v1/object/public/taplist-media/a4f4002f-fccd-41dd-bbc5-153d30fc5385/drinks/49787935-4915-46a5-9880-f389c1b6fe77/_______.webp,,,active,production_drinks_2026-06-30_conservative_exact_key,1,1,1,1,49787935-4915-46a5-9880-f389c1b6fe77,a4f4002f-fccd-41dd-bbc5-153d30fc5385,拉格,小熊贝莲,小熊贝莲,Single source drink; safe to create as standalone product if this row should enter pool.
candidate_0665,single_drink,create_product_then_link_source_drinks,莱茵淡影,,,远山啤酒,远山啤酒,科隆,5,,,,https://agtujigvxxdppngirqtu.supabase.co/storage/v1/object/public/taplist-media/2c191730-69f6-4031-8256-91aa59e5bc52/drinks/e823589f-2489-43bc-baed-092e222d39d1/no-menu-beer-artwork__1_.jpg,,,active,production_drinks_2026-06-30_conservative_exact_key,1,1,1,1,e823589f-2489-43bc-baed-092e222d39d1,2c191730-69f6-4031-8256-91aa59e5bc52,莱茵淡影,远山啤酒,远山啤酒,Single source drink; safe to create as standalone product if this row should enter pool.
candidate_0129,single_drink,create_product_then_link_source_drinks,兰比克,,,Cantillon,Cantillon,,,,,,https://images.unsplash.com/photo-1618184880380-8199e8b4eaa8?auto=format&fit=crop&w=900&q=80,,,active,production_drinks_2026-06-30_conservative_exact_key,1,1,1,1,d1000001-0001-4001-8001-000000000305,b1000001-0001-4001-8001-000000000003,兰比克,Cantillon,Cantillon,Single source drink; safe to create as standalone product if this row should enter pool.
candidate_0347,single_drink,create_product_then_link_source_drinks,蓝莓快车 世涛,,,和弦,和弦,,,,,,https://agtujigvxxdppngirqtu.supabase.co/storage/v1/object/public/taplist-media/00000000-0000-0000-0000-000000000001/drinks/14af4b1b-b9de-4257-b31f-52e7a06f050b/no-menu-beer-artwork_-_2026-06-07T180854.127.jpg,,,active,production_drinks_2026-06-30_conservative_exact_key,1,1,0,0,14af4b1b-b9de-4257-b31f-52e7a06f050b,00000000-0000-0000-0000-000000000001,蓝莓快车 世涛,和弦,和弦,Single source drink; safe to create as standalone product if this row should enter pool.
candidate_0471,single_drink,create_product_then_link_source_drinks,浪裹,,,诚实啤酒,诚实啤酒,,,,,,https://agtujigvxxdppngirqtu.supabase.co/storage/v1/object/public/taplist-media/44a4429c-fb70-47a5-923b-370fce8f167e/drinks/ebebdace-2e10-4217-b820-ddce08ff6073/no-menu-beer-artwork__29_.jpg,,,active,production_drinks_2026-06-30_conservative_exact_key,1,1,0,1,ebebdace-2e10-4217-b820-ddce08ff6073,44a4429c-fb70-47a5-923b-370fce8f167e,浪裹,诚实啤酒,诚实啤酒,Single source drink; safe to create as standalone product if this row should enter pool.
candidate_0155,single_drink,create_product_then_link_source_drinks,老板的最爱 双倍IPA,,,明日酿造,明日酿造,,,,,,https://agtujigvxxdppngirqtu.supabase.co/storage/v1/object/public/taplist-media/00000000-0000-0000-0000-000000000001/drinks/7e310097-67be-493c-9d80-d1f3e34b1e2b/no-menu-beer-artwork__10_.jpg,,,active,production_drinks_2026-06-30_conservative_exact_key,1,1,0,0,7e310097-67be-493c-9d80-d1f3e34b1e2b,00000000-0000-0000-0000-000000000001,老板的最爱 双倍IPA,明日酿造,明日酿造,Single source drink; safe to create as standalone product if this row should enter pool.
candidate_0157,single_drink,create_product_then_link_source_drinks,老城琥珀,,,彼岸,彼岸,,,,,,,,,active,production_drinks_2026-06-30_conservative_exact_key,1,1,0,1,3d6cb427-a8c3-4583-a7c4-5a3ad9f5f503,3d6cb427-a8c3-4583-a7c4-5a3ad9f5f787,老城琥珀,彼岸,彼岸,Single source drink; safe to create as standalone product if this row should enter pool.
candidate_0598,single_drink,create_product_then_link_source_drinks,老伙计 西海岸IPA,,,TAPSTAR,TAPSTAR,,,,,,,,,active,production_drinks_2026-06-30_conservative_exact_key,1,1,0,1,22fae627-edb8-48ce-967f-b70e83e85c55,00000000-0000-0000-0000-000000000001,老伙计 西海岸IPA,TAPSTAR,TAPSTAR,Single source drink; safe to create as standalone product if this row should enter pool.
candidate_0538,single_drink,create_product_then_link_source_drinks,老炮,,,山雀,山雀,传统西海岸IPA,7,,上海,,https://agtujigvxxdppngirqtu.supabase.co/storage/v1/object/public/taplist-media/00234890-ee30-4985-992d-98ab8ce1d5de/drinks/c107d195-fdb5-4091-a963-7afc760e6808/no-menu-beer-artwork__5_.jpg,,,active,production_drinks_2026-06-30_conservative_exact_key,1,1,1,1,c107d195-fdb5-4091-a963-7afc760e6808,00234890-ee30-4985-992d-98ab8ce1d5de,老炮,山雀,山雀,Single source drink; safe to create as standalone product if this row should enter pool.
candidate_0487,single_drink,create_product_then_link_source_drinks,勒克斯,,,比尔斯兄弟,比尔斯兄弟,美式淡色艾尔,5.1,,美国,,https://agtujigvxxdppngirqtu.supabase.co/storage/v1/object/public/taplist-media/a4f4002f-fccd-41dd-bbc5-153d30fc5385/drinks/2b20256b-446d-416a-9387-37d5ed11783d/no-menu-beer-artwork__48_.jpg,,,active,production_drinks_2026-06-30_conservative_exact_key,1,1,1,1,2b20256b-446d-416a-9387-37d5ed11783d,a4f4002f-fccd-41dd-bbc5-153d30fc5385,勒克斯,比尔斯兄弟,比尔斯兄弟,Single source drink; safe to create as standalone product if this row should enter pool.
candidate_0569,single_drink,create_product_then_link_source_drinks,冷萃马赛克,,,香港啤酒公司,香港啤酒公司,DDH双倍西海岸,8,,中国香港,,https://agtujigvxxdppngirqtu.supabase.co/storage/v1/object/public/taplist-media/1cff208a-4424-4867-966d-a7839ac59f6f/drinks/87d83d2d-5df6-47b6-a3c1-c92f4397d695/no-menu-beer-artwork__22_.jpg,,,active,production_drinks_2026-06-30_conservative_exact_key,1,1,1,1,87d83d2d-5df6-47b6-a3c1-c92f4397d695,1cff208a-4424-4867-966d-a7839ac59f6f,冷萃马赛克,香港啤酒公司,香港啤酒公司,Single source drink; safe to create as standalone product if this row should enter pool.
candidate_0300,single_drink,create_product_then_link_source_drinks,历史学会,,,本末·特伦,本末·特伦,柏林酸小麦,5,,美国,,,,,active,production_drinks_2026-06-30_conservative_exact_key,1,1,1,1,6c868f65-5dbf-4271-898e-53466b7249fa,283206e3-22d9-4a54-b8a5-70694b1ec062,历史学会,本末·特伦,本末·特伦,Single source drink; safe to create as standalone product if this row should enter pool.
candidate_0338,single_drink,create_product_then_link_source_drinks,立方,,,蔓延,蔓延,,,,,,https://agtujigvxxdppngirqtu.supabase.co/storage/v1/object/public/taplist-media/283206e3-22d9-4a54-b8a5-70694b1ec062/drinks/7921f0c5-819e-4f7f-ac1a-d3029f9a7422/no-menu-beer-artwork__88_.jpg,,,active,production_drinks_2026-06-30_conservative_exact_key,1,1,0,1,7921f0c5-819e-4f7f-ac1a-d3029f9a7422,283206e3-22d9-4a54-b8a5-70694b1ec062,立方,蔓延,蔓延,Single source drink; safe to create as standalone product if this row should enter pool.
candidate_0658,single_drink,create_product_then_link_source_drinks,立方,,,蔓延酿造,蔓延酿造,酵母悬浮型小麦,4.5,,武汉,,https://agtujigvxxdppngirqtu.supabase.co/storage/v1/object/public/taplist-media/81a90487-39c9-46bb-b221-68ff631275d6/drinks/62d54d8b-4886-4876-bf52-1dddf4295438/no-menu-beer-artwork__4_.jpg,传统的分醪煮出糖化工艺的巴伐利亚风格小麦啤酒，采用敞口发酵，带有丁香、小麦和香蕉等所有经典巴伐利亚啤酒香气的味道，此外我们还在煮沸后端添加柠檬草浸泡，来萃取一些有趣的味道。,传统的分醪煮出糖化工艺的巴伐利亚风格小麦啤酒，采用敞口发酵，带有丁香、小麦和香蕉等所有经典巴伐利亚啤酒香气的味道，此外我们还在煮沸后端添加柠檬草浸泡，来萃取一些有趣的味道。,active,production_drinks_2026-06-30_conservative_exact_key,1,1,1,1,62d54d8b-4886-4876-bf52-1dddf4295438,81a90487-39c9-46bb-b221-68ff631275d6,立方,蔓延酿造,蔓延酿造,Single source drink; safe to create as standalone product if this row should enter pool.
candidate_0094,single_drink,create_product_then_link_source_drinks,立吞 撑花儿 西海岸IPA 500ML,,,,,,,,,,,,,active,production_drinks_2026-06-30_conservative_exact_key,1,1,0,0,7806dfa4-d898-4e15-a4ca-1a3b39eba50f,00000000-0000-0000-0000-000000000001,立吞 撑花儿 西海岸IPA 500ML,,,Single source drink; safe to create as standalone product if this row should enter pool.
candidate_0058,single_drink,create_product_then_link_source_drinks,立吞 蜀熟 胡椒墨西哥拉格 330ML,,,,,,,,,,,,,active,production_drinks_2026-06-30_conservative_exact_key,1,1,0,0,f66f9dd7-57cb-4969-a78d-bfb861e82288,00000000-0000-0000-0000-000000000001,立吞 蜀熟 胡椒墨西哥拉格 330ML,,,Single source drink; safe to create as standalone product if this row should enter pool.
candidate_0584,single_drink,create_product_then_link_source_drinks,炼金术大师,,,欧米尼珀罗 × 电厂,欧米尼珀罗 × 电厂,双倍浑浊IPA,8,,瑞典,,https://agtujigvxxdppngirqtu.supabase.co/storage/v1/object/public/taplist-media/de4207d0-d3c8-455a-8450-0d5b3e846ff0/drinks/b149eab5-6800-4ea2-8ff3-ac72442c90dc/__________________.webp,,,active,production_drinks_2026-06-30_conservative_exact_key,1,1,1,1,b149eab5-6800-4ea2-8ff3-ac72442c90dc,de4207d0-d3c8-455a-8450-0d5b3e846ff0,炼金术大师,欧米尼珀罗 × 电厂,欧米尼珀罗 × 电厂,Single source drink; safe to create as standalone product if this row should enter pool.
candidate_0599,single_drink,create_product_then_link_source_drinks,凉拖拖 青柠皮尔斯,,,TAPSTAR,TAPSTAR,,,,,,,,,active,production_drinks_2026-06-30_conservative_exact_key,1,1,0,1,ecc36e0f-a6de-47ca-9220-0d0829c05555,00000000-0000-0000-0000-000000000001,凉拖拖 青柠皮尔斯,TAPSTAR,TAPSTAR,Single source drink; safe to create as standalone product if this row should enter pool.
candidate_0302,single_drink,create_product_then_link_source_drinks,两端 摩登西海岸IPA,,,药厂*拾捌精酿,药厂*拾捌精酿,摩登西海岸IPA,,,,,https://agtujigvxxdppngirqtu.supabase.co/storage/v1/object/public/taplist-media/00000000-0000-0000-0000-000000000001/drinks/0042464c-397a-447b-a5fe-6874a2ee0023/no-menu-beer-artwork_-_2026-06-07T181311.579.jpg,,,active,production_drinks_2026-06-30_conservative_exact_key,1,1,1,1,0042464c-397a-447b-a5fe-6874a2ee0023,00000000-0000-0000-0000-000000000001,两端 摩登西海岸IPA,药厂*拾捌精酿,药厂*拾捌精酿,Single source drink; safe to create as standalone product if this row should enter pool.
candidate_0170,single_drink,create_product_then_link_source_drinks,鬣狗,,,洛莱,洛莱,,,,,,,,,active,production_drinks_2026-06-30_conservative_exact_key,1,1,0,1,0720742d-7ef6-4398-a797-fc0a84a831c9,57d005da-1193-4bd2-955a-ef6b9653516d,鬣狗,洛莱,洛莱,Single source drink; safe to create as standalone product if this row should enter pool.
candidate_0645,single_drink,create_product_then_link_source_drinks,临界,,,纸飞机,纸飞机,TDH帝国浑浊IPA,8,,,,https://agtujigvxxdppngirqtu.supabase.co/storage/v1/object/public/taplist-media/487685c5-99f1-463c-9e19-9eeea1cf6699/drinks/6cc69ce8-14d1-4b9e-ad29-1cbe65143b2f/no-menu-beer-artwork__28_.jpg,,,active,production_drinks_2026-06-30_conservative_exact_key,1,1,1,1,6cc69ce8-14d1-4b9e-ad29-1cbe65143b2f,487685c5-99f1-463c-9e19-9eeea1cf6699,临界,纸飞机,纸飞机,Single source drink; safe to create as standalone product if this row should enter pool.
candidate_0506,single_drink,create_product_then_link_source_drinks,凌晨四点,,,赤屿谷盗,赤屿谷盗,爱尔兰干世涛,4.5,,海南,,https://agtujigvxxdppngirqtu.supabase.co/storage/v1/object/public/taplist-media/831db2a1-ee47-4d88-9c0b-3e19a5668d6d/drinks/39eea56d-659e-4192-b08f-10cc4ad7d194/no-menu-beer-artwork__58_.jpg,,,active,production_drinks_2026-06-30_conservative_exact_key,1,1,1,1,39eea56d-659e-4192-b08f-10cc4ad7d194,831db2a1-ee47-4d88-9c0b-3e19a5668d6d,凌晨四点,赤屿谷盗,赤屿谷盗,Single source drink; safe to create as standalone product if this row should enter pool.
candidate_0620,single_drink,create_product_then_link_source_drinks,凌镜之外,,,艾尔复兴*HAAS,艾尔复兴*HAAS,新英格兰帝国IPA,8.5,,美国,,https://agtujigvxxdppngirqtu.supabase.co/storage/v1/object/public/taplist-media/7cce9b27-acd5-4bdc-a302-153c8245a1c1/drinks/b8190e08-30c2-4dac-bde3-7f0922e182d9/out_of_the_prysm.png,,,active,production_drinks_2026-06-30_conservative_exact_key,1,1,1,1,b8190e08-30c2-4dac-bde3-7f0922e182d9,7cce9b27-acd5-4bdc-a302-153c8245a1c1,凌镜之外,艾尔复兴*HAAS,艾尔复兴*HAAS,Single source drink; safe to create as standalone product if this row should enter pool.
candidate_0288,single_drink,create_product_then_link_source_drinks,另一半12周年,,,另一半,另一半,,,,,,https://agtujigvxxdppngirqtu.supabase.co/storage/v1/object/public/taplist-media/c3af90db-9734-4750-927c-38f6b37fb3e0/drinks/ead7b5fa-46a0-429d-ba33-67ba030015e6/no-menu-beer-artwork__24_.jpg,,,active,production_drinks_2026-06-30_conservative_exact_key,1,1,0,1,ead7b5fa-46a0-429d-ba33-67ba030015e6,c3af90db-9734-4750-927c-38f6b37fb3e0,另一半12周年,另一半,另一半,Single source drink; safe to create as standalone product if this row should enter pool.
candidate_0194,single_drink,create_product_then_link_source_drinks,另一个吻·香草,,,Fever,Fever,,,,,,https://agtujigvxxdppngirqtu.supabase.co/storage/v1/object/public/taplist-media/4d1da7d9-8b21-4706-b535-355b9ff79388/drinks/6cca02e1-c879-4426-aeed-29a1e84ee4fe/no-menu-beer-artwork__34_.jpg,,,active,production_drinks_2026-06-30_conservative_exact_key,1,1,0,1,6cca02e1-c879-4426-aeed-29a1e84ee4fe,4d1da7d9-8b21-4706-b535-355b9ff79388,另一个吻·香草,Fever,Fever,Single source drink; safe to create as standalone product if this row should enter pool.
candidate_0307,single_drink,create_product_then_link_source_drinks,流动,,,疯熊酿造,疯熊酿造,,,,,,https://agtujigvxxdppngirqtu.supabase.co/storage/v1/object/public/taplist-media/283206e3-22d9-4a54-b8a5-70694b1ec062/drinks/af4e1c2f-a723-49ec-83d2-3f84f95fc243/no-menu-beer-artwork__90_.jpg,,,active,production_drinks_2026-06-30_conservative_exact_key,1,1,0,1,af4e1c2f-a723-49ec-83d2-3f84f95fc243,283206e3-22d9-4a54-b8a5-70694b1ec062,流动,疯熊酿造,疯熊酿造,Single source drink; safe to create as standalone product if this row should enter pool.
candidate_0415,single_drink,create_product_then_link_source_drinks,流动,,,疯熊,疯熊,,,,,,https://agtujigvxxdppngirqtu.supabase.co/storage/v1/object/public/taplist-media/7cce9b27-acd5-4bdc-a302-153c8245a1c1/drinks/674e3afb-6cd8-4852-b531-1b74522c560a/no-menu-beer-artwork__16_.jpg,,,active,production_drinks_2026-06-30_conservative_exact_key,1,1,0,1,674e3afb-6cd8-4852-b531-1b74522c560a,7cce9b27-acd5-4bdc-a302-153c8245a1c1,流动,疯熊,疯熊,Single source drink; safe to create as standalone product if this row should enter pool.
candidate_0359,single_drink,create_product_then_link_source_drinks,流连忘返3号,,,善良胡夫,善良胡夫,淡色艾尔,6,,美国,,https://agtujigvxxdppngirqtu.supabase.co/storage/v1/object/public/taplist-media/7aa1147c-5c8b-4c68-bc11-56ce34608689/drinks/f0df0a14-21ff-4aec-8ab1-94e07fe5e3c6/no-menu-beer-artwork_-_2026-06-08T022629.463.jpg,,,active,production_drinks_2026-06-30_conservative_exact_key,1,1,1,1,f0df0a14-21ff-4aec-8ab1-94e07fe5e3c6,7aa1147c-5c8b-4c68-bc11-56ce34608689,流连忘返3号,善良胡夫,善良胡夫,Single source drink; safe to create as standalone product if this row should enter pool.
candidate_0012,single_drink,create_product_then_link_source_drinks,龙舌兰,,,,,,,,,,,,,active,production_drinks_2026-06-30_conservative_exact_key,1,1,0,1,d2748265-de0a-414b-986b-0e6491075e83,00000000-0000-0000-0000-000000000001,龙舌兰,,,Single source drink; safe to create as standalone product if this row should enter pool.
candidate_0572,single_drink,create_product_then_link_source_drinks,卢比孔3,,,洛莱,洛莱,双倍新英格兰IPA,8.7,,美国,,https://agtujigvxxdppngirqtu.supabase.co/storage/v1/object/public/taplist-media/7aa1147c-5c8b-4c68-bc11-56ce34608689/drinks/7823d5f1-8a89-4eb4-acef-27bb226b7e41/no-menu-beer-artwork__25_.jpg,,,active,production_drinks_2026-06-30_conservative_exact_key,1,1,1,1,7823d5f1-8a89-4eb4-acef-27bb226b7e41,7aa1147c-5c8b-4c68-bc11-56ce34608689,卢比孔3,洛莱,洛莱,Single source drink; safe to create as standalone product if this row should enter pool.
candidate_0254,single_drink,create_product_then_link_source_drinks,路特斯运行原理,,,蜕变,蜕变,,,,,,,,,active,production_drinks_2026-06-30_conservative_exact_key,1,1,0,1,83a757e8-d146-42a7-86e9-dddc210e32af,a4f4002f-fccd-41dd-bbc5-153d30fc5385,路特斯运行原理,蜕变,蜕变,Single source drink; safe to create as standalone product if this row should enter pool.
candidate_0559,single_drink,create_product_then_link_source_drinks,伦敦啸叫,,,半颠,半颠,,,,,,https://agtujigvxxdppngirqtu.supabase.co/storage/v1/object/public/taplist-media/13b6f277-ab0d-4c19-ba8a-d97a5af9f51d/drinks/27462586-f18c-43a4-a9c7-6642b3e01ec1/no-menu-beer-artwork__88_.jpg,,,active,production_drinks_2026-06-30_conservative_exact_key,1,1,0,1,27462586-f18c-43a4-a9c7-6642b3e01ec1,13b6f277-ab0d-4c19-ba8a-d97a5af9f51d,伦敦啸叫,半颠,半颠,Single source drink; safe to create as standalone product if this row should enter pool.
candidate_0399,single_drink,create_product_then_link_source_drinks,螺旋,,,稳态,稳态,,,,,,,,,active,production_drinks_2026-06-30_conservative_exact_key,1,1,0,1,f1fd6656-27b2-4a47-ac6d-d6f6a7c97516,283206e3-22d9-4a54-b8a5-70694b1ec062,螺旋,稳态,稳态,Single source drink; safe to create as standalone product if this row should enter pool.
candidate_0362,single_drink,create_product_then_link_source_drinks,洛城之花,,,僧侣,僧侣,,,,,,https://agtujigvxxdppngirqtu.supabase.co/storage/v1/object/public/taplist-media/7aa1147c-5c8b-4c68-bc11-56ce34608689/drinks/611ed966-b92b-4543-b6bc-1d9ba730f8e7/no-menu-beer-artwork_-_2026-06-08T022839.191.jpg,,,active,production_drinks_2026-06-30_conservative_exact_key,1,1,0,1,611ed966-b92b-4543-b6bc-1d9ba730f8e7,7aa1147c-5c8b-4c68-bc11-56ce34608689,洛城之花,僧侣,僧侣,Single source drink; safe to create as standalone product if this row should enter pool.
candidate_0040,single_drink,create_product_then_link_source_drinks,洛夫卡夫 深浅者 冷IPA 330ml,,,,,,,,,,,,,active,production_drinks_2026-06-30_conservative_exact_key,1,1,0,0,485b6b6f-3e4a-4054-a73e-71c9f9f81406,00000000-0000-0000-0000-000000000001,洛夫卡夫 深浅者 冷IPA 330ml,,,Single source drink; safe to create as standalone product if this row should enter pool.
candidate_0278,single_drink,create_product_then_link_source_drinks,马上有桔,,,狐朋酿造,狐朋酿造,,,,,,,,,active,production_drinks_2026-06-30_conservative_exact_key,1,1,0,1,3e78f0b4-6480-4128-b242-cdd579b12a71,44a4429c-fb70-47a5-923b-370fce8f167e,马上有桔,狐朋酿造,狐朋酿造,Single source drink; safe to create as standalone product if this row should enter pool.
candidate_0004,single_drink,create_product_then_link_source_drinks,麦卡伦12年,,,,,,,,,,,,,active,production_drinks_2026-06-30_conservative_exact_key,1,1,0,1,e5960dfa-612b-4bcc-aa89-6c15aff281aa,00000000-0000-0000-0000-000000000001,麦卡伦12年,,,Single source drink; safe to create as standalone product if this row should enter pool.
candidate_0606,single_drink,create_product_then_link_source_drinks,曼彻斯特,,,云石,云石,苦啤,4.2,,英国,,https://agtujigvxxdppngirqtu.supabase.co/storage/v1/object/public/taplist-media/de4207d0-d3c8-455a-8450-0d5b3e846ff0/drinks/50c7878d-be7b-4be2-8272-e33f45527126/no-menu-beer-artwork__47_.jpg,,,active,production_drinks_2026-06-30_conservative_exact_key,1,1,1,1,50c7878d-be7b-4be2-8272-e33f45527126,de4207d0-d3c8-455a-8450-0d5b3e846ff0,曼彻斯特,云石,云石,Single source drink; safe to create as standalone product if this row should enter pool.
candidate_0216,single_drink,create_product_then_link_source_drinks,芒果,,,斯莫及,斯莫及,,,,,,,,,active,production_drinks_2026-06-30_conservative_exact_key,1,1,0,1,771c3797-6e92-4558-b94c-fa06f93446cd,57d005da-1193-4bd2-955a-ef6b9653516d,芒果,斯莫及,斯莫及,Single source drink; safe to create as standalone product if this row should enter pool.
candidate_0570,single_drink,create_product_then_link_source_drinks,芒果拉达城市酸饮,,,邪恶双子,邪恶双子,水果酸艾尔,6.5,,美国,,https://agtujigvxxdppngirqtu.supabase.co/storage/v1/object/public/taplist-media/283206e3-22d9-4a54-b8a5-70694b1ec062/drinks/286fb6b9-d43f-4a08-ae01-cfe9b5d8c5d7/no-menu-beer-artwork__10_.jpg,,,active,production_drinks_2026-06-30_conservative_exact_key,1,1,1,1,286fb6b9-d43f-4a08-ae01-cfe9b5d8c5d7,283206e3-22d9-4a54-b8a5-70694b1ec062,芒果拉达城市酸饮,邪恶双子,邪恶双子,Single source drink; safe to create as standalone product if this row should enter pool.
candidate_0053,single_drink,create_product_then_link_source_drinks,没撒来撒 新疆慕萨莱斯 330ml,,,,,,,,,,,,,active,production_drinks_2026-06-30_conservative_exact_key,1,1,0,0,6bf10530-d990-43c5-b26f-c89d84b25712,00000000-0000-0000-0000-000000000001,没撒来撒 新疆慕萨莱斯 330ml,,,Single source drink; safe to create as standalone product if this row should enter pool.
candidate_0469,single_drink,create_product_then_link_source_drinks,玫红草莓,,,猫宁,猫宁,,,,,,https://agtujigvxxdppngirqtu.supabase.co/storage/v1/object/public/taplist-media/82bf1237-e90c-4379-a2bc-a6dad2726b93/drinks/cdd16fa4-45ca-4a92-874f-0cc150023fd8/no-menu-beer-artwork__37_.jpg,,,active,production_drinks_2026-06-30_conservative_exact_key,1,1,0,1,cdd16fa4-45ca-4a92-874f-0cc150023fd8,82bf1237-e90c-4379-a2bc-a6dad2726b93,玫红草莓,猫宁,猫宁,Single source drink; safe to create as standalone product if this row should enter pool.
candidate_0272,single_drink,create_product_then_link_source_drinks,莓好前程,,,狐朋酿造,狐朋酿造,,,,,,,,,active,production_drinks_2026-06-30_conservative_exact_key,1,1,0,1,f5f0d101-e430-4275-9677-cc707e7f16c7,44a4429c-fb70-47a5-923b-370fce8f167e,莓好前程,狐朋酿造,狐朋酿造,Single source drink; safe to create as standalone product if this row should enter pool.
candidate_0172,single_drink,create_product_then_link_source_drinks,美洲豹,,,洛莱,洛莱,,,,,,,,,active,production_drinks_2026-06-30_conservative_exact_key,1,1,0,1,b7cad690-f65f-44ed-9a80-8280a8eeaa34,57d005da-1193-4bd2-955a-ef6b9653516d,美洲豹,洛莱,洛莱,Single source drink; safe to create as standalone product if this row should enter pool.
candidate_0668,single_drink,create_product_then_link_source_drinks,美洲豹,,,分野&谷语者,分野&谷语者,墨西哥拉格,5,,,,https://agtujigvxxdppngirqtu.supabase.co/storage/v1/object/public/taplist-media/82bf1237-e90c-4379-a2bc-a6dad2726b93/drinks/5b71ded6-560e-45b0-b330-6704e67a65d7/_____________.jpg,,,active,production_drinks_2026-06-30_conservative_exact_key,1,1,1,1,5b71ded6-560e-45b0-b330-6704e67a65d7,82bf1237-e90c-4379-a2bc-a6dad2726b93,美洲豹,分野&谷语者,分野&谷语者,Single source drink; safe to create as standalone product if this row should enter pool.
candidate_0564,single_drink,create_product_then_link_source_drinks,朦胧的梦 八周年内测版,,,明日酿造,明日酿造,TDH双倍浑浊IPA,8,,上海,,https://agtujigvxxdppngirqtu.supabase.co/storage/v1/object/public/taplist-media/1cff208a-4424-4867-966d-a7839ac59f6f/drinks/39b7cfbf-c41a-4a00-b90b-0a01cdc2f44e/no-menu-beer-artwork__16_.jpg,,,active,production_drinks_2026-06-30_conservative_exact_key,1,1,1,1,39b7cfbf-c41a-4a00-b90b-0a01cdc2f44e,1cff208a-4424-4867-966d-a7839ac59f6f,朦胧的梦 八周年内测版,明日酿造,明日酿造,Single source drink; safe to create as standalone product if this row should enter pool.
candidate_0204,single_drink,create_product_then_link_source_drinks,朦胧之吻,,,双尾酿造 / Twin Tails,双尾酿造 / Twin Tails,,,,,,https://agtujigvxxdppngirqtu.supabase.co/storage/v1/object/public/taplist-media/831db2a1-ee47-4d88-9c0b-3e19a5668d6d/drinks/95bfc70f-2ff8-444e-a79a-36442e5a4b34/no-menu-beer-artwork__39_.jpg,,,active,production_drinks_2026-06-30_conservative_exact_key,1,1,0,1,95bfc70f-2ff8-444e-a79a-36442e5a4b34,831db2a1-ee47-4d88-9c0b-3e19a5668d6d,朦胧之吻,双尾酿造 / Twin Tails,双尾酿造 / Twin Tails,Single source drink; safe to create as standalone product if this row should enter pool.
candidate_0458,single_drink,create_product_then_link_source_drinks,梦,,,疯熊,疯熊,西海岸淡色艾尔,5.2,,广州,,https://agtujigvxxdppngirqtu.supabase.co/storage/v1/object/public/taplist-media/283206e3-22d9-4a54-b8a5-70694b1ec062/drinks/2a8ce81b-08fd-4506-9947-44239d56b481/no-menu-beer-artwork__25_.jpg,,,active,production_drinks_2026-06-30_conservative_exact_key,1,1,1,1,2a8ce81b-08fd-4506-9947-44239d56b481,283206e3-22d9-4a54-b8a5-70694b1ec062,梦,疯熊,疯熊,Single source drink; safe to create as standalone product if this row should enter pool.
candidate_0368,single_drink,create_product_then_link_source_drinks,梦见风,,,Fever,Fever,,,,,,https://agtujigvxxdppngirqtu.supabase.co/storage/v1/object/public/taplist-media/7aa1147c-5c8b-4c68-bc11-56ce34608689/drinks/88dac05e-2be9-4d28-a259-050285c25cb9/no-menu-beer-artwork_-_2026-06-08T022743.653.jpg,,,active,production_drinks_2026-06-30_conservative_exact_key,1,1,0,1,88dac05e-2be9-4d28-a259-050285c25cb9,7aa1147c-5c8b-4c68-bc11-56ce34608689,梦见风,Fever,Fever,Single source drink; safe to create as standalone product if this row should enter pool.
candidate_0294,single_drink,create_product_then_link_source_drinks,梦想,,,郡区,郡区,咖啡世涛,6.8,,美国,,,,,active,production_drinks_2026-06-30_conservative_exact_key,1,1,1,1,56963ff8-99f1-42c4-838a-61cc1072af90,57d005da-1193-4bd2-955a-ef6b9653516d,梦想,郡区,郡区,Single source drink; safe to create as standalone product if this row should enter pool.
candidate_0084,single_drink,create_product_then_link_source_drinks,梦想酿造 十果酸IPA 330ML,,,,,,,,,,,,,active,production_drinks_2026-06-30_conservative_exact_key,1,1,0,0,8513e65f-9d14-489b-b520-3f84b849db0f,00000000-0000-0000-0000-000000000001,梦想酿造 十果酸IPA 330ML,,,Single source drink; safe to create as standalone product if this row should enter pool.
candidate_0182,single_drink,create_product_then_link_source_drinks,梦想Rêve Coffee Stout,,,郡区,郡区,,,,,,,,,active,production_drinks_2026-06-30_conservative_exact_key,1,1,0,1,ae439041-8d86-439b-ba4e-bf1641c49d86,57d005da-1193-4bd2-955a-ef6b9653516d,梦想Rêve Coffee Stout,郡区,郡区,Single source drink; safe to create as standalone product if this row should enter pool.
candidate_0384,single_drink,create_product_then_link_source_drinks,迷离万象,,,E.T.,E.T.,四倍芒果果泥浑浊IPA,5.2,,,,https://agtujigvxxdppngirqtu.supabase.co/storage/v1/object/public/taplist-media/b4c33fea-51e3-426d-9dfa-b13947153ac2/drinks/0c9e8c30-57bb-448c-9097-e96e984db507/no-menu-beer-artwork__9_.jpg,,,active,production_drinks_2026-06-30_conservative_exact_key,1,1,1,1,0c9e8c30-57bb-448c-9097-e96e984db507,b4c33fea-51e3-426d-9dfa-b13947153ac2,迷离万象,E.T.,E.T.,Single source drink; safe to create as standalone product if this row should enter pool.
candidate_0324,single_drink,create_product_then_link_source_drinks,米兰日落,,,艾尔复兴,艾尔复兴,新英格兰 IPA,7.9,,美国,,,,,active,production_drinks_2026-06-30_conservative_exact_key,1,1,1,1,60479329-acac-4640-aa01-58966ba7f587,283206e3-22d9-4a54-b8a5-70694b1ec062,米兰日落,艾尔复兴,艾尔复兴,Single source drink; safe to create as standalone product if this row should enter pool.
candidate_0514,single_drink,create_product_then_link_source_drinks,米芯,,,蝴蝶结,蝴蝶结,,,,,,https://agtujigvxxdppngirqtu.supabase.co/storage/v1/object/public/taplist-media/57d005da-1193-4bd2-955a-ef6b9653516d/drinks/50d4ed2a-9e10-4e54-ac44-7a3dd4b1d6bc/no-menu-beer-artwork__56_.jpg,,,active,production_drinks_2026-06-30_conservative_exact_key,1,1,0,1,50d4ed2a-9e10-4e54-ac44-7a3dd4b1d6bc,57d005da-1193-4bd2-955a-ef6b9653516d,米芯,蝴蝶结,蝴蝶结,Single source drink; safe to create as standalone product if this row should enter pool.
candidate_0313,single_drink,create_product_then_link_source_drinks,米贼,,,赤屿谷盗,赤屿谷盗,,,,,,,,,active,production_drinks_2026-06-30_conservative_exact_key,1,1,0,1,40ee85d7-ae6e-43d3-8746-dadadee96d65,57d005da-1193-4bd2-955a-ef6b9653516d,米贼,赤屿谷盗,赤屿谷盗,Single source drink; safe to create as standalone product if this row should enter pool.
candidate_0678,single_drink,create_product_then_link_source_drinks,蜜瓜龙,,,小荷,小荷,双倍浑浊干投IPA,7.5,,合肥,,https://agtujigvxxdppngirqtu.supabase.co/storage/v1/object/public/taplist-media/57d005da-1193-4bd2-955a-ef6b9653516d/drinks/7209cbc5-19c3-42a9-9927-c472ae545f08/no-menu-beer-artwork__14_.jpg,,,active,production_drinks_2026-06-30_conservative_exact_key,1,1,1,1,7209cbc5-19c3-42a9-9927-c472ae545f08,57d005da-1193-4bd2-955a-ef6b9653516d,蜜瓜龙,小荷,小荷,Single source drink; safe to create as standalone product if this row should enter pool.
candidate_0653,single_drink,create_product_then_link_source_drinks,蜜瓜龙2.0,,,小荷,小荷,双倍干投双倍浑浊IPA,7.5,,合肥,,https://agtujigvxxdppngirqtu.supabase.co/storage/v1/object/public/taplist-media/27c1beca-c912-4f4a-bee5-3ccf0e5d981f/drinks/5d63304d-4d37-450b-a8c9-ae32e300534f/no-menu-beer-artwork__14_.jpg,,,active,production_drinks_2026-06-30_conservative_exact_key,1,1,1,1,5d63304d-4d37-450b-a8c9-ae32e300534f,27c1beca-c912-4f4a-bee5-3ccf0e5d981f,蜜瓜龙2.0,小荷,小荷,Single source drink; safe to create as standalone product if this row should enter pool.
candidate_0642,single_drink,create_product_then_link_source_drinks,蜜瓜梦,,,风险酿造,风险酿造,蜜瓜龙双倍干投单一酒花IPA,5.5,,,,https://agtujigvxxdppngirqtu.supabase.co/storage/v1/object/public/taplist-media/487685c5-99f1-463c-9e19-9eeea1cf6699/drinks/c441ab3b-4491-4d8a-9568-dfa3a20e211a/no-menu-beer-artwork__32_.jpg,,,active,production_drinks_2026-06-30_conservative_exact_key,1,1,1,1,c441ab3b-4491-4d8a-9568-dfa3a20e211a,487685c5-99f1-463c-9e19-9eeea1cf6699,蜜瓜梦,风险酿造,风险酿造,Single source drink; safe to create as standalone product if this row should enter pool.
candidate_0611,single_drink,create_product_then_link_source_drinks,喵熏,,,Alus,Alus,覆盆子酸塞松,4.7,,深圳,,https://agtujigvxxdppngirqtu.supabase.co/storage/v1/object/public/taplist-media/4d1da7d9-8b21-4706-b535-355b9ff79388/drinks/1b6e5554-f5c8-495e-82b6-3148b5ebc4e4/no-menu-beer-artwork__53_.jpg,覆盆子｜明亮酸｜辛香,覆盆子｜明亮酸｜辛香,active,production_drinks_2026-06-30_conservative_exact_key,1,1,1,1,1b6e5554-f5c8-495e-82b6-3148b5ebc4e4,4d1da7d9-8b21-4706-b535-355b9ff79388,喵熏,Alus,Alus,Single source drink; safe to create as standalone product if this row should enter pool.
candidate_0158,single_drink,create_product_then_link_source_drinks,明日繁华Lite DDH浑浊IPA,,,明日酿造,明日酿造,,,,,,https://agtujigvxxdppngirqtu.supabase.co/storage/v1/object/public/taplist-media/00000000-0000-0000-0000-000000000001/drinks/54547566-06ae-4589-a18a-97a9c3df6f7a/no-menu-beer-artwork__15_.jpg,,,active,production_drinks_2026-06-30_conservative_exact_key,1,1,0,0,54547566-06ae-4589-a18a-97a9c3df6f7a,00000000-0000-0000-0000-000000000001,明日繁华Lite DDH浑浊IPA,明日酿造,明日酿造,Single source drink; safe to create as standalone product if this row should enter pool.
candidate_0139,single_drink,create_product_then_link_source_drinks,明日酿造 多莉塔 西海岸皮尔森 500ML,,,,,,,,,,https://agtujigvxxdppngirqtu.supabase.co/storage/v1/object/public/taplist-media/00000000-0000-0000-0000-000000000001/drinks/5b985cf4-a180-4dbd-bf4f-561af78c2111/no-menu-beer-artwork__12_.jpg,,,active,production_drinks_2026-06-30_conservative_exact_key,1,1,0,0,5b985cf4-a180-4dbd-bf4f-561af78c2111,00000000-0000-0000-0000-000000000001,明日酿造 多莉塔 西海岸皮尔森 500ML,,,Single source drink; safe to create as standalone product if this row should enter pool.
candidate_0075,single_drink,create_product_then_link_source_drinks,明日酿造 粉红靴子 DDH西海岸IPA,,,,,,,,,,,,,active,production_drinks_2026-06-30_conservative_exact_key,1,1,0,0,7408af23-16bb-4697-96e6-e999b479eced,00000000-0000-0000-0000-000000000001,明日酿造 粉红靴子 DDH西海岸IPA,,,Single source drink; safe to create as standalone product if this row should enter pool.
candidate_0080,single_drink,create_product_then_link_source_drinks,明日酿造 高风险区 四倍烈性IPA 500ml,,,,,,,,,,,,,active,production_drinks_2026-06-30_conservative_exact_key,1,1,0,0,46fd4710-c1ff-45f8-a8eb-cb5e26fe8ba1,00000000-0000-0000-0000-000000000001,明日酿造 高风险区 四倍烈性IPA 500ml,,,Single source drink; safe to create as standalone product if this row should enter pool.
candidate_0036,single_drink,create_product_then_link_source_drinks,明日酿造 明日繁花 三倍浑浊 500ml,,,,,,,,,,,,,active,production_drinks_2026-06-30_conservative_exact_key,1,1,0,0,7f5771f5-b372-4456-ad87-5903360660d1,00000000-0000-0000-0000-000000000001,明日酿造 明日繁花 三倍浑浊 500ml,,,Single source drink; safe to create as standalone product if this row should enter pool.
candidate_0064,single_drink,create_product_then_link_source_drinks,明日酿造 西海岸的梦 IPA 500ml,,,,,,,,,,,,,active,production_drinks_2026-06-30_conservative_exact_key,1,1,0,0,d8e547d9-f27c-4777-a29d-b1a1d38bf589,00000000-0000-0000-0000-000000000001,明日酿造 西海岸的梦 IPA 500ml,,,Single source drink; safe to create as standalone product if this row should enter pool.
candidate_0042,single_drink,create_product_then_link_source_drinks,明日酿造 鲜花 IPA 550ml,,,,,,,,,,,,,active,production_drinks_2026-06-30_conservative_exact_key,1,1,0,0,2a1046ff-8e9d-4827-bbd7-cf66b34e5650,00000000-0000-0000-0000-000000000001,明日酿造 鲜花 IPA 550ml,,,Single source drink; safe to create as standalone product if this row should enter pool.
candidate_0038,single_drink,create_product_then_link_source_drinks,明日酿造 远方的风景 新西兰浑浊 IPA 500ml,,,,,,,,,,,,,active,production_drinks_2026-06-30_conservative_exact_key,1,1,0,0,a9ff6b78-df6b-42bd-afcb-fce3637b202f,00000000-0000-0000-0000-000000000001,明日酿造 远方的风景 新西兰浑浊 IPA 500ml,,,Single source drink; safe to create as standalone product if this row should enter pool.
candidate_0068,single_drink,create_product_then_link_source_drinks,明日酿造 长相思 浑浊IPA 550ml,,,,,,,,,,,,,active,production_drinks_2026-06-30_conservative_exact_key,1,1,0,0,098868e5-84ec-4fe8-9888-a94e2df9bc47,00000000-0000-0000-0000-000000000001,明日酿造 长相思 浑浊IPA 550ml,,,Single source drink; safe to create as standalone product if this row should enter pool.
candidate_0065,single_drink,create_product_then_link_source_drinks,明日酿造 长兴橘酒 淡色艾尔 500ml,,,,,,,,,,,,,active,production_drinks_2026-06-30_conservative_exact_key,1,1,0,0,171ec0b8-914f-4a66-a71d-0ea75d902d4b,00000000-0000-0000-0000-000000000001,明日酿造 长兴橘酒 淡色艾尔 500ml,,,Single source drink; safe to create as standalone product if this row should enter pool.
candidate_0454,single_drink,create_product_then_link_source_drinks,命令行编译,,,矛盾体,矛盾体,波罗的海波特,7.7,,美国,,https://agtujigvxxdppngirqtu.supabase.co/storage/v1/object/public/taplist-media/7aa1147c-5c8b-4c68-bc11-56ce34608689/drinks/8e4494b5-c980-4ba7-8ea1-29f8994182e7/no-menu-beer-artwork__10_.jpg,,,active,production_drinks_2026-06-30_conservative_exact_key,1,1,1,1,8e4494b5-c980-4ba7-8ea1-29f8994182e7,7aa1147c-5c8b-4c68-bc11-56ce34608689,命令行编译,矛盾体,矛盾体,Single source drink; safe to create as standalone product if this row should enter pool.
candidate_0533,single_drink,create_product_then_link_source_drinks,摩卡,,,天使之翼,天使之翼,美式棕色艾尔,6.5,,美国,,,,,active,production_drinks_2026-06-30_conservative_exact_key,1,1,1,1,b7601586-8652-43b8-a8ea-a70b9cfbbd5d,7cce9b27-acd5-4bdc-a302-153c8245a1c1,摩卡,天使之翼,天使之翼,Single source drink; safe to create as standalone product if this row should enter pool.
candidate_0637,single_drink,create_product_then_link_source_drinks,墨西哥勇士,,,酒花僵尸,酒花僵尸,,,,,,https://agtujigvxxdppngirqtu.supabase.co/storage/v1/object/public/taplist-media/7cce9b27-acd5-4bdc-a302-153c8245a1c1/drinks/be6e9394-a1c6-4e35-bc43-4c30f609d44c/beer_zombies_Los_Guerreros.jpg,,,active,production_drinks_2026-06-30_conservative_exact_key,1,1,0,1,be6e9394-a1c6-4e35-bc43-4c30f609d44c,7cce9b27-acd5-4bdc-a302-153c8245a1c1,墨西哥勇士,酒花僵尸,酒花僵尸,Single source drink; safe to create as standalone product if this row should enter pool.
candidate_0339,single_drink,create_product_then_link_source_drinks,暮光犹存,,,半颠,半颠,捷克深色拉格,,,,,https://agtujigvxxdppngirqtu.supabase.co/storage/v1/object/public/taplist-media/00000000-0000-0000-0000-000000000001/drinks/aa41de78-62d7-4708-9e75-12625e979a48/no-menu-beer-artwork_-_2026-06-07T180907.195.jpg,,,active,production_drinks_2026-06-30_conservative_exact_key,1,1,1,1,aa41de78-62d7-4708-9e75-12625e979a48,00000000-0000-0000-0000-000000000001,暮光犹存,半颠,半颠,Single source drink; safe to create as standalone product if this row should enter pool.
candidate_0372,single_drink,create_product_then_link_source_drinks,南半球漂流,,,云朴,云朴,摩登西海岸IPA,6.4,,云南,,https://agtujigvxxdppngirqtu.supabase.co/storage/v1/object/public/taplist-media/da21ab4e-93f7-49ca-8318-15fcbae24a93/drinks/3b2bd6ae-2fa7-4d06-8411-3af65078a278/no-menu-beer-artwork__2_.jpg,,,active,production_drinks_2026-06-30_conservative_exact_key,1,1,1,1,3b2bd6ae-2fa7-4d06-8411-3af65078a278,da21ab4e-93f7-49ca-8318-15fcbae24a93,南半球漂流,云朴,云朴,Single source drink; safe to create as standalone product if this row should enter pool.
candidate_0101,single_drink,create_product_then_link_source_drinks,南部美人无糖梅酒,,,,,,,,,,,,,active,production_drinks_2026-06-30_conservative_exact_key,1,1,0,0,1f45867a-db4a-480e-993e-3e0bbc6fbccb,00000000-0000-0000-0000-000000000001,南部美人无糖梅酒,,,Single source drink; safe to create as standalone product if this row should enter pool.
candidate_0534,single_drink,create_product_then_link_source_drinks,南境之花,,,野鹅,野鹅,,,,,,https://agtujigvxxdppngirqtu.supabase.co/storage/v1/object/public/taplist-media/13b6f277-ab0d-4c19-ba8a-d97a5af9f51d/drinks/d06d5125-18ae-4eb4-aee5-1b13fcb1a6e7/no-menu-beer-artwork__33_.jpg,,,active,production_drinks_2026-06-30_conservative_exact_key,1,1,0,1,d06d5125-18ae-4eb4-aee5-1b13fcb1a6e7,13b6f277-ab0d-4c19-ba8a-d97a5af9f51d,南境之花,野鹅,野鹅,Single source drink; safe to create as standalone product if this row should enter pool.
candidate_0576,single_drink,create_product_then_link_source_drinks,南境之花,,,野鹅微醺,野鹅微醺,,,,,,https://agtujigvxxdppngirqtu.supabase.co/storage/v1/object/public/taplist-media/27c1beca-c912-4f4a-bee5-3ccf0e5d981f/drinks/687f9f00-4f93-4e2a-9f9e-17ce717fdc24/no-menu-beer-artwork__31_.jpg,,,active,production_drinks_2026-06-30_conservative_exact_key,1,1,0,1,687f9f00-4f93-4e2a-9f9e-17ce717fdc24,27c1beca-c912-4f4a-bee5-3ccf0e5d981f,南境之花,野鹅微醺,野鹅微醺,Single source drink; safe to create as standalone product if this row should enter pool.
candidate_0482,single_drink,create_product_then_link_source_drinks,南境之花NZ-105,,,野鹅微醺,野鹅微醺,,,,,,https://agtujigvxxdppngirqtu.supabase.co/storage/v1/object/public/taplist-media/82bf1237-e90c-4379-a2bc-a6dad2726b93/drinks/c2773640-a4fc-4e3a-a023-721a1604ff13/no-menu-beer-artwork__33_.jpg,,,active,production_drinks_2026-06-30_conservative_exact_key,1,1,0,1,c2773640-a4fc-4e3a-a023-721a1604ff13,82bf1237-e90c-4379-a2bc-a6dad2726b93,南境之花NZ-105,野鹅微醺,野鹅微醺,Single source drink; safe to create as standalone product if this row should enter pool.
candidate_0230,single_drink,create_product_then_link_source_drinks,内个周五十一点半有个哥们进来就吐两个小时，吐了四次吐得很准非常感谢,,,撬啤酿造,撬啤酿造,血橙酸 IPA,6.4,20,,,https://agtujigvxxdppngirqtu.supabase.co/storage/v1/object/public/taplist-media/d897a73b-37fb-4c57-af0f-79d8759173cb/drinks/f662a2db-2b1e-4104-ad40-eab82446573f/no-menu-beer-artwork__48_.jpg,,,active,production_drinks_2026-06-30_conservative_exact_key,1,1,1,1,f662a2db-2b1e-4104-ad40-eab82446573f,d897a73b-37fb-4c57-af0f-79d8759173cb,内个周五十一点半有个哥们进来就吐两个小时，吐了四次吐得很准非常感谢,撬啤酿造,撬啤酿造,Single source drink; safe to create as standalone product if this row should enter pool.
candidate_0675,single_drink,create_product_then_link_source_drinks,内陆,,,蔓延,蔓延,西海岸IPA,6.1,,武汉,,https://agtujigvxxdppngirqtu.supabase.co/storage/v1/object/public/taplist-media/44a4429c-fb70-47a5-923b-370fce8f167e/drinks/2e812c08-cb4a-49aa-bb42-aa6592028365/no-menu-beer-artwork__23_.jpg,,,active,production_drinks_2026-06-30_conservative_exact_key,1,1,1,1,2e812c08-cb4a-49aa-bb42-aa6592028365,44a4429c-fb70-47a5-923b-370fce8f167e,内陆,蔓延,蔓延,Single source drink; safe to create as standalone product if this row should enter pool.
candidate_0327,single_drink,create_product_then_link_source_drinks,尼雅新疆雷司令干白,,,,,,,,,,,,,active,production_drinks_2026-06-30_conservative_exact_key,1,1,0,1,fef41ec5-39fd-4aa2-a7c3-2b7861845171,00000000-0000-0000-0000-000000000001,尼雅新疆雷司令干白,,,Single source drink; safe to create as standalone product if this row should enter pool.
candidate_0555,single_drink,create_product_then_link_source_drinks,你喝了没,,,沉降酿造,沉降酿造,西梅柏林酸小麦,4.8,,佛山,,https://agtujigvxxdppngirqtu.supabase.co/storage/v1/object/public/taplist-media/44a4429c-fb70-47a5-923b-370fce8f167e/drinks/d502b6a9-0f7a-41ac-97ea-d7fbcb8dba4c/no-menu-beer-artwork__8_.jpg,,,active,production_drinks_2026-06-30_conservative_exact_key,1,1,1,1,d502b6a9-0f7a-41ac-97ea-d7fbcb8dba4c,44a4429c-fb70-47a5-923b-370fce8f167e,你喝了没,沉降酿造,沉降酿造,Single source drink; safe to create as standalone product if this row should enter pool.
candidate_0388,single_drink,create_product_then_link_source_drinks,溺海之柚,,,小发发,小发发,红柚水果拉德勒,3.4,,,,https://agtujigvxxdppngirqtu.supabase.co/storage/v1/object/public/taplist-media/b4c33fea-51e3-426d-9dfa-b13947153ac2/drinks/9b816e25-0543-41ac-a27a-1fa5fd971532/no-menu-beer-artwork__14_.jpg,,,active,production_drinks_2026-06-30_conservative_exact_key,1,1,1,1,9b816e25-0543-41ac-a27a-1fa5fd971532,b4c33fea-51e3-426d-9dfa-b13947153ac2,溺海之柚,小发发,小发发,Single source drink; safe to create as standalone product if this row should enter pool.
candidate_0122,single_drink,create_product_then_link_source_drinks,牛奶世涛,,,Left Hand,Left Hand,,,,,,https://images.unsplash.com/photo-1618885472179-5e474019f2a9?auto=format&fit=crop&w=900&q=80,,,active,production_drinks_2026-06-30_conservative_exact_key,1,1,1,1,d1000001-0001-4001-8001-000000000203,b1000001-0001-4001-8001-000000000002,牛奶世涛,Left Hand,Left Hand,Single source drink; safe to create as standalone product if this row should enter pool.
candidate_0551,single_drink,create_product_then_link_source_drinks,扭扭舞,,,山雀 x Good Good,山雀 x Good Good,意式皮尔森,4.5,,上海,,https://agtujigvxxdppngirqtu.supabase.co/storage/v1/object/public/taplist-media/00234890-ee30-4985-992d-98ab8ce1d5de/drinks/c48185b0-ea2e-4e67-b2c3-447b0f313f4c/no-menu-beer-artwork__2_.jpg,,,active,production_drinks_2026-06-30_conservative_exact_key,1,1,1,1,c48185b0-ea2e-4e67-b2c3-447b0f313f4c,00234890-ee30-4985-992d-98ab8ce1d5de,扭扭舞,山雀 x Good Good,山雀 x Good Good,Single source drink; safe to create as standalone product if this row should enter pool.
candidate_0142,single_drink,create_product_then_link_source_drinks,农舍艾尔,,,Jester King,Jester King,,,,,,https://images.unsplash.com/photo-1618184880380-8199e8b4eaa8?auto=format&fit=crop&w=900&q=80,,,active,production_drinks_2026-06-30_conservative_exact_key,1,1,1,1,d1000001-0001-4001-8001-000000000405,b1000001-0001-4001-8001-000000000004,农舍艾尔,Jester King,Jester King,Single source drink; safe to create as standalone product if this row should enter pool.
candidate_0236,single_drink,create_product_then_link_source_drinks,怒饮酒花儿,,,齿轮精酿,齿轮精酿,,,,,,https://agtujigvxxdppngirqtu.supabase.co/storage/v1/object/public/taplist-media/d897a73b-37fb-4c57-af0f-79d8759173cb/drinks/41c7b256-ad1e-44b7-8d2a-8076b92fe54e/no-menu-beer-artwork__49_.jpg,,,active,production_drinks_2026-06-30_conservative_exact_key,1,1,0,1,41c7b256-ad1e-44b7-8d2a-8076b92fe54e,d897a73b-37fb-4c57-af0f-79d8759173cb,怒饮酒花儿,齿轮精酿,齿轮精酿,Single source drink; safe to create as standalone product if this row should enter pool.
candidate_0087,single_drink,create_product_then_link_source_drinks,诺丁酒庄霞多丽,,,,,,,,,,,,,active,production_drinks_2026-06-30_conservative_exact_key,1,1,0,0,6a019e98-3564-4b23-814b-af5f7b0a2667,00000000-0000-0000-0000-000000000001,诺丁酒庄霞多丽,,,Single source drink; safe to create as standalone product if this row should enter pool.
candidate_0476,single_drink,create_product_then_link_source_drinks,攀石,,,山雀,山雀,美式淡色艾尔,4.5,,上海嘉定,,https://agtujigvxxdppngirqtu.supabase.co/storage/v1/object/public/taplist-media/00234890-ee30-4985-992d-98ab8ce1d5de/drinks/1f40487e-4eb9-4547-bdc2-db1c1ba87458/no-menu-beer-artwork__22_.jpg,,,active,production_drinks_2026-06-30_conservative_exact_key,1,1,1,1,1f40487e-4eb9-4547-bdc2-db1c1ba87458,00234890-ee30-4985-992d-98ab8ce1d5de,攀石,山雀,山雀,Single source drink; safe to create as standalone product if this row should enter pool.
candidate_0260,single_drink,create_product_then_link_source_drinks,配瑟芬,,,凡人,凡人,,,,,,,,,active,production_drinks_2026-06-30_conservative_exact_key,1,1,0,1,29eb6701-69d3-4be4-8e00-040d0897a1c8,a4f4002f-fccd-41dd-bbc5-153d30fc5385,配瑟芬,凡人,凡人,Single source drink; safe to create as standalone product if this row should enter pool.
candidate_0682,single_drink,create_product_then_link_source_drinks,皮尔森,,,五岔街,五岔街,皮尔森,4.8,,英国,,https://agtujigvxxdppngirqtu.supabase.co/storage/v1/object/public/taplist-media/7cce9b27-acd5-4bdc-a302-153c8245a1c1/drinks/83cf37dc-df9b-4da6-85dd-c1c91c1f4415/__________.jpg,,,active,production_drinks_2026-06-30_conservative_exact_key,1,1,1,1,83cf37dc-df9b-4da6-85dd-c1c91c1f4415,7cce9b27-acd5-4bdc-a302-153c8245a1c1,皮尔森,五岔街,五岔街,Single source drink; safe to create as standalone product if this row should enter pool.
candidate_0545,single_drink,create_product_then_link_source_drinks,皮尔森生啤,,,百得福,百得福,,,,,,https://agtujigvxxdppngirqtu.supabase.co/storage/v1/object/public/taplist-media/494bcf1f-8346-480f-a396-204b104c9313/drinks/7d415a1a-08e6-4995-b569-6e767251bd0e/no-menu-beer-artwork__11_.jpg,,,active,production_drinks_2026-06-30_conservative_exact_key,1,1,0,1,7d415a1a-08e6-4995-b569-6e767251bd0e,494bcf1f-8346-480f-a396-204b104c9313,皮尔森生啤,百得福,百得福,Single source drink; safe to create as standalone product if this row should enter pool.
candidate_0184,single_drink,create_product_then_link_source_drinks,皮纳科达拉,,,斯莫及,斯莫及,,,,,,,,,active,production_drinks_2026-06-30_conservative_exact_key,1,1,0,1,18639144-991b-435a-aa05-bfdd75f26cb2,57d005da-1193-4bd2-955a-ef6b9653516d,皮纳科达拉,斯莫及,斯莫及,Single source drink; safe to create as standalone product if this row should enter pool.
candidate_0202,single_drink,create_product_then_link_source_drinks,啤酒实习生2603,,,疯熊工业 / Crazy Bear Industry,疯熊工业 / Crazy Bear Industry,,,,,,,,,active,production_drinks_2026-06-30_conservative_exact_key,1,1,0,1,a03ee8e0-400a-4dfd-9a64-3a7e87f71301,831db2a1-ee47-4d88-9c0b-3e19a5668d6d,啤酒实习生2603,疯熊工业 / Crazy Bear Industry,疯熊工业 / Crazy Bear Industry,Single source drink; safe to create as standalone product if this row should enter pool.
candidate_0364,single_drink,create_product_then_link_source_drinks,啤酒实习生2603,,,疯熊,疯熊,,,,,,https://agtujigvxxdppngirqtu.supabase.co/storage/v1/object/public/taplist-media/7aa1147c-5c8b-4c68-bc11-56ce34608689/drinks/2a267414-7ee8-4d9b-bed0-3c3706fcdedd/no-menu-beer-artwork_-_2026-06-08T022637.443.jpg,,,active,production_drinks_2026-06-30_conservative_exact_key,1,1,0,1,2a267414-7ee8-4d9b-bed0-3c3706fcdedd,7aa1147c-5c8b-4c68-bc11-56ce34608689,啤酒实习生2603,疯熊,疯熊,Single source drink; safe to create as standalone product if this row should enter pool.
candidate_0626,single_drink,create_product_then_link_source_drinks,偏爱未知,,,左手巨人 x Dos Kiwis,左手巨人 x Dos Kiwis,现代西海岸IPA,6.4,,英国x西班牙,,https://agtujigvxxdppngirqtu.supabase.co/storage/v1/object/public/taplist-media/27c1beca-c912-4f4a-bee5-3ccf0e5d981f/drinks/33aaa345-7a9e-4d07-b937-5d0d2985b19b/______Dos_Kiwis_______.png,,,active,production_drinks_2026-06-30_conservative_exact_key,1,1,1,1,33aaa345-7a9e-4d07-b937-5d0d2985b19b,27c1beca-c912-4f4a-bee5-3ccf0e5d981f,偏爱未知,左手巨人 x Dos Kiwis,左手巨人 x Dos Kiwis,Single source drink; safe to create as standalone product if this row should enter pool.
candidate_0588,single_drink,create_product_then_link_source_drinks,普通的一天,,,赤耳,赤耳,,,,,,https://agtujigvxxdppngirqtu.supabase.co/storage/v1/object/public/taplist-media/7aa1147c-5c8b-4c68-bc11-56ce34608689/drinks/3e758938-aa9b-4d4b-a38a-95dfb954d18b/no-menu-beer-artwork__12_.jpg,,,active,production_drinks_2026-06-30_conservative_exact_key,1,1,0,1,3e758938-aa9b-4d4b-a38a-95dfb954d18b,7aa1147c-5c8b-4c68-bc11-56ce34608689,普通的一天,赤耳,赤耳,Single source drink; safe to create as standalone product if this row should enter pool.
candidate_0552,single_drink,create_product_then_link_source_drinks,祁门晨雾,,,山雀,山雀,祁门红茶橙花蜜酒,4,,上海,,https://agtujigvxxdppngirqtu.supabase.co/storage/v1/object/public/taplist-media/00234890-ee30-4985-992d-98ab8ce1d5de/drinks/5019ed3a-fe85-4399-a387-714511605b78/no-menu-beer-artwork.jpg,,,active,production_drinks_2026-06-30_conservative_exact_key,1,1,1,1,5019ed3a-fe85-4399-a387-714511605b78,00234890-ee30-4985-992d-98ab8ce1d5de,祁门晨雾,山雀,山雀,Single source drink; safe to create as standalone product if this row should enter pool.
candidate_0641,single_drink,create_product_then_link_source_drinks,奇卡诺,,,风险酿造,风险酿造,美式西海岸IPA,6.5,,,,https://agtujigvxxdppngirqtu.supabase.co/storage/v1/object/public/taplist-media/487685c5-99f1-463c-9e19-9eeea1cf6699/drinks/00d76255-bda0-4163-838f-a80179662b03/no-menu-beer-artwork__33_.jpg,,,active,production_drinks_2026-06-30_conservative_exact_key,1,1,1,1,00d76255-bda0-4163-838f-a80179662b03,487685c5-99f1-463c-9e19-9eeea1cf6699,奇卡诺,风险酿造,风险酿造,Single source drink; safe to create as standalone product if this row should enter pool.
candidate_0029,single_drink,create_product_then_link_source_drinks,奇列娇红葡萄酒,,,,,,,,,,,,,active,production_drinks_2026-06-30_conservative_exact_key,1,1,0,0,27682218-3358-4825-bf37-66e5a0e475a5,00000000-0000-0000-0000-000000000001,奇列娇红葡萄酒,,,Single source drink; safe to create as standalone product if this row should enter pool.
candidate_0009,single_drink,create_product_then_link_source_drinks,麒麟（Kirin）,,,,,,,,,,,,,active,production_drinks_2026-06-30_conservative_exact_key,1,1,0,1,5c9664ab-1bc9-44d4-b1aa-9877e54cdf38,00000000-0000-0000-0000-000000000001,麒麟（Kirin）,,,Single source drink; safe to create as standalone product if this row should enter pool.
candidate_0218,single_drink,create_product_then_link_source_drinks,起始之日,,,种子,种子,,,,,,,,,active,production_drinks_2026-06-30_conservative_exact_key,1,1,0,1,42efe8ab-a5bd-4a66-9dae-41eb74a57f14,57d005da-1193-4bd2-955a-ef6b9653516d,起始之日,种子,种子,Single source drink; safe to create as standalone product if this row should enter pool.
candidate_0074,single_drink,create_product_then_link_source_drinks,气泡实验室 果雨双倍干投浑浊IPA 500ML,,,,,,,,,,,,,active,production_drinks_2026-06-30_conservative_exact_key,1,1,0,0,e2cb5a50-de24-49f7-9409-da16bcae8440,00000000-0000-0000-0000-000000000001,气泡实验室 果雨双倍干投浑浊IPA 500ML,,,Single source drink; safe to create as standalone product if this row should enter pool.
candidate_0560,single_drink,create_product_then_link_source_drinks,潜行故障,,,哈德逊河谷,哈德逊河谷,酸IPA,7,,美国,,https://agtujigvxxdppngirqtu.supabase.co/storage/v1/object/public/taplist-media/57d005da-1193-4bd2-955a-ef6b9653516d/drinks/5526debd-5984-4254-a2b9-2dbc284ab05e/no-menu-beer-artwork__23_.jpg,,,active,production_drinks_2026-06-30_conservative_exact_key,1,1,1,1,5526debd-5984-4254-a2b9-2dbc284ab05e,57d005da-1193-4bd2-955a-ef6b9653516d,潜行故障,哈德逊河谷,哈德逊河谷,Single source drink; safe to create as standalone product if this row should enter pool.
candidate_0686,single_drink,create_product_then_link_source_drinks,青芒果芭乐,,,赤耳,赤耳,果泥酸艾,3,,,,https://agtujigvxxdppngirqtu.supabase.co/storage/v1/object/public/taplist-media/81a90487-39c9-46bb-b221-68ff631275d6/drinks/fac4034e-a2ac-4a3c-9953-bce54157ecc1/no-menu-beer-artwork__31_.jpg,,,active,production_drinks_2026-06-30_conservative_exact_key,1,1,1,1,fac4034e-a2ac-4a3c-9953-bce54157ecc1,81a90487-39c9-46bb-b221-68ff631275d6,青芒果芭乐,赤耳,赤耳,Single source drink; safe to create as standalone product if this row should enter pool.
candidate_0149,single_drink,create_product_then_link_source_drinks,青年养老院,,,制乐厂,制乐厂,,,,,,,,,active,production_drinks_2026-06-30_conservative_exact_key,1,1,0,1,f60d305d-cbcf-4172-98e6-38056033c3f9,81a90487-39c9-46bb-b221-68ff631275d6,青年养老院,制乐厂,制乐厂,Single source drink; safe to create as standalone product if this row should enter pool.
candidate_0238,single_drink,create_product_then_link_source_drinks,清涧,,,洄游造物 / WayfarerLab,洄游造物 / WayfarerLab,柚子柠檬仙蒂 / Shandy,4.2,,广州,,https://agtujigvxxdppngirqtu.supabase.co/storage/v1/object/public/taplist-media/831db2a1-ee47-4d88-9c0b-3e19a5668d6d/drinks/9ce0bf17-1557-4628-a9e1-5e2c17f17a0f/no-menu-beer-artwork__52_.jpg,柠檬叶、柑橘和花香主导，融合柚子皮的清新与荷花空灵的水生清香，清爽的酒体中气泡升腾，柑橘的层次感包裹着夏日的海风。,柠檬叶、柑橘和花香主导，融合柚子皮的清新与荷花空灵的水生清香，清爽的酒体中气泡升腾，柑橘的层次感包裹着夏日的海风。,active,production_drinks_2026-06-30_conservative_exact_key,1,1,1,1,9ce0bf17-1557-4628-a9e1-5e2c17f17a0f,831db2a1-ee47-4d88-9c0b-3e19a5668d6d,清涧,洄游造物 / WayfarerLab,洄游造物 / WayfarerLab,Single source drink; safe to create as standalone product if this row should enter pool.
candidate_0419,single_drink,create_product_then_link_source_drinks,秋日酸艾,,,邪恶双子,邪恶双子,,,,,,,,,active,production_drinks_2026-06-30_conservative_exact_key,1,1,0,1,21567c04-8aa1-4f85-b40d-2a4b4bd34506,57d005da-1193-4bd2-955a-ef6b9653516d,秋日酸艾,邪恶双子,邪恶双子,Single source drink; safe to create as standalone product if this row should enter pool.
candidate_0557,single_drink,create_product_then_link_source_drinks,全场最佳,,,辉光,辉光,,,,,,,,,active,production_drinks_2026-06-30_conservative_exact_key,1,1,0,1,a69b21d1-5323-44ab-ac34-c9f3211fc691,283206e3-22d9-4a54-b8a5-70694b1ec062,全场最佳,辉光,辉光,Single source drink; safe to create as standalone product if this row should enter pool.
candidate_0150,single_drink,create_product_then_link_source_drinks,全村的希望 大米拉格,,,明日酿造,明日酿造,,,,,,https://agtujigvxxdppngirqtu.supabase.co/storage/v1/object/public/taplist-media/00000000-0000-0000-0000-000000000001/drinks/0b28287d-5f70-49c9-82bb-fb10798e2588/no-menu-beer-artwork__9_.jpg,,,active,production_drinks_2026-06-30_conservative_exact_key,1,1,0,0,0b28287d-5f70-49c9-82bb-fb10798e2588,00000000-0000-0000-0000-000000000001,全村的希望 大米拉格,明日酿造,明日酿造,Single source drink; safe to create as standalone product if this row should enter pool.
candidate_0674,single_drink,create_product_then_link_source_drinks,全新热门IPA,,,邪恶双子,邪恶双子,双倍干投IPA,6,,美国,,https://agtujigvxxdppngirqtu.supabase.co/storage/v1/object/public/taplist-media/283206e3-22d9-4a54-b8a5-70694b1ec062/drinks/0a681992-b9d3-4f09-9b39-be4386e1081c/no-menu-beer-artwork__24_.jpg,,,active,production_drinks_2026-06-30_conservative_exact_key,1,1,1,1,0a681992-b9d3-4f09-9b39-be4386e1081c,283206e3-22d9-4a54-b8a5-70694b1ec062,全新热门IPA,邪恶双子,邪恶双子,Single source drink; safe to create as standalone product if this row should enter pool.
candidate_0492,single_drink,create_product_then_link_source_drinks,拳击手,,,兴业,兴业,干世涛,4.8,,美国,,https://agtujigvxxdppngirqtu.supabase.co/storage/v1/object/public/taplist-media/a4f4002f-fccd-41dd-bbc5-153d30fc5385/drinks/21afc9cb-65d6-4913-b15e-e0baaf13b023/no-menu-beer-artwork__44_.jpg,,,active,production_drinks_2026-06-30_conservative_exact_key,1,1,1,1,21afc9cb-65d6-4913-b15e-e0baaf13b023,a4f4002f-fccd-41dd-bbc5-153d30fc5385,拳击手,兴业,兴业,Single source drink; safe to create as standalone product if this row should enter pool.
candidate_0235,single_drink,create_product_then_link_source_drinks,饶了地球,,,分野酿造 / Quadrant Brewing,分野酿造 / Quadrant Brewing,,,,,,https://agtujigvxxdppngirqtu.supabase.co/storage/v1/object/public/taplist-media/831db2a1-ee47-4d88-9c0b-3e19a5668d6d/drinks/3e179fb9-6cee-47cc-aeb4-72d22c4b0a38/no-menu-beer-artwork__37_.jpg,,,active,production_drinks_2026-06-30_conservative_exact_key,1,1,0,1,3e179fb9-6cee-47cc-aeb4-72d22c4b0a38,831db2a1-ee47-4d88-9c0b-3e19a5668d6d,饶了地球,分野酿造 / Quadrant Brewing,分野酿造 / Quadrant Brewing,Single source drink; safe to create as standalone product if this row should enter pool.
candidate_0397,single_drink,create_product_then_link_source_drinks,绕了地球,,,分野酿造,分野酿造,,,,,,https://agtujigvxxdppngirqtu.supabase.co/storage/v1/object/public/taplist-media/283206e3-22d9-4a54-b8a5-70694b1ec062/drinks/21a3ec66-a62b-41e4-b7e3-3387549d567f/no-menu-beer-artwork__2_.jpg,,,active,production_drinks_2026-06-30_conservative_exact_key,1,1,0,1,21a3ec66-a62b-41e4-b7e3-3387549d567f,283206e3-22d9-4a54-b8a5-70694b1ec062,绕了地球,分野酿造,分野酿造,Single source drink; safe to create as standalone product if this row should enter pool.
candidate_0635,single_drink,create_product_then_link_source_drinks,日出茶山,,,虽吾,虽吾,苹果香杏乌龙茶西打,3.5,,扬州,,https://agtujigvxxdppngirqtu.supabase.co/storage/v1/object/public/taplist-media/26597d55-8a12-4185-b3ef-cb9a3ac1773a/drinks/236b9227-08df-4770-a77f-4fed7ace176b/no-menu-event-image__3_.jpg,,,active,production_drinks_2026-06-30_conservative_exact_key,1,1,1,1,236b9227-08df-4770-a77f-4fed7ace176b,26597d55-8a12-4185-b3ef-cb9a3ac1773a,日出茶山,虽吾,虽吾,Single source drink; safe to create as standalone product if this row should enter pool.
candidate_0289,single_drink,create_product_then_link_source_drinks,日暮里/Nippori,,,2062&独墨,2062&独墨,,,,,,https://agtujigvxxdppngirqtu.supabase.co/storage/v1/object/public/taplist-media/831db2a1-ee47-4d88-9c0b-3e19a5668d6d/drinks/02ab2efe-af07-4064-ac88-e3e1b03efe82/no-menu-beer-artwork__83_.jpg,,,active,production_drinks_2026-06-30_conservative_exact_key,1,1,0,1,02ab2efe-af07-4064-ac88-e3e1b03efe82,831db2a1-ee47-4d88-9c0b-3e19a5668d6d,日暮里/Nippori,2062&独墨,2062&独墨,Single source drink; safe to create as standalone product if this row should enter pool.
candidate_0281,single_drink,create_product_then_link_source_drinks,融雪之前,,,云朵,云朵,,,,,,,,,active,production_drinks_2026-06-30_conservative_exact_key,1,1,0,1,f8af5260-7214-4bbe-a773-04d446396fcc,c3af90db-9734-4750-927c-38f6b37fb3e0,融雪之前,云朵,云朵,Single source drink; safe to create as standalone product if this row should enter pool.
candidate_0426,single_drink,create_product_then_link_source_drinks,融雪之前,,,云朴,云朴,,,,,,https://agtujigvxxdppngirqtu.supabase.co/storage/v1/object/public/taplist-media/c3af90db-9734-4750-927c-38f6b37fb3e0/drinks/46ca2285-bca3-4b28-89ad-7b608145cf15/no-menu-beer-artwork__22_.jpg,,,active,production_drinks_2026-06-30_conservative_exact_key,1,1,0,1,46ca2285-bca3-4b28-89ad-7b608145cf15,c3af90db-9734-4750-927c-38f6b37fb3e0,融雪之前,云朴,云朴,Single source drink; safe to create as standalone product if this row should enter pool.
candidate_0529,single_drink,create_product_then_link_source_drinks,乳酸阈值,,,山雀 x ORIGIN4,山雀 x ORIGIN4,酸IPA,7,,上海,,https://agtujigvxxdppngirqtu.supabase.co/storage/v1/object/public/taplist-media/00234890-ee30-4985-992d-98ab8ce1d5de/drinks/5fef98e7-4ef6-4aaa-abf6-3bf605a92d39/no-menu-beer-artwork__4_.jpg,,,active,production_drinks_2026-06-30_conservative_exact_key,1,1,1,1,5fef98e7-4ef6-4aaa-abf6-3bf605a92d39,00234890-ee30-4985-992d-98ab8ce1d5de,乳酸阈值,山雀 x ORIGIN4,山雀 x ORIGIN4,Single source drink; safe to create as standalone product if this row should enter pool.
candidate_0323,single_drink,create_product_then_link_source_drinks,瑞瓦卡酒花,,,艾尔复兴,艾尔复兴,,,,,,,,,active,production_drinks_2026-06-30_conservative_exact_key,1,1,0,1,0b615ccd-2906-4824-89d9-02e05258f871,283206e3-22d9-4a54-b8a5-70694b1ec062,瑞瓦卡酒花,艾尔复兴,艾尔复兴,Single source drink; safe to create as standalone product if this row should enter pool.
candidate_0010,single_drink,create_product_then_link_source_drinks,三宝乐（Sapporo）,,,,,,,,,,,,,active,production_drinks_2026-06-30_conservative_exact_key,1,1,0,1,17616038-39f0-4eb2-9afb-377065a98799,00000000-0000-0000-0000-000000000001,三宝乐（Sapporo）,,,Single source drink; safe to create as standalone product if this row should enter pool.
candidate_0077,single_drink,create_product_then_link_source_drinks,三得利 万治金 330ML,,,,,,,,,,,,,active,production_drinks_2026-06-30_conservative_exact_key,1,1,0,0,aaf28666-ca12-437d-8ee2-f8e2e08db9bc,00000000-0000-0000-0000-000000000001,三得利 万治金 330ML,,,Single source drink; safe to create as standalone product if this row should enter pool.
candidate_0316,single_drink,create_product_then_link_source_drinks,三重未知,,,修订,修订,,,,,,,,,active,production_drinks_2026-06-30_conservative_exact_key,1,1,0,1,2adaae28-8ec9-4510-adfc-c90cbd553aca,283206e3-22d9-4a54-b8a5-70694b1ec062,三重未知,修订,修订,Single source drink; safe to create as standalone product if this row should enter pool.
candidate_0667,single_drink,create_product_then_link_source_drinks,桑葚葡萄,,,硬糖,硬糖,西打,4,,,,https://agtujigvxxdppngirqtu.supabase.co/storage/v1/object/public/taplist-media/82bf1237-e90c-4379-a2bc-a6dad2726b93/drinks/89e03dcd-2976-4d06-81b0-788cb29f99f2/no-menu-beer-artwork__15_.jpg,,,active,production_drinks_2026-06-30_conservative_exact_key,1,1,1,1,89e03dcd-2976-4d06-81b0-788cb29f99f2,82bf1237-e90c-4379-a2bc-a6dad2726b93,桑葚葡萄,硬糖,硬糖,Single source drink; safe to create as standalone product if this row should enter pool.
candidate_0017,single_drink,create_product_then_link_source_drinks,沙坡尾 成功大道 西海岸 IPA 500ml,,,,,,,,,,,,,active,production_drinks_2026-06-30_conservative_exact_key,1,1,0,0,4b8c277b-6df1-4a90-8163-3447fd09ea04,00000000-0000-0000-0000-000000000001,沙坡尾 成功大道 西海岸 IPA 500ml,,,Single source drink; safe to create as standalone product if this row should enter pool.
candidate_0022,single_drink,create_product_then_link_source_drinks,沙坡尾 角头 500ml,,,,,,,,,,,,,active,production_drinks_2026-06-30_conservative_exact_key,1,1,0,0,cb4285ff-4cc4-4b9a-b735-e79690a5f7ce,00000000-0000-0000-0000-000000000001,沙坡尾 角头 500ml,,,Single source drink; safe to create as standalone product if this row should enter pool.
candidate_0086,single_drink,create_product_then_link_source_drinks,沙坡尾 暑风 酒花拉格 500ML,,,,,,,,,,,,,active,production_drinks_2026-06-30_conservative_exact_key,1,1,0,0,d0e9386d-3c33-4aee-85b4-c66766465e72,00000000-0000-0000-0000-000000000001,沙坡尾 暑风 酒花拉格 500ML,,,Single source drink; safe to create as standalone product if this row should enter pool.
candidate_0023,single_drink,create_product_then_link_source_drinks,沙坡尾 太阳神的眼泪 500ml,,,,,,,,,,,,,active,production_drinks_2026-06-30_conservative_exact_key,1,1,0,0,53bfdd8f-636e-4327-a646-f4d007c58c44,00000000-0000-0000-0000-000000000001,沙坡尾 太阳神的眼泪 500ml,,,Single source drink; safe to create as standalone product if this row should enter pool.
candidate_0610,single_drink,create_product_then_link_source_drinks,沙滩,,,Alus,Alus,浑浊IPA,6.9,,深圳,,https://agtujigvxxdppngirqtu.supabase.co/storage/v1/object/public/taplist-media/27c1beca-c912-4f4a-bee5-3ccf0e5d981f/drinks/ba8f89d2-6b62-467e-a285-13fd42b1cb49/no-menu-beer-artwork__5_.jpg,,,active,production_drinks_2026-06-30_conservative_exact_key,1,1,1,1,ba8f89d2-6b62-467e-a285-13fd42b1cb49,27c1beca-c912-4f4a-bee5-3ccf0e5d981f,沙滩,Alus,Alus,Single source drink; safe to create as standalone product if this row should enter pool.
candidate_0269,single_drink,create_product_then_link_source_drinks,沙滩小麦,,,MOJO,MOJO,,,,,,,,,active,production_drinks_2026-06-30_conservative_exact_key,1,1,0,1,44a4429c-fb70-47a5-923b-370fce8f0101,44a4429c-fb70-47a5-923b-370fce8f167e,沙滩小麦,MOJO,MOJO,Single source drink; safe to create as standalone product if this row should enter pool.
candidate_0025,single_drink,create_product_then_link_source_drinks,山乘 白毫茉莉玉油柑酸艾 330ml,,,,,,,,,,,,,active,production_drinks_2026-06-30_conservative_exact_key,1,1,0,0,c08e371c-b4a1-44b2-84d7-7e0a2d436f53,00000000-0000-0000-0000-000000000001,山乘 白毫茉莉玉油柑酸艾 330ml,,,Single source drink; safe to create as standalone product if this row should enter pool.
candidate_0112,single_drink,create_product_then_link_source_drinks,山乘 北境王 帝国IPA 500ML,,,,,,,,,,,,,active,production_drinks_2026-06-30_conservative_exact_key,1,1,0,0,e5b7aaa9-ab2f-49d8-9055-9575877a18c5,00000000-0000-0000-0000-000000000001,山乘 北境王 帝国IPA 500ML,,,Single source drink; safe to create as standalone product if this row should enter pool.
candidate_0103,single_drink,create_product_then_link_source_drinks,山乘 罐淡 德式清亮拉格 500ML,,,,,,,,,,,,,active,production_drinks_2026-06-30_conservative_exact_key,1,1,0,0,5e134df6-023e-4bf8-aa30-f71723264041,00000000-0000-0000-0000-000000000001,山乘 罐淡 德式清亮拉格 500ML,,,Single source drink; safe to create as standalone product if this row should enter pool.
candidate_0015,single_drink,create_product_then_link_source_drinks,山乘 逛三园 酸艾尔 330ml,,,,,,,,,,,,,active,production_drinks_2026-06-30_conservative_exact_key,1,1,0,0,81cc899f-73cc-4fdd-b83f-7a08729ed5e1,00000000-0000-0000-0000-000000000001,山乘 逛三园 酸艾尔 330ml,,,Single source drink; safe to create as standalone product if this row should enter pool.
candidate_0063,single_drink,create_product_then_link_source_drinks,山乘 果泥西打,,,,,,,,,,,,,active,production_drinks_2026-06-30_conservative_exact_key,1,1,0,0,6b370531-7de2-4be4-8a66-a07851f758b0,00000000-0000-0000-0000-000000000001,山乘 果泥西打,,,Single source drink; safe to create as standalone product if this row should enter pool.
candidate_0062,single_drink,create_product_then_link_source_drinks,山乘 骷髅岛 西海岸IPA 330ML,,,,,,,,,,,,,active,production_drinks_2026-06-30_conservative_exact_key,1,1,0,0,5c87d322-dad8-46cf-83c6-40ee909ff515,00000000-0000-0000-0000-000000000001,山乘 骷髅岛 西海岸IPA 330ML,,,Single source drink; safe to create as standalone product if this row should enter pool.
candidate_0565,single_drink,create_product_then_link_source_drinks,山核桃覆盆子,,,勿幕,勿幕,酸世涛,8,,西安,,https://agtujigvxxdppngirqtu.supabase.co/storage/v1/object/public/taplist-media/13b6f277-ab0d-4c19-ba8a-d97a5af9f51d/drinks/ed8a9d45-ca50-44d1-970b-11198b6bf357/no-menu-beer-artwork__18_.jpg,,,active,production_drinks_2026-06-30_conservative_exact_key,1,1,1,1,ed8a9d45-ca50-44d1-970b-11198b6bf357,13b6f277-ab0d-4c19-ba8a-d97a5af9f51d,山核桃覆盆子,勿幕,勿幕,Single source drink; safe to create as standalone product if this row should enter pool.
candidate_0114,single_drink,create_product_then_link_source_drinks,山野拾荒者,,,航标酿造,航标酿造,,,,,,,,,active,production_drinks_2026-06-30_conservative_exact_key,1,1,0,1,44a4429c-fb70-47a5-923b-370fce8f0112,44a4429c-fb70-47a5-923b-370fce8f167e,山野拾荒者,航标酿造,航标酿造,Single source drink; safe to create as standalone product if this row should enter pool.
candidate_0240,single_drink,create_product_then_link_source_drinks,山野拾荒者,,,航标精酿,航朴精酿,蜂蜜酒,7.1,,,,https://agtujigvxxdppngirqtu.supabase.co/storage/v1/object/public/taplist-media/d897a73b-37fb-4c57-af0f-79d8759173cb/drinks/4ad1d6f5-eceb-4f4e-bed2-da8db3d9f0c2/no-menu-beer-artwork__45_.jpg,,,active,production_drinks_2026-06-30_conservative_exact_key,1,1,1,1,4ad1d6f5-eceb-4f4e-bed2-da8db3d9f0c2,d897a73b-37fb-4c57-af0f-79d8759173cb,山野拾荒者,航标精酿,航朴精酿,Single source drink; safe to create as standalone product if this row should enter pool.
candidate_0344,single_drink,create_product_then_link_source_drinks,奢华冰冻池塘,,,鸭池,鸭池,水果古斯,9,,美国,,https://agtujigvxxdppngirqtu.supabase.co/storage/v1/object/public/taplist-media/c3af90db-9734-4750-927c-38f6b37fb3e0/drinks/8f32a5df-d13e-4b5e-b919-7db9b560e78f/no-menu-beer-artwork_-_2026-06-07T201747.961.jpg,,,active,production_drinks_2026-06-30_conservative_exact_key,1,1,1,1,8f32a5df-d13e-4b5e-b919-7db9b560e78f,c3af90db-9734-4750-927c-38f6b37fb3e0,奢华冰冻池塘,鸭池,鸭池,Single source drink; safe to create as standalone product if this row should enter pool.
candidate_0406,single_drink,create_product_then_link_source_drinks,生化梦境,,,稳态,稳态,,,,,,,,,active,production_drinks_2026-06-30_conservative_exact_key,1,1,0,1,c1c8e19c-89da-4953-9f6b-4c9d14e686c4,7cce9b27-acd5-4bdc-a302-153c8245a1c1,生化梦境,稳态,稳态,Single source drink; safe to create as standalone product if this row should enter pool.
candidate_0391,single_drink,create_product_then_link_source_drinks,生龙活虎,,,半颠,半颠,三倍干投双倍浑浊IPA,8,,,,https://agtujigvxxdppngirqtu.supabase.co/storage/v1/object/public/taplist-media/b4c33fea-51e3-426d-9dfa-b13947153ac2/drinks/8f785b19-0d5b-4874-ad18-e2f5cea176fb/no-menu-beer-artwork__8_.jpg,,,active,production_drinks_2026-06-30_conservative_exact_key,1,1,1,1,8f785b19-0d5b-4874-ad18-e2f5cea176fb,b4c33fea-51e3-426d-9dfa-b13947153ac2,生龙活虎,半颠,半颠,Single source drink; safe to create as standalone product if this row should enter pool.
candidate_0247,single_drink,create_product_then_link_source_drinks,失重-鲜酒花,,,双尾酿造/Twin Tails,双尾酿造/Twin Tails,DDH双倍西海岸IPA,8.6,,苏州,,https://agtujigvxxdppngirqtu.supabase.co/storage/v1/object/public/taplist-media/831db2a1-ee47-4d88-9c0b-3e19a5668d6d/drinks/d5b1b5b4-66c9-433a-a948-9bb7a97d97ff/no-menu-beer-artwork__64_.jpg,,,active,production_drinks_2026-06-30_conservative_exact_key,1,1,1,1,d5b1b5b4-66c9-433a-a948-9bb7a97d97ff,831db2a1-ee47-4d88-9c0b-3e19a5668d6d,失重-鲜酒花,双尾酿造/Twin Tails,双尾酿造/Twin Tails,Single source drink; safe to create as standalone product if this row should enter pool.
candidate_0629,single_drink,create_product_then_link_source_drinks,施坦格,,,小回酿造,小回酿造,科隆风格艾尔,5.4,,长春,,https://agtujigvxxdppngirqtu.supabase.co/storage/v1/object/public/taplist-media/26597d55-8a12-4185-b3ef-cb9a3ac1773a/drinks/2561cda7-3592-4936-a5da-82915290468f/no-menu-beer-artwork__16_.jpg,,,active,production_drinks_2026-06-30_conservative_exact_key,1,1,1,1,2561cda7-3592-4936-a5da-82915290468f,26597d55-8a12-4185-b3ef-cb9a3ac1773a,施坦格,小回酿造,小回酿造,Single source drink; safe to create as standalone product if this row should enter pool.
candidate_0378,single_drink,create_product_then_link_source_drinks,十月革命,,,城市酿造,城市酿造,血橙酸古斯,4,,,,https://agtujigvxxdppngirqtu.supabase.co/storage/v1/object/public/taplist-media/da21ab4e-93f7-49ca-8318-15fcbae24a93/drinks/70c3bec7-9a06-4490-b023-a21dbc7cc918/no-menu-beer-artwork.jpg,,,active,production_drinks_2026-06-30_conservative_exact_key,1,1,1,1,70c3bec7-9a06-4490-b023-a21dbc7cc918,da21ab4e-93f7-49ca-8318-15fcbae24a93,十月革命,城市酿造,城市酿造,Single source drink; safe to create as standalone product if this row should enter pool.
candidate_0386,single_drink,create_product_then_link_source_drinks,实习生2603,,,疯熊,疯熊,,,,,,https://agtujigvxxdppngirqtu.supabase.co/storage/v1/object/public/taplist-media/da21ab4e-93f7-49ca-8318-15fcbae24a93/drinks/3bb78824-c945-4bdd-8067-74e8e1cf8958/no-menu-beer-artwork__5_.jpg,,,active,production_drinks_2026-06-30_conservative_exact_key,1,1,0,1,3bb78824-c945-4bdd-8067-74e8e1cf8958,da21ab4e-93f7-49ca-8318-15fcbae24a93,实习生2603,疯熊,疯熊,Single source drink; safe to create as standalone product if this row should enter pool.
candidate_0226,single_drink,create_product_then_link_source_drinks,实验款,,,花雅酿造 / HARMO BREW,花雅酿造 / HARMO BREW,柳橙酸艾尔 / Orange Sour Ale,3.7,,烟台,,https://agtujigvxxdppngirqtu.supabase.co/storage/v1/object/public/taplist-media/831db2a1-ee47-4d88-9c0b-3e19a5668d6d/drinks/01dafeaa-44ce-4d21-ad46-c489ed506fa9/no-menu-beer-artwork__36_.jpg,,,active,production_drinks_2026-06-30_conservative_exact_key,1,1,1,1,01dafeaa-44ce-4d21-ad46-c489ed506fa9,831db2a1-ee47-4d88-9c0b-3e19a5668d6d,实验款,花雅酿造 / HARMO BREW,花雅酿造 / HARMO BREW,Single source drink; safe to create as standalone product if this row should enter pool.
candidate_0076,single_drink,create_product_then_link_source_drinks,拾捌精酿 得了吧 社交IPA 550ML,,,,,,,,,,,,,active,production_drinks_2026-06-30_conservative_exact_key,1,1,0,0,e1b79586-f3d5-40d8-9090-ecf971a2984e,00000000-0000-0000-0000-000000000001,拾捌精酿 得了吧 社交IPA 550ML,,,Single source drink; safe to create as standalone product if this row should enter pool.
candidate_0079,single_drink,create_product_then_link_source_drinks,拾捌精酿 复古未来主义 中式皮尔斯 500ML,,,,,,,,,,,,,active,production_drinks_2026-06-30_conservative_exact_key,1,1,0,0,89435295-60bc-4b64-83b3-3a87a55a3dfe,00000000-0000-0000-0000-000000000001,拾捌精酿 复古未来主义 中式皮尔斯 500ML,,,Single source drink; safe to create as standalone product if this row should enter pool.
candidate_0097,single_drink,create_product_then_link_source_drinks,拾捌精酿 酒花逆流双倍干投淡色艾尔 550ML,,,,,,,,,,,,,active,production_drinks_2026-06-30_conservative_exact_key,1,1,0,0,f360fca3-c08e-4805-9567-6736943a9578,00000000-0000-0000-0000-000000000001,拾捌精酿 酒花逆流双倍干投淡色艾尔 550ML,,,Single source drink; safe to create as standalone product if this row should enter pool.
candidate_0059,single_drink,create_product_then_link_source_drinks,拾捌精酿 莓果蛋糕气泡蜂蜜酒 500ML,,,,,,,,,,,,,active,production_drinks_2026-06-30_conservative_exact_key,1,1,0,0,ff60d5fc-b8b2-4ce9-ae8e-96dc0e208b95,00000000-0000-0000-0000-000000000001,拾捌精酿 莓果蛋糕气泡蜂蜜酒 500ML,,,Single source drink; safe to create as standalone product if this row should enter pool.
candidate_0020,single_drink,create_product_then_link_source_drinks,拾捌精酿 上头鸟 双倍西海岸IPA 500ml,,,,,,,,,,,,,active,production_drinks_2026-06-30_conservative_exact_key,1,1,0,0,152d2a47-22c2-47b3-86a6-40f59894219b,00000000-0000-0000-0000-000000000001,拾捌精酿 上头鸟 双倍西海岸IPA 500ml,,,Single source drink; safe to create as standalone product if this row should enter pool.
candidate_0274,single_drink,create_product_then_link_source_drinks,拾伍,,,大师杯,大师杯,摩登西海岸 IPA,7,,,,https://agtujigvxxdppngirqtu.supabase.co/storage/v1/object/public/taplist-media/3d6cb427-a8c3-4583-a7c4-5a3ad9f5f787/drinks/a2819037-84cb-4c56-bc5f-4243078a8f58/_____20260604223641_98_60.jpg,,,active,production_drinks_2026-06-30_conservative_exact_key,1,1,1,1,a2819037-84cb-4c56-bc5f-4243078a8f58,3d6cb427-a8c3-4583-a7c4-5a3ad9f5f787,拾伍,大师杯,大师杯,Single source drink; safe to create as standalone product if this row should enter pool.
candidate_0636,single_drink,create_product_then_link_source_drinks,食野之苹,,,会饮酿造,会饮酿造,传统法式苹果酒,7,,北京,,https://agtujigvxxdppngirqtu.supabase.co/storage/v1/object/public/taplist-media/26597d55-8a12-4185-b3ef-cb9a3ac1773a/drinks/7ff42ed2-1b3c-45c9-8d07-3e99b62470ae/no-menu-beer-artwork__15_.jpg,,,active,production_drinks_2026-06-30_conservative_exact_key,1,1,1,1,7ff42ed2-1b3c-45c9-8d07-3e99b62470ae,26597d55-8a12-4185-b3ef-cb9a3ac1773a,食野之苹,会饮酿造,会饮酿造,Single source drink; safe to create as standalone product if this row should enter pool.
candidate_0203,single_drink,create_product_then_link_source_drinks,史蒂夫之斧,,,欧米尼珀罗,欧米尼珀罗,,,,,,,,,active,production_drinks_2026-06-30_conservative_exact_key,1,1,0,1,b5c1d202-5150-4611-81d1-685287eb15a9,c3af90db-9734-4750-927c-38f6b37fb3e0,史蒂夫之斧,欧米尼珀罗,欧米尼珀罗,Single source drink; safe to create as standalone product if this row should enter pool.
candidate_0423,single_drink,create_product_then_link_source_drinks,世界杯,,,,,,,,,,,,,active,production_drinks_2026-06-30_conservative_exact_key,1,1,0,1,d54f304a-b02d-4932-bc22-bd28fbfb1bff,81a90487-39c9-46bb-b221-68ff631275d6,世界杯,,,Single source drink; safe to create as standalone product if this row should enter pool.
candidate_0117,single_drink,create_product_then_link_source_drinks,世涛,,,Guinness,Guinness,,,,,,https://images.unsplash.com/photo-1618885472179-5e474019f2a9?auto=format&fit=crop&w=900&q=80,,,active,production_drinks_2026-06-30_conservative_exact_key,1,1,1,1,d1000001-0001-4001-8001-000000000103,b1000001-0001-4001-8001-000000000001,世涛,Guinness,Guinness,Single source drink; safe to create as standalone product if this row should enter pool.
candidate_0436,single_drink,create_product_then_link_source_drinks,事故报告,,,坏骨头,坏骨头,双倍浑浊IPA,8.1,,加拿大,,https://agtujigvxxdppngirqtu.supabase.co/storage/v1/object/public/taplist-media/44a4429c-fb70-47a5-923b-370fce8f167e/drinks/4526ccfd-bb80-4a9f-a3bb-b9eec553abfe/no-menu-beer-artwork.jpg,,,active,production_drinks_2026-06-30_conservative_exact_key,1,1,1,1,4526ccfd-bb80-4a9f-a3bb-b9eec553abfe,44a4429c-fb70-47a5-923b-370fce8f167e,事故报告,坏骨头,坏骨头,Single source drink; safe to create as standalone product if this row should enter pool.
candidate_0579,single_drink,create_product_then_link_source_drinks,守望者,,,寻路者,寻路者,冷IPA,7.2,,美国,,https://agtujigvxxdppngirqtu.supabase.co/storage/v1/object/public/taplist-media/27c1beca-c912-4f4a-bee5-3ccf0e5d981f/drinks/d658c637-ad8b-4251-b8bc-e62730ccc74f/no-menu-beer-artwork__30_.jpg,,,active,production_drinks_2026-06-30_conservative_exact_key,1,1,1,1,d658c637-ad8b-4251-b8bc-e62730ccc74f,27c1beca-c912-4f4a-bee5-3ccf0e5d981f,守望者,寻路者,寻路者,Single source drink; safe to create as standalone product if this row should enter pool.
candidate_0199,single_drink,create_product_then_link_source_drinks,树莓兰比克,,,澎湃家族,澎湃家族,,,,,,,,,active,production_drinks_2026-06-30_conservative_exact_key,1,1,0,1,fb245134-8e0b-4bd2-9ad8-96bca6f9a666,c3af90db-9734-4750-927c-38f6b37fb3e0,树莓兰比克,澎湃家族,澎湃家族,Single source drink; safe to create as standalone product if this row should enter pool.
candidate_0304,single_drink,create_product_then_link_source_drinks,双板滑雪,,,艾尔复兴,艾尔复兴,,,,,,,,,active,production_drinks_2026-06-30_conservative_exact_key,1,1,0,1,c6e5a6a8-2845-4673-b35a-dc9a8c8c2152,57d005da-1193-4bd2-955a-ef6b9653516d,双板滑雪,艾尔复兴,艾尔复兴,Single source drink; safe to create as standalone product if this row should enter pool.
candidate_0451,single_drink,create_product_then_link_source_drinks,双倍爆汁,,,焊接工厂,焊接工厂,,,,,,https://agtujigvxxdppngirqtu.supabase.co/storage/v1/object/public/taplist-media/00234890-ee30-4985-992d-98ab8ce1d5de/drinks/61fefabf-7f15-4631-8fb7-66c08353e0ab/____________.png,,,active,production_drinks_2026-06-30_conservative_exact_key,1,1,0,1,61fefabf-7f15-4631-8fb7-66c08353e0ab,00234890-ee30-4985-992d-98ab8ce1d5de,双倍爆汁,焊接工厂,焊接工厂,Single source drink; safe to create as standalone product if this row should enter pool.
candidate_0121,single_drink,create_product_then_link_source_drinks,双倍浑浊,,,Tree House,Tree House,,,,,,https://images.unsplash.com/photo-1571613316887-6f8d5cbf7ef7?auto=format&fit=crop&w=900&q=80,,,active,production_drinks_2026-06-30_conservative_exact_key,1,1,1,1,d1000001-0001-4001-8001-000000000202,b1000001-0001-4001-8001-000000000002,双倍浑浊,Tree House,Tree House,Single source drink; safe to create as standalone product if this row should enter pool.
candidate_0521,single_drink,create_product_then_link_source_drinks,双倍拿撒勒,,,天使之翼,天使之翼,新英格兰帝国IPA,8.5,,美国,,https://agtujigvxxdppngirqtu.supabase.co/storage/v1/object/public/taplist-media/7cce9b27-acd5-4bdc-a302-153c8245a1c1/drinks/0abd7c94-e7c8-4437-9cfa-6d1ae6504f5c/wax_wings_double_nazareth.png,,,active,production_drinks_2026-06-30_conservative_exact_key,1,1,1,1,0abd7c94-e7c8-4437-9cfa-6d1ae6504f5c,7cce9b27-acd5-4bdc-a302-153c8245a1c1,双倍拿撒勒,天使之翼,天使之翼,Single source drink; safe to create as standalone product if this row should enter pool.
candidate_0403,single_drink,create_product_then_link_source_drinks,双倍跳东湖,,,十八酿造,十八酿造,,,,,,https://agtujigvxxdppngirqtu.supabase.co/storage/v1/object/public/taplist-media/7cce9b27-acd5-4bdc-a302-153c8245a1c1/drinks/36df6c46-2ee3-444a-8759-7ea804fa4ecb/no-menu-beer-artwork__13_.jpg,,,active,production_drinks_2026-06-30_conservative_exact_key,1,1,0,1,36df6c46-2ee3-444a-8759-7ea804fa4ecb,7cce9b27-acd5-4bdc-a302-153c8245a1c1,双倍跳东湖,十八酿造,十八酿造,Single source drink; safe to create as standalone product if this row should enter pool.
candidate_0625,single_drink,create_product_then_link_source_drinks,双城记,,,左手巨人,左手巨人,淡色艾尔,5.2,,英国,,https://agtujigvxxdppngirqtu.supabase.co/storage/v1/object/public/taplist-media/27c1beca-c912-4f4a-bee5-3ccf0e5d981f/drinks/b40e5293-990c-4d35-8728-b741cc8a70a2/no-menu-beer-artwork__14_.jpg,,,active,production_drinks_2026-06-30_conservative_exact_key,1,1,1,1,b40e5293-990c-4d35-8728-b741cc8a70a2,27c1beca-c912-4f4a-bee5-3ccf0e5d981f,双城记,左手巨人,左手巨人,Single source drink; safe to create as standalone product if this row should enter pool.
candidate_0241,single_drink,create_product_then_link_source_drinks,双料小麦博克,,,巴伐利亚武僧,巴伐利亚武僧,双料小麦博克,7.9,20,,,,,,active,production_drinks_2026-06-30_conservative_exact_key,1,1,1,1,375e1509-de29-4a38-b4a9-0087e518d288,d897a73b-37fb-4c57-af0f-79d8759173cb,双料小麦博克,巴伐利亚武僧,巴伐利亚武僧,Single source drink; safe to create as standalone product if this row should enter pool.
candidate_0581,single_drink,create_product_then_link_source_drinks,双重黑喵,,,生命长河,生命长河,双倍浑浊IPA,7.5,,美国,,https://agtujigvxxdppngirqtu.supabase.co/storage/v1/object/public/taplist-media/de4207d0-d3c8-455a-8450-0d5b3e846ff0/drinks/043a989c-61bf-498f-9966-ddc5fd7c07fc/no-menu-beer-artwork__39_.jpg,,,active,production_drinks_2026-06-30_conservative_exact_key,1,1,1,1,043a989c-61bf-498f-9966-ddc5fd7c07fc,de4207d0-d3c8-455a-8450-0d5b3e846ff0,双重黑喵,生命长河,生命长河,Single source drink; safe to create as standalone product if this row should enter pool.
candidate_0443,single_drink,create_product_then_link_source_drinks,水果地图,,,,,,,,,,,,,active,production_drinks_2026-06-30_conservative_exact_key,1,1,0,1,81da6aa2-5bde-42b9-90fc-26b703a03049,00000000-0000-0000-0000-000000000001,水果地图,,,Single source drink; safe to create as standalone product if this row should enter pool.
candidate_0124,single_drink,create_product_then_link_source_drinks,水果酸啤,,,The Bruery,The Bruery,,,,,,https://images.unsplash.com/photo-1618184880380-8199e8b4eaa8?auto=format&fit=crop&w=900&q=80,,,active,production_drinks_2026-06-30_conservative_exact_key,1,1,1,1,d1000001-0001-4001-8001-000000000205,b1000001-0001-4001-8001-000000000002,水果酸啤,The Bruery,The Bruery,Single source drink; safe to create as standalone product if this row should enter pool.
candidate_0024,single_drink,create_product_then_link_source_drinks,水猴子 逆风行 500ml,,,,,,,,,,,,,active,production_drinks_2026-06-30_conservative_exact_key,1,1,0,0,f424f118-648c-4850-b8cc-c3b64f7aef42,00000000-0000-0000-0000-000000000001,水猴子 逆风行 500ml,,,Single source drink; safe to create as standalone product if this row should enter pool.
candidate_0200,single_drink,create_product_then_link_source_drinks,水晶拉格（第五批）,,,阿彭策尔,阿彭策尔,水晶拉格,,,瑞士,,https://agtujigvxxdppngirqtu.supabase.co/storage/v1/object/public/taplist-media/57d005da-1193-4bd2-955a-ef6b9653516d/drinks/517b604b-5c70-46a2-a829-adfcc7c4e07d/no-menu-beer-artwork__44_.jpg,,,active,production_drinks_2026-06-30_conservative_exact_key,1,1,1,1,517b604b-5c70-46a2-a829-adfcc7c4e07d,57d005da-1193-4bd2-955a-ef6b9653516d,水晶拉格（第五批）,阿彭策尔,阿彭策尔,Single source drink; safe to create as standalone product if this row should enter pool.
candidate_0684,single_drink,create_product_then_link_source_drinks,水库浪子,,,撬啤酿造,撬啤酿造,过干白葡萄酒桶帝国古斯,7.4,,,,,,,active,production_drinks_2026-06-30_conservative_exact_key,1,1,1,1,16a63f53-23fd-44d4-ba41-84f5f75f3489,d897a73b-37fb-4c57-af0f-79d8759173cb,水库浪子,撬啤酿造,撬啤酿造,Single source drink; safe to create as standalone product if this row should enter pool.
candidate_0420,single_drink,create_product_then_link_source_drinks,水库浪子 桔柚π,,,撬啤酿造,撬啤酿造,帝国古斯,7,10,,,https://agtujigvxxdppngirqtu.supabase.co/storage/v1/object/public/taplist-media/d897a73b-37fb-4c57-af0f-79d8759173cb/drinks/ff065f19-c9a6-4c65-8fd7-a61cbd3a0c0f/no-menu-beer-artwork__17_.jpg,,,active,production_drinks_2026-06-30_conservative_exact_key,1,1,1,1,ff065f19-c9a6-4c65-8fd7-a61cbd3a0c0f,d897a73b-37fb-4c57-af0f-79d8759173cb,水库浪子 桔柚π,撬啤酿造,撬啤酿造,Single source drink; safe to create as standalone product if this row should enter pool.
candidate_0577,single_drink,create_product_then_link_source_drinks,水蜜桃,,,田园酿造,田园酿造,,,,,,https://agtujigvxxdppngirqtu.supabase.co/storage/v1/object/public/taplist-media/27c1beca-c912-4f4a-bee5-3ccf0e5d981f/drinks/7fa61c54-4f19-46bb-8c72-dedc95f27277/_____________.png,,,active,production_drinks_2026-06-30_conservative_exact_key,1,1,0,1,7fa61c54-4f19-46bb-8c72-dedc95f27277,27c1beca-c912-4f4a-bee5-3ccf0e5d981f,水蜜桃,田园酿造,田园酿造,Single source drink; safe to create as standalone product if this row should enter pool.
candidate_0437,single_drink,create_product_then_link_source_drinks,松脆博伊斯,,,三子,三子,拉格,4.2,,美国,,https://agtujigvxxdppngirqtu.supabase.co/storage/v1/object/public/taplist-media/57d005da-1193-4bd2-955a-ef6b9653516d/drinks/0bdc2037-5f86-41f1-9f20-c99d57486f79/no-menu-beer-artwork__7_.jpg,,,active,production_drinks_2026-06-30_conservative_exact_key,1,1,1,1,0bdc2037-5f86-41f1-9f20-c99d57486f79,57d005da-1193-4bd2-955a-ef6b9653516d,松脆博伊斯,三子,三子,Single source drink; safe to create as standalone product if this row should enter pool.
candidate_0501,single_drink,create_product_then_link_source_drinks,松果天梯,,,西澳山脊,西澳山脊,西海岸IPA,7.5,,澳大利亚,,,,,active,production_drinks_2026-06-30_conservative_exact_key,1,1,1,1,204ede6f-d4a4-4485-a22e-5a8adf20b87d,57d005da-1193-4bd2-955a-ef6b9653516d,松果天梯,西澳山脊,西澳山脊,Single source drink; safe to create as standalone product if this row should enter pool.
candidate_0594,single_drink,create_product_then_link_source_drinks,松荫,,,HES PER,HES PER,西海岸酸IPA,6.5,,东莞,,https://agtujigvxxdppngirqtu.supabase.co/storage/v1/object/public/taplist-media/3d6cb427-a8c3-4583-a7c4-5a3ad9f5f787/drinks/c81f39f2-42c1-419d-b5cc-64dd2affcb7c/no-menu-beer-artwork__42_.jpg,,,active,production_drinks_2026-06-30_conservative_exact_key,1,1,1,1,c81f39f2-42c1-419d-b5cc-64dd2affcb7c,3d6cb427-a8c3-4583-a7c4-5a3ad9f5f787,松荫,HES PER,HES PER,Single source drink; safe to create as standalone product if this row should enter pool.
candidate_0404,single_drink,create_product_then_link_source_drinks,送你一朵小红花,,,犀首田园,犀首田园,,,,,,https://agtujigvxxdppngirqtu.supabase.co/storage/v1/object/public/taplist-media/7cce9b27-acd5-4bdc-a302-153c8245a1c1/drinks/4759a53b-8fdf-4500-ba8f-297106640183/no-menu-beer-artwork__7_.jpg,,,active,production_drinks_2026-06-30_conservative_exact_key,1,1,0,1,4759a53b-8fdf-4500-ba8f-297106640183,7cce9b27-acd5-4bdc-a302-153c8245a1c1,送你一朵小红花,犀首田园,犀首田园,Single source drink; safe to create as standalone product if this row should enter pool.
candidate_0262,single_drink,create_product_then_link_source_drinks,搜魂者,,,FEVER,FEVER,,,,,,https://agtujigvxxdppngirqtu.supabase.co/storage/v1/object/public/taplist-media/494bcf1f-8346-480f-a396-204b104c9313/drinks/c32cc2c6-17bf-433c-a97f-422c500f116f/no-menu-beer-artwork__58_.jpg,,,active,production_drinks_2026-06-30_conservative_exact_key,1,1,0,1,c32cc2c6-17bf-433c-a97f-422c500f116f,494bcf1f-8346-480f-a396-204b104c9313,搜魂者,FEVER,FEVER,Single source drink; safe to create as standalone product if this row should enter pool.
candidate_0105,single_drink,create_product_then_link_source_drinks,苏打水,,,,,,,,,,,,,active,production_drinks_2026-06-30_conservative_exact_key,1,1,0,1,2d8b3dcd-06c0-4462-90c1-e309857a291a,00000000-0000-0000-0000-000000000001,苏打水,,,Single source drink; safe to create as standalone product if this row should enter pool.
candidate_0373,single_drink,create_product_then_link_source_drinks,速溶绿色,,,另一半,另一半,浑浊IPA,6.2,,美国,,,,,active,production_drinks_2026-06-30_conservative_exact_key,1,1,1,1,bc1bb558-d803-40c9-bc09-c1946da2b4ee,da21ab4e-93f7-49ca-8318-15fcbae24a93,速溶绿色,另一半,另一半,Single source drink; safe to create as standalone product if this row should enter pool.
candidate_0389,single_drink,create_product_then_link_source_drinks,酸味主义,,,有什酿造,有什酿造,酸混浊IPA,5.2,,,,https://agtujigvxxdppngirqtu.supabase.co/storage/v1/object/public/taplist-media/b4c33fea-51e3-426d-9dfa-b13947153ac2/drinks/052bfc47-3ad7-4b9a-988e-6cd5f6a85e67/no-menu-beer-artwork__12_.jpg,,,active,production_drinks_2026-06-30_conservative_exact_key,1,1,1,1,052bfc47-3ad7-4b9a-988e-6cd5f6a85e67,b4c33fea-51e3-426d-9dfa-b13947153ac2,酸味主义,有什酿造,有什酿造,Single source drink; safe to create as standalone product if this row should enter pool.
candidate_0513,single_drink,create_product_then_link_source_drinks,酸IPA万岁,,,邪恶双子,邪恶双子,水果酸艾尔,7,,美国,,https://agtujigvxxdppngirqtu.supabase.co/storage/v1/object/public/taplist-media/283206e3-22d9-4a54-b8a5-70694b1ec062/drinks/d8746e92-2944-46ab-b867-f5ae9e03dcd2/no-menu-beer-artwork__61_.jpg,,,active,production_drinks_2026-06-30_conservative_exact_key,1,1,1,1,d8746e92-2944-46ab-b867-f5ae9e03dcd2,283206e3-22d9-4a54-b8a5-70694b1ec062,酸IPA万岁,邪恶双子,邪恶双子,Single source drink; safe to create as standalone product if this row should enter pool.
candidate_0337,single_drink,create_product_then_link_source_drinks,岁寒,,,无毛用,无毛用,,,,,,,,,active,production_drinks_2026-06-30_conservative_exact_key,1,1,0,1,4a21b136-6105-43d4-bc42-e9654cca9b10,1cff208a-4424-4867-966d-a7839ac59f6f,岁寒,无毛用,无毛用,Single source drink; safe to create as standalone product if this row should enter pool.
candidate_0330,single_drink,create_product_then_link_source_drinks,岁寒 柏木酒酸,,,无毛用,无毛用,高温蒸汽拉格,4.3,,,,,,,active,production_drinks_2026-06-30_conservative_exact_key,1,1,1,1,c62adefc-1087-454b-9f17-306e34a04496,1cff208a-4424-4867-966d-a7839ac59f6f,岁寒 柏木酒酸,无毛用,无毛用,Single source drink; safe to create as standalone product if this row should enter pool.
candidate_0646,single_drink,create_product_then_link_source_drinks,燧石与板岩,,,鼻行兽,鼻行兽,绿豆蔻盐渍菠萝古斯,6.5,,,,https://agtujigvxxdppngirqtu.supabase.co/storage/v1/object/public/taplist-media/487685c5-99f1-463c-9e19-9eeea1cf6699/drinks/24ee823e-1940-443b-89ce-e1e3a002cb80/no-menu-beer-artwork__27_.jpg,,,active,production_drinks_2026-06-30_conservative_exact_key,1,1,1,1,24ee823e-1940-443b-89ce-e1e3a002cb80,487685c5-99f1-463c-9e19-9eeea1cf6699,燧石与板岩,鼻行兽,鼻行兽,Single source drink; safe to create as standalone product if this row should enter pool.
candidate_0243,single_drink,create_product_then_link_source_drinks,苔痕,,,薛定谔,薛定谔,,,,,,https://agtujigvxxdppngirqtu.supabase.co/storage/v1/object/public/taplist-media/81a90487-39c9-46bb-b221-68ff631275d6/drinks/74eed955-c662-4796-8ebb-52658dddb4b2/no-menu-bar-cover__16_.jpg,,,active,production_drinks_2026-06-30_conservative_exact_key,1,1,0,0,74eed955-c662-4796-8ebb-52658dddb4b2,81a90487-39c9-46bb-b221-68ff631275d6,苔痕,薛定谔,薛定谔,Single source drink; safe to create as standalone product if this row should enter pool.
candidate_0589,single_drink,create_product_then_link_source_drinks,太空之旅,,,欧米尼珀罗 × 僧侣,欧米尼珀罗 × 僧侣,三倍浑浊IPA,10,,瑞典,,https://agtujigvxxdppngirqtu.supabase.co/storage/v1/object/public/taplist-media/de4207d0-d3c8-455a-8450-0d5b3e846ff0/drinks/79473c41-d786-4000-952f-59f475c0ad6d/no-menu-beer-artwork__37_.jpg,,,active,production_drinks_2026-06-30_conservative_exact_key,1,1,1,1,79473c41-d786-4000-952f-59f475c0ad6d,de4207d0-d3c8-455a-8450-0d5b3e846ff0,太空之旅,欧米尼珀罗 × 僧侣,欧米尼珀罗 × 僧侣,Single source drink; safe to create as standalone product if this row should enter pool.
candidate_0106,single_drink,create_product_then_link_source_drinks,汤力水,,,,,,,,,,,,,active,production_drinks_2026-06-30_conservative_exact_key,1,1,0,1,811a7c20-e416-4332-b235-24ee6a11f130,00000000-0000-0000-0000-000000000001,汤力水,,,Single source drink; safe to create as standalone product if this row should enter pool.
candidate_0553,single_drink,create_product_then_link_source_drinks,桃林漫步,,,野鹅,野鹅,三倍干投帝国浑浊,8.2,,石家庄,,https://agtujigvxxdppngirqtu.supabase.co/storage/v1/object/public/taplist-media/82bf1237-e90c-4379-a2bc-a6dad2726b93/drinks/55abf245-61e7-4ee8-ad6a-c8eaf866e4f1/no-menu-beer-artwork__6_.jpg,,,active,production_drinks_2026-06-30_conservative_exact_key,1,1,1,1,55abf245-61e7-4ee8-ad6a-c8eaf866e4f1,82bf1237-e90c-4379-a2bc-a6dad2726b93,桃林漫步,野鹅,野鹅,Single source drink; safe to create as standalone product if this row should enter pool.
candidate_0429,single_drink,create_product_then_link_source_drinks,桃桃农夫,,,费登斯,费登斯,新英格兰帝国IPA,8.5,,美国,,https://agtujigvxxdppngirqtu.supabase.co/storage/v1/object/public/taplist-media/7cce9b27-acd5-4bdc-a302-153c8245a1c1/drinks/576ac358-9ef4-43a5-b629-096e22443a05/no-menu-beer-artwork__10_.jpg,,,active,production_drinks_2026-06-30_conservative_exact_key,1,1,1,1,576ac358-9ef4-43a5-b629-096e22443a05,7cce9b27-acd5-4bdc-a302-153c8245a1c1,桃桃农夫,费登斯,费登斯,Single source drink; safe to create as standalone product if this row should enter pool.
candidate_0092,single_drink,create_product_then_link_source_drinks,特调,,,,,,,,,,,,,active,production_drinks_2026-06-30_conservative_exact_key,1,1,0,0,c1920742-eb26-48fe-8445-f0ee41927519,00000000-0000-0000-0000-000000000001,特调,,,Single source drink; safe to create as standalone product if this row should enter pool.
candidate_0205,single_drink,create_product_then_link_source_drinks,天选之子,,,倾斜谷仓,倾斜谷仓,,,,,,,,,active,production_drinks_2026-06-30_conservative_exact_key,1,1,0,1,db2b28b4-d266-43bd-b7ce-0c7348233ad1,c3af90db-9734-4750-927c-38f6b37fb3e0,天选之子,倾斜谷仓,倾斜谷仓,Single source drink; safe to create as standalone product if this row should enter pool.
candidate_0265,single_drink,create_product_then_link_source_drinks,童年回忆,,,英雄啤酒,英雄啤酒,,,,,,https://agtujigvxxdppngirqtu.supabase.co/storage/v1/object/public/taplist-media/a4f4002f-fccd-41dd-bbc5-153d30fc5385/drinks/1dcc1f28-e36a-4363-91ee-ee73d52a3bb8/no-menu-beer-artwork__71_.jpg,,,active,production_drinks_2026-06-30_conservative_exact_key,1,1,0,1,1dcc1f28-e36a-4363-91ee-ee73d52a3bb8,a4f4002f-fccd-41dd-bbc5-153d30fc5385,童年回忆,英雄啤酒,英雄啤酒,Single source drink; safe to create as standalone product if this row should enter pool.
candidate_0253,single_drink,create_product_then_link_source_drinks,头脑风暴,,,闪电萨拉玛,闪电萨拉玛,,,,,,https://agtujigvxxdppngirqtu.supabase.co/storage/v1/object/public/taplist-media/a4f4002f-fccd-41dd-bbc5-153d30fc5385/drinks/3f088392-09da-4e1d-b75d-cab784332e47/no-menu-beer-artwork__68_.jpg,,,active,production_drinks_2026-06-30_conservative_exact_key,1,1,0,1,3f088392-09da-4e1d-b75d-cab784332e47,a4f4002f-fccd-41dd-bbc5-153d30fc5385,头脑风暴,闪电萨拉玛,闪电萨拉玛,Single source drink; safe to create as standalone product if this row should enter pool.
candidate_0408,single_drink,create_product_then_link_source_drinks,图尔帕,,,葡月圣树,葡月圣树,,,,,,,,,active,production_drinks_2026-06-30_conservative_exact_key,1,1,0,1,305ba96c-6cdc-46d3-9a85-f2fce06b83a8,7cce9b27-acd5-4bdc-a302-153c8245a1c1,图尔帕,葡月圣树,葡月圣树,Single source drink; safe to create as standalone product if this row should enter pool.
candidate_0643,single_drink,create_product_then_link_source_drinks,鸵鸟的牙,,,TAPSTAR,TAPSTAR,双倍IPA,8.5,,,,https://agtujigvxxdppngirqtu.supabase.co/storage/v1/object/public/taplist-media/487685c5-99f1-463c-9e19-9eeea1cf6699/drinks/ae4ad69f-878d-4b35-8dc3-3ee081d6054f/no-menu-beer-artwork__31_.jpg,,,active,production_drinks_2026-06-30_conservative_exact_key,1,1,1,1,ae4ad69f-878d-4b35-8dc3-3ee081d6054f,487685c5-99f1-463c-9e19-9eeea1cf6699,鸵鸟的牙,TAPSTAR,TAPSTAR,Single source drink; safe to create as standalone product if this row should enter pool.
candidate_0138,single_drink,create_product_then_link_source_drinks,万万岁,,,风味屋,风味屋,,,,,,,,,active,production_drinks_2026-06-30_conservative_exact_key,1,1,0,1,44a4429c-fb70-47a5-923b-370fce8f0105,44a4429c-fb70-47a5-923b-370fce8f167e,万万岁,风味屋,风味屋,Single source drink; safe to create as standalone product if this row should enter pool.
candidate_0248,single_drink,create_product_then_link_source_drinks,万志,,,三得利,三得利,,,,,,,,,active,production_drinks_2026-06-30_conservative_exact_key,1,1,0,1,83a46892-4af4-43e3-b1bc-28315c5d06a2,a4f4002f-fccd-41dd-bbc5-153d30fc5385,万志,三得利,三得利,Single source drink; safe to create as standalone product if this row should enter pool.
candidate_0556,single_drink,create_product_then_link_source_drinks,王座的呼唤,,,欧米尼珀罗X特伦,欧米尼珀罗X特伦,TDH三倍浑浊IPA,9,,瑞典,,https://agtujigvxxdppngirqtu.supabase.co/storage/v1/object/public/taplist-media/57d005da-1193-4bd2-955a-ef6b9653516d/drinks/eef2d422-6aab-474e-b883-3e18b5ab1c90/no-menu-beer-artwork__11_.jpg,,,active,production_drinks_2026-06-30_conservative_exact_key,1,1,1,1,eef2d422-6aab-474e-b883-3e18b5ab1c90,57d005da-1193-4bd2-955a-ef6b9653516d,王座的呼唤,欧米尼珀罗X特伦,欧米尼珀罗X特伦,Single source drink; safe to create as standalone product if this row should enter pool.
candidate_0169,single_drink,create_product_then_link_source_drinks,望梅止渴,,,彼岸,彼岸,,,,,,https://agtujigvxxdppngirqtu.supabase.co/storage/v1/object/public/taplist-media/4d1da7d9-8b21-4706-b535-355b9ff79388/drinks/4d1da7d9-8b21-4706-b535-355b9ff70108/no-menu-beer-artwork__18_.jpg,,,active,production_drinks_2026-06-30_conservative_exact_key,1,1,0,1,4d1da7d9-8b21-4706-b535-355b9ff70108,4d1da7d9-8b21-4706-b535-355b9ff79388,望梅止渴,彼岸,彼岸,Single source drink; safe to create as standalone product if this row should enter pool.
candidate_0223,single_drink,create_product_then_link_source_drinks,望梅止渴,,,彼岸酿造,彼岸酿造,,,,,,https://agtujigvxxdppngirqtu.supabase.co/storage/v1/object/public/taplist-media/494bcf1f-8346-480f-a396-204b104c9313/drinks/4d5d1a4d-e272-43c1-ab8b-1d2cd3dbe369/no-menu-beer-artwork__59_.jpg,,,active,production_drinks_2026-06-30_conservative_exact_key,1,1,0,1,4d5d1a4d-e272-43c1-ab8b-1d2cd3dbe369,494bcf1f-8346-480f-a396-204b104c9313,望梅止渴,彼岸酿造,彼岸酿造,Single source drink; safe to create as standalone product if this row should enter pool.
candidate_0343,single_drink,create_product_then_link_source_drinks,维京征服,,,三子,三子,,,,,,https://agtujigvxxdppngirqtu.supabase.co/storage/v1/object/public/taplist-media/c3af90db-9734-4750-927c-38f6b37fb3e0/drinks/c663bc60-f535-4cf2-bba1-6154a941a7f3/no-menu-beer-artwork_-_2026-06-07T201753.702.jpg,,,active,production_drinks_2026-06-30_conservative_exact_key,1,1,0,1,c663bc60-f535-4cf2-bba1-6154a941a7f3,c3af90db-9734-4750-927c-38f6b37fb3e0,维京征服,三子,三子,Single source drink; safe to create as standalone product if this row should enter pool.
candidate_0633,single_drink,create_product_then_link_source_drinks,维京征服,,,三子酿造,三子酿造,波罗的海波特,9,,美国,,https://agtujigvxxdppngirqtu.supabase.co/storage/v1/object/public/taplist-media/26597d55-8a12-4185-b3ef-cb9a3ac1773a/drinks/c91c58f2-d6eb-4b64-8e58-d7153cfb1165/no-menu-beer-artwork__20_.jpg,,,active,production_drinks_2026-06-30_conservative_exact_key,1,1,1,1,c91c58f2-d6eb-4b64-8e58-d7153cfb1165,26597d55-8a12-4185-b3ef-cb9a3ac1773a,维京征服,三子酿造,三子酿造,Single source drink; safe to create as standalone product if this row should enter pool.
candidate_0561,single_drink,create_product_then_link_source_drinks,为生活干杯,,,比尔斯兄弟,比尔斯兄弟,帝国IPA,7.8,,美国,,https://agtujigvxxdppngirqtu.supabase.co/storage/v1/object/public/taplist-media/c3af90db-9734-4750-927c-38f6b37fb3e0/drinks/2343fc8a-207e-4fba-8d57-063823a6317b/no-menu-beer-artwork__13_.jpg,,,active,production_drinks_2026-06-30_conservative_exact_key,1,1,1,1,2343fc8a-207e-4fba-8d57-063823a6317b,c3af90db-9734-4750-927c-38f6b37fb3e0,为生活干杯,比尔斯兄弟,比尔斯兄弟,Single source drink; safe to create as standalone product if this row should enter pool.
candidate_0027,single_drink,create_product_then_link_source_drinks,温曼庄园阿尔萨斯琼瑶浆白葡萄酒,,,,,,,,,,,,,active,production_drinks_2026-06-30_conservative_exact_key,1,1,0,0,6f4259bd-5dd6-4716-81b7-3cd969e2001f,00000000-0000-0000-0000-000000000001,温曼庄园阿尔萨斯琼瑶浆白葡萄酒,,,Single source drink; safe to create as standalone product if this row should enter pool.
candidate_0287,single_drink,create_product_then_link_source_drinks,文财神,,,麳麰,麳麰,皮尔森,5.5,,烟台,,https://agtujigvxxdppngirqtu.supabase.co/storage/v1/object/public/taplist-media/44a4429c-fb70-47a5-923b-370fce8f167e/drinks/ab28a2d2-fe19-4965-9f8d-29abb71f0973/no-menu-beer-artwork__82_.jpg,,,active,production_drinks_2026-06-30_conservative_exact_key,1,1,1,1,ab28a2d2-fe19-4965-9f8d-29abb71f0973,44a4429c-fb70-47a5-923b-370fce8f167e,文财神,麳麰,麳麰,Single source drink; safe to create as standalone product if this row should enter pool.
candidate_0619,single_drink,create_product_then_link_source_drinks,文艺历史,,,黑烟囱,黑烟囱,新英格兰IPA,7.2,,美国,,https://agtujigvxxdppngirqtu.supabase.co/storage/v1/object/public/taplist-media/7cce9b27-acd5-4bdc-a302-153c8245a1c1/drinks/fbcab893-219f-4c14-8d07-db3019739c56/no-menu-beer-artwork__6_.jpg,,,active,production_drinks_2026-06-30_conservative_exact_key,1,1,1,1,fbcab893-219f-4c14-8d07-db3019739c56,7cce9b27-acd5-4bdc-a302-153c8245a1c1,文艺历史,黑烟囱,黑烟囱,Single source drink; safe to create as standalone product if this row should enter pool.
candidate_0073,single_drink,create_product_then_link_source_drinks,乌苏楼兰秘酿,,,乌苏,乌苏,,,,,,,,,active,production_drinks_2026-06-30_conservative_exact_key,1,1,0,0,c0c131ce-7cda-4fa7-a8b6-7ba3d9f94331,00000000-0000-0000-0000-000000000001,乌苏楼兰秘酿,乌苏,乌苏,Single source drink; safe to create as standalone product if this row should enter pool.
candidate_0071,single_drink,create_product_then_link_source_drinks,乌苏威士忌风味,,,乌苏,乌苏,,,,,,,,,active,production_drinks_2026-06-30_conservative_exact_key,1,1,0,0,9a4045d2-a58f-4701-978f-aa537ad2c0d8,00000000-0000-0000-0000-000000000001,乌苏威士忌风味,乌苏,乌苏,Single source drink; safe to create as standalone product if this row should enter pool.
candidate_0198,single_drink,create_product_then_link_source_drinks,无限螺旋,,,野鹅微醺 x 佳卡哈,野鹅微醺 x 佳卡哈,,,,,,https://agtujigvxxdppngirqtu.supabase.co/storage/v1/object/public/taplist-media/831db2a1-ee47-4d88-9c0b-3e19a5668d6d/drinks/d5898f73-3a45-4793-b701-9a0ced4b716c/no-menu-beer-artwork__41_.jpg,,,active,production_drinks_2026-06-30_conservative_exact_key,1,1,0,1,d5898f73-3a45-4793-b701-9a0ced4b716c,831db2a1-ee47-4d88-9c0b-3e19a5668d6d,无限螺旋,野鹅微醺 x 佳卡哈,野鹅微醺 x 佳卡哈,Single source drink; safe to create as standalone product if this row should enter pool.
candidate_0499,single_drink,create_product_then_link_source_drinks,无限螺旋,,,野鹅微醺,野鹅微醺,,,,,,https://agtujigvxxdppngirqtu.supabase.co/storage/v1/object/public/taplist-media/82bf1237-e90c-4379-a2bc-a6dad2726b93/drinks/4bc1f11c-d51d-4795-b6f5-450480e22706/no-menu-beer-artwork__32_.jpg,,,active,production_drinks_2026-06-30_conservative_exact_key,1,1,0,1,4bc1f11c-d51d-4795-b6f5-450480e22706,82bf1237-e90c-4379-a2bc-a6dad2726b93,无限螺旋,野鹅微醺,野鹅微醺,Single source drink; safe to create as standalone product if this row should enter pool.
candidate_0520,single_drink,create_product_then_link_source_drinks,无限螺旋,,,野鹅,野鹅,DDH浑浊IPA,8.2,,,,https://agtujigvxxdppngirqtu.supabase.co/storage/v1/object/public/taplist-media/2c191730-69f6-4031-8256-91aa59e5bc52/drinks/d4412873-2f76-414a-a202-d7ff26ba2681/no-menu-beer-artwork__73_.jpg,,,active,production_drinks_2026-06-30_conservative_exact_key,1,1,1,1,d4412873-2f76-414a-a202-d7ff26ba2681,2c191730-69f6-4031-8256-91aa59e5bc52,无限螺旋,野鹅,野鹅,Single source drink; safe to create as standalone product if this row should enter pool.
candidate_0467,single_drink,create_product_then_link_source_drinks,无序 神圣祝福,,,艾尔复兴,艾尔复兴,甜点酸艾尔,5,,美国,,https://agtujigvxxdppngirqtu.supabase.co/storage/v1/object/public/taplist-media/c3af90db-9734-4750-927c-38f6b37fb3e0/drinks/b1aea2ab-7ded-4e47-8af9-28685f2598f1/no-menu-beer-artwork__31_.jpg,,,active,production_drinks_2026-06-30_conservative_exact_key,1,1,1,1,b1aea2ab-7ded-4e47-8af9-28685f2598f1,c3af90db-9734-4750-927c-38f6b37fb3e0,无序 神圣祝福,艾尔复兴,艾尔复兴,Single source drink; safe to create as standalone product if this row should enter pool.
candidate_0208,single_drink,create_product_then_link_source_drinks,无序：汪汪惊喜,,,艾尔复兴,艾尔复兴,,,,,,,,,active,production_drinks_2026-06-30_conservative_exact_key,1,1,0,1,615c6ae0-04dc-480e-9696-55357fab4f58,c3af90db-9734-4750-927c-38f6b37fb3e0,无序：汪汪惊喜,艾尔复兴,艾尔复兴,Single source drink; safe to create as standalone product if this row should enter pool.
candidate_0263,single_drink,create_product_then_link_source_drinks,无序冰壶,,,艾尔复兴,艾尔复兴,,,,,,,,,active,production_drinks_2026-06-30_conservative_exact_key,1,1,0,1,463c221a-7314-4830-8290-b97f3c03fad0,a4f4002f-fccd-41dd-bbc5-153d30fc5385,无序冰壶,艾尔复兴,艾尔复兴,Single source drink; safe to create as standalone product if this row should enter pool.
candidate_0608,single_drink,create_product_then_link_source_drinks,无序家庭游戏,,,艾尔复兴,艾尔复兴,水果酸艾尔,5,,美国,,https://agtujigvxxdppngirqtu.supabase.co/storage/v1/object/public/taplist-media/de4207d0-d3c8-455a-8450-0d5b3e846ff0/drinks/4354051c-1ad6-40ff-a6c4-13df4a072863/no-menu-beer-artwork__48_.jpg,,,active,production_drinks_2026-06-30_conservative_exact_key,1,1,1,1,4354051c-1ad6-40ff-a6c4-13df4a072863,de4207d0-d3c8-455a-8450-0d5b3e846ff0,无序家庭游戏,艾尔复兴,艾尔复兴,Single source drink; safe to create as standalone product if this row should enter pool.
candidate_0680,single_drink,create_product_then_link_source_drinks,雾窗,,,僧侣,僧侣,双倍浑浊IPA,8.1,,美国,,https://agtujigvxxdppngirqtu.supabase.co/storage/v1/object/public/taplist-media/c3af90db-9734-4750-927c-38f6b37fb3e0/drinks/f5de9959-31f8-48aa-bc1c-270d9bd17538/no-menu-beer-artwork__27_.jpg,,,active,production_drinks_2026-06-30_conservative_exact_key,1,1,1,1,f5de9959-31f8-48aa-bc1c-270d9bd17538,c3af90db-9734-4750-927c-38f6b37fb3e0,雾窗,僧侣,僧侣,Single source drink; safe to create as standalone product if this row should enter pool.
candidate_0382,single_drink,create_product_then_link_source_drinks,西安Summer,,,秦人造,秦人造,陕南大米酒花拉格,5.5,,,,https://agtujigvxxdppngirqtu.supabase.co/storage/v1/object/public/taplist-media/b4c33fea-51e3-426d-9dfa-b13947153ac2/drinks/6246f3a3-e7e7-48c6-a8a0-8d07a9568370/no-menu-beer-artwork__13_.jpg,,,active,production_drinks_2026-06-30_conservative_exact_key,1,1,1,1,6246f3a3-e7e7-48c6-a8a0-8d07a9568370,b4c33fea-51e3-426d-9dfa-b13947153ac2,西安Summer,秦人造,秦人造,Single source drink; safe to create as standalone product if this row should enter pool.
candidate_0491,single_drink,create_product_then_link_source_drinks,西岸浮光,,,班克斯,班克斯,西海岸IPA,6.4,,澳大利亚,,https://agtujigvxxdppngirqtu.supabase.co/storage/v1/object/public/taplist-media/a4f4002f-fccd-41dd-bbc5-153d30fc5385/drinks/ffa874a5-748f-405d-9760-374d3b9fdf39/no-menu-beer-artwork__45_.jpg,,,active,production_drinks_2026-06-30_conservative_exact_key,1,1,1,1,ffa874a5-748f-405d-9760-374d3b9fdf39,a4f4002f-fccd-41dd-bbc5-153d30fc5385,西岸浮光,班克斯,班克斯,Single source drink; safe to create as standalone product if this row should enter pool.
candidate_0011,single_drink,create_product_then_link_source_drinks,西班牙爱德马丁庄园混酿,,,,,,,,,,,,,active,production_drinks_2026-06-30_conservative_exact_key,1,1,0,0,865b15e6-d46d-4381-a4a5-12d66bfac619,00000000-0000-0000-0000-000000000001,西班牙爱德马丁庄园混酿,,,Single source drink; safe to create as standalone product if this row should enter pool.
candidate_0051,single_drink,create_product_then_link_source_drinks,西班牙爱德马丁庄园霞多丽,,,,,,,,,,,,,active,production_drinks_2026-06-30_conservative_exact_key,1,1,0,0,54b57ac1-c842-4dd1-a9a4-b9d75bdab676,00000000-0000-0000-0000-000000000001,西班牙爱德马丁庄园霞多丽,,,Single source drink; safe to create as standalone product if this row should enter pool.
candidate_0549,single_drink,create_product_then_link_source_drinks,西楚超临界,,,裂变,裂变,West Coast IPA,7.6,,佛山,,https://agtujigvxxdppngirqtu.supabase.co/storage/v1/object/public/taplist-media/4d1da7d9-8b21-4706-b535-355b9ff79388/drinks/e11280b5-6812-4b6e-bb48-050d0705d617/__________.jpg,,,active,production_drinks_2026-06-30_conservative_exact_key,1,1,1,1,e11280b5-6812-4b6e-bb48-050d0705d617,4d1da7d9-8b21-4706-b535-355b9ff79388,西楚超临界,裂变,裂变,Single source drink; safe to create as standalone product if this row should enter pool.
candidate_0374,single_drink,create_product_then_link_source_drinks,西瓜商店,,,赤耳,赤耳,椰奶西瓜绿茶轻果泥西打,4.1,,北京,,https://agtujigvxxdppngirqtu.supabase.co/storage/v1/object/public/taplist-media/da21ab4e-93f7-49ca-8318-15fcbae24a93/drinks/9e6821a2-9a19-41fd-af01-a470ebb2e880/no-menu-beer-artwork__1_.jpg,,,active,production_drinks_2026-06-30_conservative_exact_key,1,1,1,1,9e6821a2-9a19-41fd-af01-a470ebb2e880,da21ab4e-93f7-49ca-8318-15fcbae24a93,西瓜商店,赤耳,赤耳,Single source drink; safe to create as standalone product if this row should enter pool.
candidate_0115,single_drink,create_product_then_link_source_drinks,西海岸 IPA,,,Stone Brewing,Stone Brewing,,,,,,https://images.unsplash.com/photo-1600788886242-5c96aabe3757?auto=format&fit=crop&w=900&q=80,,,active,production_drinks_2026-06-30_conservative_exact_key,1,1,1,1,d1000001-0001-4001-8001-000000000101,b1000001-0001-4001-8001-000000000001,西海岸 IPA,Stone Brewing,Stone Brewing,Single source drink; safe to create as standalone product if this row should enter pool.
candidate_0591,single_drink,create_product_then_link_source_drinks,西西里橙,,,未索之境,未索之境,酸浑浊IPA,6.5,,成都,,https://agtujigvxxdppngirqtu.supabase.co/storage/v1/object/public/taplist-media/26597d55-8a12-4185-b3ef-cb9a3ac1773a/drinks/631fe0f7-273d-41c6-9a81-0486eec935a5/no-menu-event-image__2_.jpg,,,active,production_drinks_2026-06-30_conservative_exact_key,1,1,1,1,631fe0f7-273d-41c6-9a81-0486eec935a5,26597d55-8a12-4185-b3ef-cb9a3ac1773a,西西里橙,未索之境,未索之境,Single source drink; safe to create as standalone product if this row should enter pool.
candidate_0595,single_drink,create_product_then_link_source_drinks,夏沁,,,HES PER,HES PER,酒花酸拉格,5,,东莞,,https://agtujigvxxdppngirqtu.supabase.co/storage/v1/object/public/taplist-media/3d6cb427-a8c3-4583-a7c4-5a3ad9f5f787/drinks/20c134e8-2f7e-4d56-9a48-90566ab5571c/no-menu-beer-artwork__41_.jpg,,,active,production_drinks_2026-06-30_conservative_exact_key,1,1,1,1,20c134e8-2f7e-4d56-9a48-90566ab5571c,3d6cb427-a8c3-4583-a7c4-5a3ad9f5f787,夏沁,HES PER,HES PER,Single source drink; safe to create as standalone product if this row should enter pool.
candidate_0531,single_drink,create_product_then_link_source_drinks,香草的天空,,,奇逸,奇逸,香草IPA,6.5,,,,https://agtujigvxxdppngirqtu.supabase.co/storage/v1/object/public/taplist-media/13b6f277-ab0d-4c19-ba8a-d97a5af9f51d/drinks/2c62ecf6-e5f3-4401-875f-262bb5f613ae/no-menu-beer-artwork__79_.jpg,,,active,production_drinks_2026-06-30_conservative_exact_key,1,1,1,1,2c62ecf6-e5f3-4401-875f-262bb5f613ae,13b6f277-ab0d-4c19-ba8a-d97a5af9f51d,香草的天空,奇逸,奇逸,Single source drink; safe to create as standalone product if this row should enter pool.
candidate_0439,single_drink,create_product_then_link_source_drinks,像风,,,疯熊工业,疯熊工业,,,,,,https://agtujigvxxdppngirqtu.supabase.co/storage/v1/object/public/taplist-media/4d1da7d9-8b21-4706-b535-355b9ff79388/drinks/0c309081-c9b1-4532-81f9-7e95b22f5d0a/no-menu-beer-artwork__35_.jpg,,,active,production_drinks_2026-06-30_conservative_exact_key,1,1,0,1,0c309081-c9b1-4532-81f9-7e95b22f5d0a,4d1da7d9-8b21-4706-b535-355b9ff79388,像风,疯熊工业,疯熊工业,Single source drink; safe to create as standalone product if this row should enter pool.
candidate_0275,single_drink,create_product_then_link_source_drinks,像蔓越莓,,,蔓延,蔓延,,,,,,https://agtujigvxxdppngirqtu.supabase.co/storage/v1/object/public/taplist-media/4d1da7d9-8b21-4706-b535-355b9ff79388/drinks/e74844dd-9fae-450c-9c3b-322d7cf3d4b6/no-menu-beer-artwork__85_.jpg,,,active,production_drinks_2026-06-30_conservative_exact_key,1,1,0,1,e74844dd-9fae-450c-9c3b-322d7cf3d4b6,4d1da7d9-8b21-4706-b535-355b9ff79388,像蔓越莓,蔓延,蔓延,Single source drink; safe to create as standalone product if this row should enter pool.
candidate_0652,single_drink,create_product_then_link_source_drinks,橡木桶酸,,,勃艮第女公爵,勃艮第女公爵,法兰德斯红艾尔,6.2,,比利时,,https://agtujigvxxdppngirqtu.supabase.co/storage/v1/object/public/taplist-media/81a90487-39c9-46bb-b221-68ff631275d6/drinks/9d9788fa-f38a-4988-8440-1944977bb5e8/no-menu-beer-artwork__6_.jpg,"一款用烘烤麦芽和啤酒花酿造，并进行混合式发酵的艾尔啤酒，甜美而富有水果风味，味道清新宜人。在发酵完成后，“勃艮第公爵”还会在橡木桶（波尔多二级名庄，金玫瑰—Chateau Gruaud Larose）中熟成数个月，因此赋予“勒艮第公爵”丰富的果香。
是数一数二的酸啤酒。","一款用烘烤麦芽和啤酒花酿造，并进行混合式发酵的艾尔啤酒，甜美而富有水果风味，味道清新宜人。在发酵完成后，“勃艮第公爵”还会在橡木桶（波尔多二级名庄，金玫瑰—Chateau Gruaud Larose）中熟成数个月，因此赋予“勒艮第公爵”丰富的果香。
是数一数二的酸啤酒。",active,production_drinks_2026-06-30_conservative_exact_key,1,1,1,1,9d9788fa-f38a-4988-8440-1944977bb5e8,81a90487-39c9-46bb-b221-68ff631275d6,橡木桶酸,勃艮第女公爵,勃艮第女公爵,Single source drink; safe to create as standalone product if this row should enter pool.
candidate_0214,single_drink,create_product_then_link_source_drinks,小夫,,,退界,退界,,,,,,,,,active,production_drinks_2026-06-30_conservative_exact_key,1,1,0,1,6541041c-2c70-42f5-8e08-e9b55ffc923b,57d005da-1193-4bd2-955a-ef6b9653516d,小夫,退界,退界,Single source drink; safe to create as standalone product if this row should enter pool.
candidate_0448,single_drink,create_product_then_link_source_drinks,小花冠,,,虽吴酿造,虽吴酿造,,,,,,https://agtujigvxxdppngirqtu.supabase.co/storage/v1/object/public/taplist-media/44a4429c-fb70-47a5-923b-370fce8f167e/drinks/02771aa7-ffd4-470a-805f-ce520696e2ff/no-menu-beer-artwork__4_.jpg,,,active,production_drinks_2026-06-30_conservative_exact_key,1,1,0,1,02771aa7-ffd4-470a-805f-ce520696e2ff,44a4429c-fb70-47a5-923b-370fce8f167e,小花冠,虽吴酿造,虽吴酿造,Single source drink; safe to create as standalone product if this row should enter pool.
candidate_0370,single_drink,create_product_then_link_source_drinks,小花冠 墨西哥拉格,,,虽吴酿造,虽吴酿造,,,,,,https://agtujigvxxdppngirqtu.supabase.co/storage/v1/object/public/taplist-media/494bcf1f-8346-480f-a396-204b104c9313/drinks/512c0655-e419-44e8-a262-d3a95eb12726/no-menu-beer-artwork__8_.jpg,,,active,production_drinks_2026-06-30_conservative_exact_key,1,1,0,1,512c0655-e419-44e8-a262-d3a95eb12726,494bcf1f-8346-480f-a396-204b104c9313,小花冠 墨西哥拉格,虽吴酿造,虽吴酿造,Single source drink; safe to create as standalone product if this row should enter pool.
candidate_0664,single_drink,create_product_then_link_source_drinks,小青瓜有机农甜米泥,,,勿幕,勿幕,水果酸艾尔,3,,西安,,https://agtujigvxxdppngirqtu.supabase.co/storage/v1/object/public/taplist-media/283206e3-22d9-4a54-b8a5-70694b1ec062/drinks/d202d39c-1b7d-4c0a-b9ac-e142ae713f88/no-menu-beer-artwork__8_.jpg,入口是青瓜的清新，中段是米本身的香甜。,入口是青瓜的清新，中段是米本身的香甜。,active,production_drinks_2026-06-30_conservative_exact_key,1,1,1,1,d202d39c-1b7d-4c0a-b9ac-e142ae713f88,283206e3-22d9-4a54-b8a5-70694b1ec062,小青瓜有机农甜米泥,勿幕,勿幕,Single source drink; safe to create as standalone product if this row should enter pool.
candidate_0438,single_drink,create_product_then_link_source_drinks,小青龙,,,制乐厂,制乐厂,青提乌龙Cider,3,,南京,,https://agtujigvxxdppngirqtu.supabase.co/storage/v1/object/public/taplist-media/44a4429c-fb70-47a5-923b-370fce8f167e/drinks/5f3cc1c7-e205-4694-b310-467b2a41f4da/no-menu-beer-artwork__1_.jpg,,,active,production_drinks_2026-06-30_conservative_exact_key,1,1,1,1,5f3cc1c7-e205-4694-b310-467b2a41f4da,44a4429c-fb70-47a5-923b-370fce8f167e,小青龙,制乐厂,制乐厂,Single source drink; safe to create as standalone product if this row should enter pool.
candidate_0050,single_drink,create_product_then_link_source_drinks,小太阳莫斯卡托起泡白葡萄酒,,,,,,,,,,,,,active,production_drinks_2026-06-30_conservative_exact_key,1,1,0,1,6ecb873a-3631-4879-9ad4-eaed50dd8b69,00000000-0000-0000-0000-000000000001,小太阳莫斯卡托起泡白葡萄酒,,,Single source drink; safe to create as standalone product if this row should enter pool.
candidate_0376,single_drink,create_product_then_link_source_drinks,小小4周年,,,另一半,另一半,双倍干投浑浊IPA,6.5,,美国,,,,,active,production_drinks_2026-06-30_conservative_exact_key,1,1,1,1,964be8b2-7dea-4211-b86b-5b18002eea8e,da21ab4e-93f7-49ca-8318-15fcbae24a93,小小4周年,另一半,另一半,Single source drink; safe to create as standalone product if this row should enter pool.
candidate_0435,single_drink,create_product_then_link_source_drinks,肖邦,,,酿造哲学,酿造哲学,波兰烟熏小麦,4,,上海,,,,,active,production_drinks_2026-06-30_conservative_exact_key,1,1,1,1,a2d8a88f-7802-42fd-b0d3-373553601671,4d1da7d9-8b21-4706-b535-355b9ff79388,肖邦,酿造哲学,酿造哲学,Single source drink; safe to create as standalone product if this row should enter pool.
candidate_0425,single_drink,create_product_then_link_source_drinks,辛青农舍,,,蔓延酿造,蔓延酿造,,,,,,https://agtujigvxxdppngirqtu.supabase.co/storage/v1/object/public/taplist-media/7cce9b27-acd5-4bdc-a302-153c8245a1c1/drinks/b63d9b00-617d-4f64-9391-507716ab11ae/no-menu-beer-artwork__14_.jpg,,,active,production_drinks_2026-06-30_conservative_exact_key,1,1,0,1,b63d9b00-617d-4f64-9391-507716ab11ae,7cce9b27-acd5-4bdc-a302-153c8245a1c1,辛青农舍,蔓延酿造,蔓延酿造,Single source drink; safe to create as standalone product if this row should enter pool.
candidate_0135,single_drink,create_product_then_link_source_drinks,辛香农舍,,,蔓延酿造,蔓延酿造,,,,,,https://agtujigvxxdppngirqtu.supabase.co/storage/v1/object/public/taplist-media/44a4429c-fb70-47a5-923b-370fce8f167e/drinks/44a4429c-fb70-47a5-923b-370fce8f0109/no-menu-beer-artwork__76_.jpg,,,active,production_drinks_2026-06-30_conservative_exact_key,1,1,0,1,44a4429c-fb70-47a5-923b-370fce8f0109,44a4429c-fb70-47a5-923b-370fce8f167e,辛香农舍,蔓延酿造,蔓延酿造,Single source drink; safe to create as standalone product if this row should enter pool.
candidate_0126,single_drink,create_product_then_link_source_drinks,新英格兰 IPA,,,Trillium,Trillium,,,,,,https://images.unsplash.com/photo-1571613316887-6f8d5cbf7ef7?auto=format&fit=crop&w=900&q=80,,,active,production_drinks_2026-06-30_conservative_exact_key,1,1,1,1,d1000001-0001-4001-8001-000000000302,b1000001-0001-4001-8001-000000000003,新英格兰 IPA,Trillium,Trillium,Single source drink; safe to create as standalone product if this row should enter pool.
candidate_0488,single_drink,create_product_then_link_source_drinks,新英格兰99号,,,回头客,回头客,新英格兰IPA,6.5,,美国,,,,,active,production_drinks_2026-06-30_conservative_exact_key,1,1,1,1,ab2d8009-b66b-4bbf-b372-5f4527d6defc,a4f4002f-fccd-41dd-bbc5-153d30fc5385,新英格兰99号,回头客,回头客,Single source drink; safe to create as standalone product if this row should enter pool.
candidate_0335,single_drink,create_product_then_link_source_drinks,星际物质,,,玄水屋,玄水屋,,,,,,https://agtujigvxxdppngirqtu.supabase.co/storage/v1/object/public/taplist-media/1cff208a-4424-4867-966d-a7839ac59f6f/drinks/f33b7ef4-839f-4edd-98d0-5be69cfadd78/no-menu-beer-artwork__96_.jpg,,,active,production_drinks_2026-06-30_conservative_exact_key,1,1,0,1,f33b7ef4-839f-4edd-98d0-5be69cfadd78,1cff208a-4424-4867-966d-a7839ac59f6f,星际物质,玄水屋,玄水屋,Single source drink; safe to create as standalone product if this row should enter pool.
candidate_0367,single_drink,create_product_then_link_source_drinks,星空领航员,,,Fever,Fever,,,,,,https://agtujigvxxdppngirqtu.supabase.co/storage/v1/object/public/taplist-media/7aa1147c-5c8b-4c68-bc11-56ce34608689/drinks/af97e920-9d77-45b6-9509-f0a68c596d58/no-menu-beer-artwork_-_2026-06-08T022708.210.jpg,,,active,production_drinks_2026-06-30_conservative_exact_key,1,1,0,1,af97e920-9d77-45b6-9509-f0a68c596d58,7aa1147c-5c8b-4c68-bc11-56ce34608689,星空领航员,Fever,Fever,Single source drink; safe to create as standalone product if this row should enter pool.
candidate_0252,single_drink,create_product_then_link_source_drinks,星云甘露,,,裂变酿造,裂变酿造,,,,,,https://agtujigvxxdppngirqtu.supabase.co/storage/v1/object/public/taplist-media/4d1da7d9-8b21-4706-b535-355b9ff79388/drinks/678ccfae-391d-4cfc-8aad-29939b3caec2/no-menu-beer-artwork__65_.jpg,,,active,production_drinks_2026-06-30_conservative_exact_key,1,1,0,1,678ccfae-391d-4cfc-8aad-29939b3caec2,4d1da7d9-8b21-4706-b535-355b9ff79388,星云甘露,裂变酿造,裂变酿造,Single source drink; safe to create as standalone product if this row should enter pool.
candidate_0067,single_drink,create_product_then_link_source_drinks,行匠,,,,,,,,,,,,,active,production_drinks_2026-06-30_conservative_exact_key,1,1,0,0,b34e585b-6ef5-4fde-b0a5-313568c006d0,00000000-0000-0000-0000-000000000001,行匠,,,Single source drink; safe to create as standalone product if this row should enter pool.
candidate_0231,single_drink,create_product_then_link_source_drinks,幸运鹅,,,齿轮精酿,齿轮精酿,德式古斯,4.3,10,,,https://agtujigvxxdppngirqtu.supabase.co/storage/v1/object/public/taplist-media/d897a73b-37fb-4c57-af0f-79d8759173cb/drinks/cf604d71-c562-4ea5-bf8b-6ce17d59dd30/no-menu-beer-artwork__50_.jpg,,,active,production_drinks_2026-06-30_conservative_exact_key,1,1,1,1,cf604d71-c562-4ea5-bf8b-6ce17d59dd30,d897a73b-37fb-4c57-af0f-79d8759173cb,幸运鹅,齿轮精酿,齿轮精酿,Single source drink; safe to create as standalone product if this row should enter pool.
candidate_0573,single_drink,create_product_then_link_source_drinks,雄鹰,,,洛莱,洛莱,双倍新英格兰IPA,8.7,,美国,,https://agtujigvxxdppngirqtu.supabase.co/storage/v1/object/public/taplist-media/7aa1147c-5c8b-4c68-bc11-56ce34608689/drinks/6c4c263e-ed49-4abd-9f2f-f1bbb000162d/no-menu-beer-artwork__24_.jpg,,,active,production_drinks_2026-06-30_conservative_exact_key,1,1,1,1,6c4c263e-ed49-4abd-9f2f-f1bbb000162d,7aa1147c-5c8b-4c68-bc11-56ce34608689,雄鹰,洛莱,洛莱,Single source drink; safe to create as standalone product if this row should enter pool.
candidate_0141,single_drink,create_product_then_link_source_drinks,修道院三料,,,Chimay,Chimay,,,,,,https://images.unsplash.com/photo-1535958636474-b021ee887b13?auto=format&fit=crop&w=900&q=80,,,active,production_drinks_2026-06-30_conservative_exact_key,1,1,1,1,d1000001-0001-4001-8001-000000000404,b1000001-0001-4001-8001-000000000004,修道院三料,Chimay,Chimay,Single source drink; safe to create as standalone product if this row should enter pool.
candidate_0315,single_drink,create_product_then_link_source_drinks,锈钉 2024,,,佛里蒙,佛里蒙,,,,,,https://agtujigvxxdppngirqtu.supabase.co/storage/v1/object/public/taplist-media/283206e3-22d9-4a54-b8a5-70694b1ec062/drinks/92db30c5-bfa0-4cfc-9bb7-1a73fb4130e5/_____2024_1______________.jpg,,,active,production_drinks_2026-06-30_conservative_exact_key,1,1,0,1,92db30c5-bfa0-4cfc-9bb7-1a73fb4130e5,283206e3-22d9-4a54-b8a5-70694b1ec062,锈钉 2024,佛里蒙,佛里蒙,Single source drink; safe to create as standalone product if this row should enter pool.
candidate_0375,single_drink,create_product_then_link_source_drinks,旋涡3号,,,另一半,另一半,甜点酸艾尔,6.4,,美国,,,,,active,production_drinks_2026-06-30_conservative_exact_key,1,1,1,1,befc0090-a609-4d16-8679-a995031bb892,da21ab4e-93f7-49ca-8318-15fcbae24a93,旋涡3号,另一半,另一半,Single source drink; safe to create as standalone product if this row should enter pool.
candidate_0452,single_drink,create_product_then_link_source_drinks,旋转木马,,,山雀,山雀,ESB,5,,上海嘉定,,https://agtujigvxxdppngirqtu.supabase.co/storage/v1/object/public/taplist-media/00234890-ee30-4985-992d-98ab8ce1d5de/drinks/aa26711f-e072-46a9-9d9e-4d39ea3596c8/no-menu-beer-artwork__15_.jpg,,,active,production_drinks_2026-06-30_conservative_exact_key,1,1,1,1,aa26711f-e072-46a9-9d9e-4d39ea3596c8,00234890-ee30-4985-992d-98ab8ce1d5de,旋转木马,山雀,山雀,Single source drink; safe to create as standalone product if this row should enter pool.
candidate_0348,single_drink,create_product_then_link_source_drinks,炫猫,,,捷克维诺,捷克维诺,捷克深色拉格,5.4,,捷克,,https://agtujigvxxdppngirqtu.supabase.co/storage/v1/object/public/taplist-media/7aa1147c-5c8b-4c68-bc11-56ce34608689/drinks/9f76235b-fac5-4e21-91d2-52402fe195bd/no-menu-beer-artwork_-_2026-06-08T022815.875.jpg,,,active,production_drinks_2026-06-30_conservative_exact_key,1,1,1,1,9f76235b-fac5-4e21-91d2-52402fe195bd,7aa1147c-5c8b-4c68-bc11-56ce34608689,炫猫,捷克维诺,捷克维诺,Single source drink; safe to create as standalone product if this row should enter pool.
candidate_0593,single_drink,create_product_then_link_source_drinks,眩目,,,裂变酿造,裂变酿造,浑浊IPA,6,,佛山,,https://agtujigvxxdppngirqtu.supabase.co/storage/v1/object/public/taplist-media/4d1da7d9-8b21-4706-b535-355b9ff79388/drinks/6370d43b-77db-46dd-a4de-4faf85de67b9/no-menu-beer-artwork__52_.jpg,,,active,production_drinks_2026-06-30_conservative_exact_key,1,1,1,1,6370d43b-77db-46dd-a4de-4faf85de67b9,4d1da7d9-8b21-4706-b535-355b9ff79388,眩目,裂变酿造,裂变酿造,Single source drink; safe to create as standalone product if this row should enter pool.
candidate_0099,single_drink,create_product_then_link_source_drinks,亚刻部落 福橘脐橙苹果西达 500ML,,,,,,,,,,,,,active,production_drinks_2026-06-30_conservative_exact_key,1,1,0,0,973af232-930d-4bfb-8962-e99dbf2a6d10,00000000-0000-0000-0000-000000000001,亚刻部落 福橘脐橙苹果西达 500ML,,,Single source drink; safe to create as standalone product if this row should enter pool.
candidate_0311,single_drink,create_product_then_link_source_drinks,亚特兰大出口,,,矛盾体,矛盾体,,,,,,,,,active,production_drinks_2026-06-30_conservative_exact_key,1,1,0,1,91cdbf1f-c9ae-43b3-b312-cfc9bf06767f,57d005da-1193-4bd2-955a-ef6b9653516d,亚特兰大出口,矛盾体,矛盾体,Single source drink; safe to create as standalone product if this row should enter pool.
candidate_0669,single_drink,create_product_then_link_source_drinks,烟熏啤,,,朗客,朗客,拉格,5.1,,德国,,https://agtujigvxxdppngirqtu.supabase.co/storage/v1/object/public/taplist-media/26597d55-8a12-4185-b3ef-cb9a3ac1773a/drinks/4e98a3c5-ed3d-469a-9b86-39d2ddfdf192/no-menu-beer-artwork__17_.jpg,,,active,production_drinks_2026-06-30_conservative_exact_key,1,1,1,1,4e98a3c5-ed3d-469a-9b86-39d2ddfdf192,26597d55-8a12-4185-b3ef-cb9a3ac1773a,烟熏啤,朗客,朗客,Single source drink; safe to create as standalone product if this row should enter pool.
candidate_0334,single_drink,create_product_then_link_source_drinks,烟熏乌梅,,,勿幕,勿幕,,,,,,https://agtujigvxxdppngirqtu.supabase.co/storage/v1/object/public/taplist-media/1cff208a-4424-4867-966d-a7839ac59f6f/drinks/24b6fa8d-3a36-4583-93e7-436629b92fef/no-menu-beer-artwork__97_.jpg,,,active,production_drinks_2026-06-30_conservative_exact_key,1,1,0,1,24b6fa8d-3a36-4583-93e7-436629b92fef,1cff208a-4424-4867-966d-a7839ac59f6f,烟熏乌梅,勿幕,勿幕,Single source drink; safe to create as standalone product if this row should enter pool.
candidate_0390,single_drink,create_product_then_link_source_drinks,岩上,,,风土酿造,风土酿造,蓝靛果岩茶西打,4.8,,,,https://agtujigvxxdppngirqtu.supabase.co/storage/v1/object/public/taplist-media/b4c33fea-51e3-426d-9dfa-b13947153ac2/drinks/8f437af9-7a99-4872-b17f-7528c907f037/no-menu-beer-artwork__10_.jpg,,,active,production_drinks_2026-06-30_conservative_exact_key,1,1,1,1,8f437af9-7a99-4872-b17f-7528c907f037,b4c33fea-51e3-426d-9dfa-b13947153ac2,岩上,风土酿造,风土酿造,Single source drink; safe to create as standalone product if this row should enter pool.
candidate_0495,single_drink,create_product_then_link_source_drinks,盐洞·柑橘风暴眼,,,勿幕,勿幕,,,,,,https://agtujigvxxdppngirqtu.supabase.co/storage/v1/object/public/taplist-media/82bf1237-e90c-4379-a2bc-a6dad2726b93/drinks/5f3c0cca-8d2c-4aa1-8bfc-72b1e03f4b37/no-menu-beer-artwork__40_.jpg,,,active,production_drinks_2026-06-30_conservative_exact_key,1,1,0,1,5f3c0cca-8d2c-4aa1-8bfc-72b1e03f4b37,82bf1237-e90c-4379-a2bc-a6dad2726b93,盐洞·柑橘风暴眼,勿幕,勿幕,Single source drink; safe to create as standalone product if this row should enter pool.
candidate_0536,single_drink,create_product_then_link_source_drinks,盐而盗柠,,,赤屿谷盗,赤屿谷盗,古斯,4.2,,,,https://agtujigvxxdppngirqtu.supabase.co/storage/v1/object/public/taplist-media/2c191730-69f6-4031-8256-91aa59e5bc52/drinks/70c71e35-181a-47ba-a421-fa464900708e/no-menu-beer-artwork__71_.jpg,,,active,production_drinks_2026-06-30_conservative_exact_key,1,1,1,1,70c71e35-181a-47ba-a421-fa464900708e,2c191730-69f6-4031-8256-91aa59e5bc52,盐而盗柠,赤屿谷盗,赤屿谷盗,Single source drink; safe to create as standalone product if this row should enter pool.
candidate_0441,single_drink,create_product_then_link_source_drinks,阳光洒肩头,,,赤耳,赤耳,,,,,,https://agtujigvxxdppngirqtu.supabase.co/storage/v1/object/public/taplist-media/44a4429c-fb70-47a5-923b-370fce8f167e/drinks/b4066115-8e10-4abb-82be-4fd3486396de/no-menu-beer-artwork__12_.jpg,,,active,production_drinks_2026-06-30_conservative_exact_key,1,1,0,1,b4066115-8e10-4abb-82be-4fd3486396de,44a4429c-fb70-47a5-923b-370fce8f167e,阳光洒肩头,赤耳,赤耳,Single source drink; safe to create as standalone product if this row should enter pool.
candidate_0325,single_drink,create_product_then_link_source_drinks,洋流上下 TDH帝国浑浊IPA,,,纸飞机,纸飞机,,,,,,,,,active,production_drinks_2026-06-30_conservative_exact_key,1,1,0,0,d4e2d4c6-0c8f-48ee-a822-36c810053cc4,00000000-0000-0000-0000-000000000001,洋流上下 TDH帝国浑浊IPA,纸飞机,纸飞机,Single source drink; safe to create as standalone product if this row should enter pool.
candidate_0613,single_drink,create_product_then_link_source_drinks,窑藏博克,,,艾根伯格,艾根伯格,奥地利式淡色拉格,7.4,,奥地利,,https://agtujigvxxdppngirqtu.supabase.co/storage/v1/object/public/taplist-media/283206e3-22d9-4a54-b8a5-70694b1ec062/drinks/9d120c82-ca9e-41b1-be6a-d4b6000704ea/no-menu-beer-artwork__2_.jpg,"蜂蜜巢的香甜气息
精致的花香","蜂蜜巢的香甜气息
精致的花香",active,production_drinks_2026-06-30_conservative_exact_key,1,1,1,1,9d120c82-ca9e-41b1-be6a-d4b6000704ea,283206e3-22d9-4a54-b8a5-70694b1ec062,窑藏博克,艾根伯格,艾根伯格,Single source drink; safe to create as standalone product if this row should enter pool.
candidate_0691,single_drink,create_product_then_link_source_drinks,窑臧拉格,,,涧溪,涧溪,,,,,,,,,active,production_drinks_2026-06-30_conservative_exact_key,1,1,1,1,5c2090b9-2f35-4196-a6b1-20f4a7a34327,95d07371-8c56-4359-af51-59e5416ddef5,窑臧拉格,涧溪,涧溪,Single source drink; safe to create as standalone product if this row should enter pool.
candidate_0621,single_drink,create_product_then_link_source_drinks,窑臧皮尔森,,,百得福,百得福,皮尔森,5,,捷克,,https://agtujigvxxdppngirqtu.supabase.co/storage/v1/object/public/taplist-media/494bcf1f-8346-480f-a396-204b104c9313/drinks/1e344080-a506-45ff-a00e-10b5c21c0995/IMG_7625.jpg,,,active,production_drinks_2026-06-30_conservative_exact_key,1,1,1,1,1e344080-a506-45ff-a00e-10b5c21c0995,494bcf1f-8346-480f-a396-204b104c9313,窑臧皮尔森,百得福,百得福,Single source drink; safe to create as standalone product if this row should enter pool.
candidate_0410,single_drink,create_product_then_link_source_drinks,椰林飘香,,,Smooj,Smooj,增味酸艾尔,7.2,,,,,,,active,production_drinks_2026-06-30_conservative_exact_key,1,1,1,1,e2ad1030-0785-4915-b339-8a5ae3d124ab,7cce9b27-acd5-4bdc-a302-153c8245a1c1,椰林飘香,Smooj,Smooj,Single source drink; safe to create as standalone product if this row should enter pool.
candidate_0034,single_drink,create_product_then_link_source_drinks,野鹅微醺 浆果挞挞 473ml,,,,,,,,,,,,,active,production_drinks_2026-06-30_conservative_exact_key,1,1,0,0,2e608e94-14a0-4129-8d1d-8c941a532471,00000000-0000-0000-0000-000000000001,野鹅微醺 浆果挞挞 473ml,,,Single source drink; safe to create as standalone product if this row should enter pool.
candidate_0332,single_drink,create_product_then_link_source_drinks,夜曲,,,彼岸,彼岸,,,,,,https://agtujigvxxdppngirqtu.supabase.co/storage/v1/object/public/taplist-media/1cff208a-4424-4867-966d-a7839ac59f6f/drinks/4a1649f8-1455-4337-94ac-dcc763350001/no-menu-beer-artwork__99_.jpg,,,active,production_drinks_2026-06-30_conservative_exact_key,1,1,0,1,4a1649f8-1455-4337-94ac-dcc763350001,1cff208a-4424-4867-966d-a7839ac59f6f,夜曲,彼岸,彼岸,Single source drink; safe to create as standalone product if this row should enter pool.
candidate_0550,single_drink,create_product_then_link_source_drinks,夜曲,,,彼岸酿造,彼岸酿造,波兰烟熏啤酒,4,,乐山,,https://agtujigvxxdppngirqtu.supabase.co/storage/v1/object/public/taplist-media/81a90487-39c9-46bb-b221-68ff631275d6/drinks/7944990f-d7e7-4889-879b-748f859e8c15/no-menu-beer-artwork__10_.jpg,,,active,production_drinks_2026-06-30_conservative_exact_key,1,1,1,1,7944990f-d7e7-4889-879b-748f859e8c15,81a90487-39c9-46bb-b221-68ff631275d6,夜曲,彼岸酿造,彼岸酿造,Single source drink; safe to create as standalone product if this row should enter pool.
candidate_0160,single_drink,create_product_then_link_source_drinks,一路发达4周年,,,Dr.Lab,Dr.Lab,,,,,,,,,active,production_drinks_2026-06-30_conservative_exact_key,1,1,0,1,3d6cb427-a8c3-4583-a7c4-5a3ad9f5f502,3d6cb427-a8c3-4583-a7c4-5a3ad9f5f787,一路发达4周年,Dr.Lab,Dr.Lab,Single source drink; safe to create as standalone product if this row should enter pool.
candidate_0193,single_drink,create_product_then_link_source_drinks,一起漂浮,,,艾尔复兴,艾尔复兴,,,,,,,,,active,production_drinks_2026-06-30_conservative_exact_key,1,1,0,1,3569ae7f-2177-4296-b09d-4860499644b8,57d005da-1193-4bd2-955a-ef6b9653516d,一起漂浮,艾尔复兴,艾尔复兴,Single source drink; safe to create as standalone product if this row should enter pool.
candidate_0006,single_drink,create_product_then_link_source_drinks,伊势角屋 浑浊IPA 酒花喵第10舰队 330ml,,,,,,,,,,,,,active,production_drinks_2026-06-30_conservative_exact_key,1,1,0,0,7de275b8-9ca7-40a5-b3c8-3edd995b85d4,00000000-0000-0000-0000-000000000001,伊势角屋 浑浊IPA 酒花喵第10舰队 330ml,,,Single source drink; safe to create as standalone product if this row should enter pool.
candidate_0046,single_drink,create_product_then_link_source_drinks,伊势角屋 浑浊IPA 猫咪饮品 330ml,,,,,,,,,,,,,active,production_drinks_2026-06-30_conservative_exact_key,1,1,0,0,7a44954b-010b-4ad5-8677-013a510bacb5,00000000-0000-0000-0000-000000000001,伊势角屋 浑浊IPA 猫咪饮品 330ml,,,Single source drink; safe to create as standalone product if this row should enter pool.
candidate_0088,single_drink,create_product_then_link_source_drinks,伊势角屋 清酒拉格 330ML,,,,,,,,,,,,,active,production_drinks_2026-06-30_conservative_exact_key,1,1,0,0,c13e28f6-36c9-4513-bddf-a95fde09f652,00000000-0000-0000-0000-000000000001,伊势角屋 清酒拉格 330ML,,,Single source drink; safe to create as standalone product if this row should enter pool.
candidate_0098,single_drink,create_product_then_link_source_drinks,伊势角屋 日式清酒小麦 330ML,,,,,,,,,,,,,active,production_drinks_2026-06-30_conservative_exact_key,1,1,0,0,7436262d-9071-4aaf-82cd-20c26f24f759,00000000-0000-0000-0000-000000000001,伊势角屋 日式清酒小麦 330ML,,,Single source drink; safe to create as standalone product if this row should enter pool.
candidate_0014,single_drink,create_product_then_link_source_drinks,伊势角屋 DDH浑浊 第9舰队 330ml,,,,,,,,,,,,,active,production_drinks_2026-06-30_conservative_exact_key,1,1,0,0,26110c62-b056-4cc1-9c0d-9fe820096e97,00000000-0000-0000-0000-000000000001,伊势角屋 DDH浑浊 第9舰队 330ml,,,Single source drink; safe to create as standalone product if this row should enter pool.
candidate_0445,single_drink,create_product_then_link_source_drinks,依旧交通粘性,,,僧侣,僧侣,三倍干投双倍浑浊IPA,8.4,,美国,,,,,active,production_drinks_2026-06-30_conservative_exact_key,1,1,1,1,863ed850-5bb1-40bc-ad07-1b4755f892e4,57d005da-1193-4bd2-955a-ef6b9653516d,依旧交通粘性,僧侣,僧侣,Single source drink; safe to create as standalone product if this row should enter pool.
candidate_0493,single_drink,create_product_then_link_source_drinks,异岛,,,索拉里斯,索拉里斯,TDH西海岸IPA,6.8,,美国,,,,,active,production_drinks_2026-06-30_conservative_exact_key,1,1,1,1,25998f93-bf1e-4d75-aea0-622bf2104af2,7aa1147c-5c8b-4c68-bc11-56ce34608689,异岛,索拉里斯,索拉里斯,Single source drink; safe to create as standalone product if this row should enter pool.
candidate_0603,single_drink,create_product_then_link_source_drinks,异端礼拜堂,,,欧米尼珀罗x布鲁乔斯,欧米尼珀罗x布鲁乔斯,TDH三倍浑浊IPA,10,,瑞典,,https://agtujigvxxdppngirqtu.supabase.co/storage/v1/object/public/taplist-media/57d005da-1193-4bd2-955a-ef6b9653516d/drinks/ea83c3d6-03e0-481a-b7f7-94db667c4f47/no-menu-beer-artwork__45_.jpg,,,active,production_drinks_2026-06-30_conservative_exact_key,1,1,1,1,ea83c3d6-03e0-481a-b7f7-94db667c4f47,57d005da-1193-4bd2-955a-ef6b9653516d,异端礼拜堂,欧米尼珀罗x布鲁乔斯,欧米尼珀罗x布鲁乔斯,Single source drink; safe to create as standalone product if this row should enter pool.
candidate_0108,single_drink,create_product_then_link_source_drinks,意大利阿杰诺橙酒自然酒,,,,,,,,,,,,,active,production_drinks_2026-06-30_conservative_exact_key,1,1,0,1,1fdcfd06-c0be-4c8d-8a8c-4f0e2ff3963a,00000000-0000-0000-0000-000000000001,意大利阿杰诺橙酒自然酒,,,Single source drink; safe to create as standalone product if this row should enter pool.
candidate_0054,single_drink,create_product_then_link_source_drinks,意大利莫斯卡托甜白,,,,,,,,,,,,,active,production_drinks_2026-06-30_conservative_exact_key,1,1,0,0,bf908a0b-941e-43fa-9b04-57d4191bcc2d,00000000-0000-0000-0000-000000000001,意大利莫斯卡托甜白,,,Single source drink; safe to create as standalone product if this row should enter pool.
candidate_0052,single_drink,create_product_then_link_source_drinks,意大利普利亚神殿干红,,,,,,,,,,,,,active,production_drinks_2026-06-30_conservative_exact_key,1,1,0,0,1fc9cde3-0e97-49bc-9c1d-6a32ef184e05,00000000-0000-0000-0000-000000000001,意大利普利亚神殿干红,,,Single source drink; safe to create as standalone product if this row should enter pool.
candidate_0109,single_drink,create_product_then_link_source_drinks,意大利苏维亚酒园苏阿维干白,,,,,,,,,,,,,active,production_drinks_2026-06-30_conservative_exact_key,1,1,0,1,7fb7e9c4-909f-496d-aa53-53532b15bfc0,00000000-0000-0000-0000-000000000001,意大利苏维亚酒园苏阿维干白,,,Single source drink; safe to create as standalone product if this row should enter pool.
candidate_0209,single_drink,create_product_then_link_source_drinks,银苹果,,,啤脑酿造 / Beer Head,啤脑酿造 / Beer Head,,,,,,https://agtujigvxxdppngirqtu.supabase.co/storage/v1/object/public/taplist-media/831db2a1-ee47-4d88-9c0b-3e19a5668d6d/drinks/c0222c49-6d63-44fd-b623-abc13529266e/no-menu-beer-artwork__35_.jpg,,,active,production_drinks_2026-06-30_conservative_exact_key,1,1,0,1,c0222c49-6d63-44fd-b623-abc13529266e,831db2a1-ee47-4d88-9c0b-3e19a5668d6d,银苹果,啤脑酿造 / Beer Head,啤脑酿造 / Beer Head,Single source drink; safe to create as standalone product if this row should enter pool.
candidate_0558,single_drink,create_product_then_link_source_drinks,樱桃兰比克,,,澎湃家族,澎湃家族,水果兰比克,4,,比利时,,https://agtujigvxxdppngirqtu.supabase.co/storage/v1/object/public/taplist-media/c3af90db-9734-4750-927c-38f6b37fb3e0/drinks/c59bb61a-9839-4225-94dc-b5583da8d88a/no-menu-beer-artwork__14_.jpg,,,active,production_drinks_2026-06-30_conservative_exact_key,1,1,1,1,c59bb61a-9839-4225-94dc-b5583da8d88a,c3af90db-9734-4750-927c-38f6b37fb3e0,樱桃兰比克,澎湃家族,澎湃家族,Single source drink; safe to create as standalone product if this row should enter pool.
candidate_0377,single_drink,create_product_then_link_source_drinks,永恒之涯,,,索拉里斯,索拉里斯,,,,,,https://agtujigvxxdppngirqtu.supabase.co/storage/v1/object/public/taplist-media/494bcf1f-8346-480f-a396-204b104c9313/drinks/2c361277-8feb-4527-854a-40e88c188855/no-menu-beer-artwork__7_.jpg,,,active,production_drinks_2026-06-30_conservative_exact_key,1,1,0,1,2c361277-8feb-4527-854a-40e88c188855,494bcf1f-8346-480f-a396-204b104c9313,永恒之涯,索拉里斯,索拉里斯,Single source drink; safe to create as standalone product if this row should enter pool.
candidate_0357,single_drink,create_product_then_link_source_drinks,永恒之注,,,索拉里斯,索拉里斯,,,,,,,,,active,production_drinks_2026-06-30_conservative_exact_key,1,1,0,1,332ad5f9-ec23-4222-bd65-cc4e066f2645,7aa1147c-5c8b-4c68-bc11-56ce34608689,永恒之注,索拉里斯,索拉里斯,Single source drink; safe to create as standalone product if this row should enter pool.
candidate_0136,single_drink,create_product_then_link_source_drinks,涌,,,赤耳酿造,赤耳酿造,,,,,,,,,active,production_drinks_2026-06-30_conservative_exact_key,1,1,0,1,44a4429c-fb70-47a5-923b-370fce8f0106,44a4429c-fb70-47a5-923b-370fce8f167e,涌,赤耳酿造,赤耳酿造,Single source drink; safe to create as standalone product if this row should enter pool.
candidate_0650,single_drink,create_product_then_link_source_drinks,涌现,,,会饮酿造,会饮酿造,,,,,,https://agtujigvxxdppngirqtu.supabase.co/storage/v1/object/public/taplist-media/487685c5-99f1-463c-9e19-9eeea1cf6699/drinks/c984c13f-76cc-486c-af17-b4d1f1f5a6c1/no-menu-beer-artwork__29_.jpg,,,active,production_drinks_2026-06-30_conservative_exact_key,1,1,0,1,c984c13f-76cc-486c-af17-b4d1f1f5a6c1,487685c5-99f1-463c-9e19-9eeea1cf6699,涌现,会饮酿造,会饮酿造,Single source drink; safe to create as standalone product if this row should enter pool.
candidate_0271,single_drink,create_product_then_link_source_drinks,幽澜,,,洄游,洄游,龙眼莲雾白玉兰西打,5.5,,,,https://agtujigvxxdppngirqtu.supabase.co/storage/v1/object/public/taplist-media/3d6cb427-a8c3-4583-a7c4-5a3ad9f5f787/drinks/e2582d27-ee45-40bb-8913-6f787c4b8fd6/_____20260604223546_95_60.jpg,,,active,production_drinks_2026-06-30_conservative_exact_key,1,1,1,1,e2582d27-ee45-40bb-8913-6f787c4b8fd6,3d6cb427-a8c3-4583-a7c4-5a3ad9f5f787,幽澜,洄游,洄游,Single source drink; safe to create as standalone product if this row should enter pool.
candidate_0219,single_drink,create_product_then_link_source_drinks,游隼,,,哈德逊河谷,哈德逊河谷,,,,,,,,,active,production_drinks_2026-06-30_conservative_exact_key,1,1,0,1,533389bd-35de-4d3e-939b-ca6b2eb04071,57d005da-1193-4bd2-955a-ef6b9653516d,游隼,哈德逊河谷,哈德逊河谷,Single source drink; safe to create as standalone product if this row should enter pool.
candidate_0596,single_drink,create_product_then_link_source_drinks,有限社交 美式淡色艾尔,,,TAPSTAR,TAPSTAR,,,,,,,,,active,production_drinks_2026-06-30_conservative_exact_key,1,1,0,1,c5579fd3-eb39-4555-b782-4771a8c47645,00000000-0000-0000-0000-000000000001,有限社交 美式淡色艾尔,TAPSTAR,TAPSTAR,Single source drink; safe to create as standalone product if this row should enter pool.
candidate_0161,single_drink,create_product_then_link_source_drinks,柚子大米拉格,,,分野,分野,,,,,,,,,active,production_drinks_2026-06-30_conservative_exact_key,1,1,0,1,e0c967ed-49ab-43dc-8b91-f95bcf274a20,81a90487-39c9-46bb-b221-68ff631275d6,柚子大米拉格,分野,分野,Single source drink; safe to create as standalone product if this row should enter pool.
candidate_0089,single_drink,create_product_then_link_source_drinks,余光未尽 皮尔森,,,半颠,半颠,,,,,,,,,active,production_drinks_2026-06-30_conservative_exact_key,1,1,0,0,81e15c1c-bd5c-4480-bf1c-c3aea522cc42,00000000-0000-0000-0000-000000000001,余光未尽 皮尔森,半颠,半颠,Single source drink; safe to create as standalone product if this row should enter pool.
candidate_0692,single_drink,create_product_then_link_source_drinks,雨落松间,,,赤耳*药厂,赤耳*药厂,德式皮尔森,5,,,,https://agtujigvxxdppngirqtu.supabase.co/storage/v1/object/public/taplist-media/487685c5-99f1-463c-9e19-9eeea1cf6699/drinks/27213747-d172-4dbd-be9b-e3e92925932e/no-menu-beer-artwork__36_.jpg,选用两款德国酒花，呈现克制而优雅的整体风味：Perle酒花带来沉静的松木、草本与香料气息，期间跳跃着一丝微凉的薄荷感；Saphir酒花则释放出细腻的花果香与柔和的苦味，在口中缓缓铺开。,选用两款德国酒花，呈现克制而优雅的整体风味：Perle酒花带来沉静的松木、草本与香料气息，期间跳跃着一丝微凉的薄荷感；Saphir酒花则释放出细腻的花果香与柔和的苦味，在口中缓缓铺开。,active,production_drinks_2026-06-30_conservative_exact_key,1,1,1,1,27213747-d172-4dbd-be9b-e3e92925932e,487685c5-99f1-463c-9e19-9eeea1cf6699,雨落松间,赤耳*药厂,赤耳*药厂,Single source drink; safe to create as standalone product if this row should enter pool.
candidate_0592,single_drink,create_product_then_link_source_drinks,玉響,,,薛定谔的酒 x Kyoto Beer Lab,薛定谔的酒 x Kyoto Beer Lab,日本煎茶桂花浑浊IPA,6.2,,佛山x京都,,https://agtujigvxxdppngirqtu.supabase.co/storage/v1/object/public/taplist-media/81a90487-39c9-46bb-b221-68ff631275d6/drinks/aa04bc94-29f4-4c1b-8172-d328046facb4/no-menu-beer-artwork__40_.jpg,,,active,production_drinks_2026-06-30_conservative_exact_key,1,1,1,1,aa04bc94-29f4-4c1b-8172-d328046facb4,81a90487-39c9-46bb-b221-68ff631275d6,玉響,薛定谔的酒 x Kyoto Beer Lab,薛定谔的酒 x Kyoto Beer Lab,Single source drink; safe to create as standalone product if this row should enter pool.
candidate_0308,single_drink,create_product_then_link_source_drinks,元素的艺术,,,费登斯,费登斯,新英格兰三倍 IPA,10.5,,美国,,https://agtujigvxxdppngirqtu.supabase.co/storage/v1/object/public/taplist-media/283206e3-22d9-4a54-b8a5-70694b1ec062/drinks/35d17ece-f241-4deb-9869-dd3351a76979/no-menu-beer-artwork__89_.jpg,,,active,production_drinks_2026-06-30_conservative_exact_key,1,1,1,1,35d17ece-f241-4deb-9869-dd3351a76979,283206e3-22d9-4a54-b8a5-70694b1ec062,元素的艺术,费登斯,费登斯,Single source drink; safe to create as standalone product if this row should enter pool.
candidate_0676,single_drink,create_product_then_link_source_drinks,原始恩赐,,,酸羽酿造,酸羽酿造,杏子增味野菌艾尔,6.9,,无锡,,https://agtujigvxxdppngirqtu.supabase.co/storage/v1/object/public/taplist-media/44a4429c-fb70-47a5-923b-370fce8f167e/drinks/6b529f65-6d91-4ae3-a2b1-e248114dd79d/no-menu-beer-artwork__12_.jpg,,,active,production_drinks_2026-06-30_conservative_exact_key,1,1,1,1,6b529f65-6d91-4ae3-a2b1-e248114dd79d,44a4429c-fb70-47a5-923b-370fce8f167e,原始恩赐,酸羽酿造,酸羽酿造,Single source drink; safe to create as standalone product if this row should enter pool.
candidate_0671,single_drink,create_product_then_link_source_drinks,月光,,,浦江半岛,浦江半岛,皮尔森,5,,,,https://agtujigvxxdppngirqtu.supabase.co/storage/v1/object/public/taplist-media/13b6f277-ab0d-4c19-ba8a-d97a5af9f51d/drinks/caa4d257-9064-4bc6-a869-28973e8cecc5/no-menu-beer-artwork__18_.jpg,,,active,production_drinks_2026-06-30_conservative_exact_key,1,1,1,1,caa4d257-9064-4bc6-a869-28973e8cecc5,13b6f277-ab0d-4c19-ba8a-d97a5af9f51d,月光,浦江半岛,浦江半岛,Single source drink; safe to create as standalone product if this row should enter pool.
candidate_0245,single_drink,create_product_then_link_source_drinks,月光宝盒,,,彼岸酿造,彼岸酿造,,,,,,https://agtujigvxxdppngirqtu.supabase.co/storage/v1/object/public/taplist-media/494bcf1f-8346-480f-a396-204b104c9313/drinks/fa7b1369-dd10-4980-bf42-4155279a3214/no-menu-beer-artwork__60_.jpg,,,active,production_drinks_2026-06-30_conservative_exact_key,1,1,0,1,fa7b1369-dd10-4980-bf42-4155279a3214,494bcf1f-8346-480f-a396-204b104c9313,月光宝盒,彼岸酿造,彼岸酿造,Single source drink; safe to create as standalone product if this row should enter pool.
candidate_0639,single_drink,create_product_then_link_source_drinks,月桂,,,漩涡酿造,漩涡酿造,中式小麦,4.8,,中山,,https://agtujigvxxdppngirqtu.supabase.co/storage/v1/object/public/taplist-media/44a4429c-fb70-47a5-923b-370fce8f167e/drinks/69d7c9c0-f2c0-49ff-aff6-d34befc81cee/no-menu-beer-artwork__27_.jpg,,,active,production_drinks_2026-06-30_conservative_exact_key,1,1,1,1,69d7c9c0-f2c0-49ff-aff6-d34befc81cee,44a4429c-fb70-47a5-923b-370fce8f167e,月桂,漩涡酿造,漩涡酿造,Single source drink; safe to create as standalone product if this row should enter pool.
candidate_0096,single_drink,create_product_then_link_source_drinks,月球旅行箱 皮尔森,,,行匠,行匠,,,,,,,,,active,production_drinks_2026-06-30_conservative_exact_key,1,1,0,0,c1804b3f-0e2d-47ef-922e-7c4c9fbe3c64,00000000-0000-0000-0000-000000000001,月球旅行箱 皮尔森,行匠,行匠,Single source drink; safe to create as standalone product if this row should enter pool.
candidate_0227,single_drink,create_product_then_link_source_drinks,月球旅行者,,,,,,,,,,,,,active,production_drinks_2026-06-30_conservative_exact_key,1,1,0,1,56f39089-7867-4322-b3bd-04174f7fa4ca,81a90487-39c9-46bb-b221-68ff631275d6,月球旅行者,,,Single source drink; safe to create as standalone product if this row should enter pool.
candidate_0689,single_drink,create_product_then_link_source_drinks,云边有座小卖部,,,犀首田园,犀首田园,水果酸艾尔,5,,,,https://agtujigvxxdppngirqtu.supabase.co/storage/v1/object/public/taplist-media/7cce9b27-acd5-4bdc-a302-153c8245a1c1/drinks/76e99286-5ce4-4737-83f4-52ecffe780e2/no-menu-beer-artwork__8_.jpg,,,active,production_drinks_2026-06-30_conservative_exact_key,1,1,1,1,76e99286-5ce4-4737-83f4-52ecffe780e2,7cce9b27-acd5-4bdc-a302-153c8245a1c1,云边有座小卖部,犀首田园,犀首田园,Single source drink; safe to create as standalone product if this row should enter pool.
candidate_0600,single_drink,create_product_then_link_source_drinks,云端一线,,,索拉里斯 × 北方公园,索拉里斯 × 北方公园,三倍干投西海岸IPA,10,,美国,,https://agtujigvxxdppngirqtu.supabase.co/storage/v1/object/public/taplist-media/de4207d0-d3c8-455a-8450-0d5b3e846ff0/drinks/6a1b2359-29d3-40ed-b602-b3f7eb4bcb2d/no-menu-beer-artwork__34_.jpg,,,active,production_drinks_2026-06-30_conservative_exact_key,1,1,1,1,6a1b2359-29d3-40ed-b602-b3f7eb4bcb2d,de4207d0-d3c8-455a-8450-0d5b3e846ff0,云端一线,索拉里斯 × 北方公园,索拉里斯 × 北方公园,Single source drink; safe to create as standalone product if this row should enter pool.
candidate_0047,single_drink,create_product_then_link_source_drinks,云湾长相思,,,,,,,,,,,,,active,production_drinks_2026-06-30_conservative_exact_key,1,1,0,1,ffdfbb16-706b-4c78-b45a-0ba0786a6bfe,00000000-0000-0000-0000-000000000001,云湾长相思,,,Single source drink; safe to create as standalone product if this row should enter pool.
candidate_0268,single_drink,create_product_then_link_source_drinks,云雾之峰,,,远山啤酒,远山啤酒,,,,,,https://agtujigvxxdppngirqtu.supabase.co/storage/v1/object/public/taplist-media/d897a73b-37fb-4c57-af0f-79d8759173cb/drinks/14a2b70b-56fa-43aa-8ee4-e94e0af12cbd/no-menu-beer-artwork__63_.jpg,,,active,production_drinks_2026-06-30_conservative_exact_key,1,1,0,1,14a2b70b-56fa-43aa-8ee4-e94e0af12cbd,d897a73b-37fb-4c57-af0f-79d8759173cb,云雾之峰,远山啤酒,远山啤酒,Single source drink; safe to create as standalone product if this row should enter pool.
candidate_0459,single_drink,create_product_then_link_source_drinks,云中翻滚,,,鲸一,鲸一,浑浊IPA,7.1,,美国,,https://agtujigvxxdppngirqtu.supabase.co/storage/v1/object/public/taplist-media/c3af90db-9734-4750-927c-38f6b37fb3e0/drinks/f725fcbc-750b-4913-882f-32d56c7bd146/_________.png,,,active,production_drinks_2026-06-30_conservative_exact_key,1,1,1,1,f725fcbc-750b-4913-882f-32d56c7bd146,c3af90db-9734-4750-927c-38f6b37fb3e0,云中翻滚,鲸一,鲸一,Single source drink; safe to create as standalone product if this row should enter pool.
candidate_0312,single_drink,create_product_then_link_source_drinks,杂散光,,,哈德逊河谷,哈德逊河谷,,,,,,,,,active,production_drinks_2026-06-30_conservative_exact_key,1,1,0,1,b6506658-e221-4f64-9452-7ce0c1e50c8e,57d005da-1193-4bd2-955a-ef6b9653516d,杂散光,哈德逊河谷,哈德逊河谷,Single source drink; safe to create as standalone product if this row should enter pool.
candidate_0546,single_drink,create_product_then_link_source_drinks,早春,,,行空,行空,DDH Wheat Ale,5.6,,青岛,,https://agtujigvxxdppngirqtu.supabase.co/storage/v1/object/public/taplist-media/4d1da7d9-8b21-4706-b535-355b9ff79388/drinks/906e3063-4cb7-47d0-8c17-7c1df889657c/no-menu-beer-artwork.jpg,,,active,production_drinks_2026-06-30_conservative_exact_key,1,1,1,1,906e3063-4cb7-47d0-8c17-7c1df889657c,4d1da7d9-8b21-4706-b535-355b9ff79388,早春,行空,行空,Single source drink; safe to create as standalone product if this row should enter pool.
candidate_0462,single_drink,create_product_then_link_source_drinks,战斧之力,,,勿幕,勿幕,双倍干投浑浊IPA,6.8,,,,https://agtujigvxxdppngirqtu.supabase.co/storage/v1/object/public/taplist-media/1cff208a-4424-4867-966d-a7839ac59f6f/drinks/5154264f-138a-46fd-8ba7-a173d273691d/no-menu-beer-artwork__28_.jpg,,,active,production_drinks_2026-06-30_conservative_exact_key,1,1,1,1,5154264f-138a-46fd-8ba7-a173d273691d,1cff208a-4424-4867-966d-a7839ac59f6f,战斧之力,勿幕,勿幕,Single source drink; safe to create as standalone product if this row should enter pool.
candidate_0351,single_drink,create_product_then_link_source_drinks,长安,,,风味屋,风味屋,,,,,,https://agtujigvxxdppngirqtu.supabase.co/storage/v1/object/public/taplist-media/7aa1147c-5c8b-4c68-bc11-56ce34608689/drinks/cc7d8b88-2146-4cc4-b9cc-7d3da3108fee/no-menu-beer-artwork_-_2026-06-08T022730.110.jpg,,,active,production_drinks_2026-06-30_conservative_exact_key,1,1,0,1,cc7d8b88-2146-4cc4-b9cc-7d3da3108fee,7aa1147c-5c8b-4c68-bc11-56ce34608689,长安,风味屋,风味屋,Single source drink; safe to create as standalone product if this row should enter pool.
candidate_0134,single_drink,create_product_then_link_source_drinks,长相思,,,明日酿造,明日酿造,,,,,,,,,active,production_drinks_2026-06-30_conservative_exact_key,1,1,0,1,44a4429c-fb70-47a5-923b-370fce8f0110,44a4429c-fb70-47a5-923b-370fce8f167e,长相思,明日酿造,明日酿造,Single source drink; safe to create as standalone product if this row should enter pool.
candidate_0478,single_drink,create_product_then_link_source_drinks,长相思,,,蔓延,蔓延,香槟帝国啤酒,9.4,,武汉,,https://agtujigvxxdppngirqtu.supabase.co/storage/v1/object/public/taplist-media/82bf1237-e90c-4379-a2bc-a6dad2726b93/drinks/05debf0a-72c5-4ecb-a9f6-916ceb596893/no-menu-beer-artwork__38_.jpg,,,active,production_drinks_2026-06-30_conservative_exact_key,1,1,1,1,05debf0a-72c5-4ecb-a9f6-916ceb596893,82bf1237-e90c-4379-a2bc-a6dad2726b93,长相思,蔓延,蔓延,Single source drink; safe to create as standalone product if this row should enter pool.
candidate_0494,single_drink,create_product_then_link_source_drinks,整个花活,,,艾尔复兴,艾尔复兴,甜点奶昔酸艾尔,4,,美国,,https://agtujigvxxdppngirqtu.supabase.co/storage/v1/object/public/taplist-media/7aa1147c-5c8b-4c68-bc11-56ce34608689/drinks/12f1c7bc-9113-46a6-9d18-fb6275c9dd11/no-menu-beer-artwork__54_.jpg,,,active,production_drinks_2026-06-30_conservative_exact_key,1,1,1,1,12f1c7bc-9113-46a6-9d18-fb6275c9dd11,7aa1147c-5c8b-4c68-bc11-56ce34608689,整个花活,艾尔复兴,艾尔复兴,Single source drink; safe to create as standalone product if this row should enter pool.
candidate_0113,single_drink,create_product_then_link_source_drinks,纸飞机 橘啵啵 橘子柠檬茉莉花茶西达 473ML,,,,,,,,,,,,,active,production_drinks_2026-06-30_conservative_exact_key,1,1,0,0,ffe42bf3-9287-4f23-a5db-394c47a1851d,00000000-0000-0000-0000-000000000001,纸飞机 橘啵啵 橘子柠檬茉莉花茶西达 473ML,,,Single source drink; safe to create as standalone product if this row should enter pool.
candidate_0133,single_drink,create_product_then_link_source_drinks,纸飞机 直到海水变蓝 社交IPA 473ML,,,,,,,,,,,,,active,production_drinks_2026-06-30_conservative_exact_key,1,1,0,0,1de04bd6-6119-434b-8c21-ea6205af65e7,00000000-0000-0000-0000-000000000001,纸飞机 直到海水变蓝 社交IPA 473ML,,,Single source drink; safe to create as standalone product if this row should enter pool.
candidate_0407,single_drink,create_product_then_link_source_drinks,志气,,,花雅酿造,花雅酿造,,,,,,https://agtujigvxxdppngirqtu.supabase.co/storage/v1/object/public/taplist-media/b4c33fea-51e3-426d-9dfa-b13947153ac2/drinks/c41dd690-5899-4062-8799-25a5c1371fd6/no-menu-beer-artwork__15_.jpg,,,active,production_drinks_2026-06-30_conservative_exact_key,1,1,0,1,c41dd690-5899-4062-8799-25a5c1371fd6,b4c33fea-51e3-426d-9dfa-b13947153ac2,志气,花雅酿造,花雅酿造,Single source drink; safe to create as standalone product if this row should enter pool.
candidate_0069,single_drink,create_product_then_link_source_drinks,智利蜂鸟琼瑶浆半干白,,,,,,,,,,,,,active,production_drinks_2026-06-30_conservative_exact_key,1,1,0,0,921eaee7-328b-4470-a308-0986d71a1c08,00000000-0000-0000-0000-000000000001,智利蜂鸟琼瑶浆半干白,,,Single source drink; safe to create as standalone product if this row should enter pool.
candidate_0303,single_drink,create_product_then_link_source_drinks,智美银帽,,,智美,智美,,,,,,,,,active,production_drinks_2026-06-30_conservative_exact_key,1,1,0,1,ca3c1606-4cd0-4b55-a928-e9593b86b921,283206e3-22d9-4a54-b8a5-70694b1ec062,智美银帽,智美,智美,Single source drink; safe to create as standalone product if this row should enter pool.
candidate_0654,single_drink,create_product_then_link_source_drinks,中古小丑,,,艾尔复兴*布鲁乔司,艾尔复兴*布鲁乔司,新英格兰帝国IPA,8,,美国,,https://agtujigvxxdppngirqtu.supabase.co/storage/v1/object/public/taplist-media/7cce9b27-acd5-4bdc-a302-153c8245a1c1/drinks/b5da291a-1c7b-46f1-a2aa-96c784d8d391/________________.jpg,,,active,production_drinks_2026-06-30_conservative_exact_key,1,1,1,1,b5da291a-1c7b-46f1-a2aa-96c784d8d391,7cce9b27-acd5-4bdc-a302-153c8245a1c1,中古小丑,艾尔复兴*布鲁乔司,艾尔复兴*布鲁乔司,Single source drink; safe to create as standalone product if this row should enter pool.
candidate_0532,single_drink,create_product_then_link_source_drinks,重逢,,,山雀,山雀,双倍浑浊IPA,8,,上海,,https://agtujigvxxdppngirqtu.supabase.co/storage/v1/object/public/taplist-media/00234890-ee30-4985-992d-98ab8ce1d5de/drinks/307757c5-d92c-4b35-aabb-0373e54fe7b6/no-menu-beer-artwork__8_.jpg,,,active,production_drinks_2026-06-30_conservative_exact_key,1,1,1,1,307757c5-d92c-4b35-aabb-0373e54fe7b6,00234890-ee30-4985-992d-98ab8ce1d5de,重逢,山雀,山雀,Single source drink; safe to create as standalone product if this row should enter pool.
candidate_0422,single_drink,create_product_then_link_source_drinks,紫露,,,洄游,洄游,,,,,,,,,active,production_drinks_2026-06-30_conservative_exact_key,1,1,0,1,a85e5c3c-fc3c-40ba-8e34-6c59dcda43f3,81a90487-39c9-46bb-b221-68ff631275d6,紫露,洄游,洄游,Single source drink; safe to create as standalone product if this row should enter pool.
candidate_0527,single_drink,create_product_then_link_source_drinks,自然呼唤,,,山乘,山乘,,,,,,https://agtujigvxxdppngirqtu.supabase.co/storage/v1/object/public/taplist-media/13b6f277-ab0d-4c19-ba8a-d97a5af9f51d/drinks/6b74570d-0382-4241-b1d6-83c8f3e8ab92/no-menu-beer-artwork__81_.jpg,,,active,production_drinks_2026-06-30_conservative_exact_key,1,1,0,1,6b74570d-0382-4241-b1d6-83c8f3e8ab92,13b6f277-ab0d-4c19-ba8a-d97a5af9f51d,自然呼唤,山乘,山乘,Single source drink; safe to create as standalone product if this row should enter pool.
candidate_0628,single_drink,create_product_then_link_source_drinks,自在跑,,,左手巨人,左手巨人,无醇IPA,0.5,,英国,,https://agtujigvxxdppngirqtu.supabase.co/storage/v1/object/public/taplist-media/27c1beca-c912-4f4a-bee5-3ccf0e5d981f/drinks/8f50ea9b-47f5-4842-83aa-e42509546bab/_________.png,,,active,production_drinks_2026-06-30_conservative_exact_key,1,1,1,1,8f50ea9b-47f5-4842-83aa-e42509546bab,27c1beca-c912-4f4a-bee5-3ccf0e5d981f,自在跑,左手巨人,左手巨人,Single source drink; safe to create as standalone product if this row should enter pool.
candidate_0672,single_drink,create_product_then_link_source_drinks,最佳状态,,,叁酉,叁酉,双倍干投浑浊IPA,6.5,,,,https://agtujigvxxdppngirqtu.supabase.co/storage/v1/object/public/taplist-media/13b6f277-ab0d-4c19-ba8a-d97a5af9f51d/drinks/ee40dddb-966d-4aa6-a798-66d039813caf/no-menu-beer-artwork__20_.jpg,,,active,production_drinks_2026-06-30_conservative_exact_key,1,1,1,1,ee40dddb-966d-4aa6-a798-66d039813caf,13b6f277-ab0d-4c19-ba8a-d97a5af9f51d,最佳状态,叁酉,叁酉,Single source drink; safe to create as standalone product if this row should enter pool.
candidate_0681,single_drink,create_product_then_link_source_drinks,醉狗Vol.03,,,Alus,Alus,西海岸IPA,6.9,,深圳,,https://agtujigvxxdppngirqtu.supabase.co/storage/v1/object/public/taplist-media/494bcf1f-8346-480f-a396-204b104c9313/drinks/9b0c3af5-2846-4613-906a-0ae79c450478/no-menu-beer-artwork__26_.jpg,,,active,production_drinks_2026-06-30_conservative_exact_key,1,1,1,1,9b0c3af5-2846-4613-906a-0ae79c450478,494bcf1f-8346-480f-a396-204b104c9313,醉狗Vol.03,Alus,Alus,Single source drink; safe to create as standalone product if this row should enter pool.
candidate_0416,single_drink,create_product_then_link_source_drinks,醉佳,,,辉光,辉光,,,,,,https://agtujigvxxdppngirqtu.supabase.co/storage/v1/object/public/taplist-media/c3af90db-9734-4750-927c-38f6b37fb3e0/drinks/0f6b08a0-4732-4058-8816-dbe2acc2af5a/_____.jpg,,,active,production_drinks_2026-06-30_conservative_exact_key,1,1,0,1,0f6b08a0-4732-4058-8816-dbe2acc2af5a,c3af90db-9734-4750-927c-38f6b37fb3e0,醉佳,辉光,辉光,Single source drink; safe to create as standalone product if this row should enter pool.
candidate_0393,single_drink,create_product_then_link_source_drinks,Absolutely Nothing,,,Clag Brewing Company,Clag Brewing Company,浑浊IPA,7,,美国,,https://agtujigvxxdppngirqtu.supabase.co/storage/v1/object/public/taplist-media/831db2a1-ee47-4d88-9c0b-3e19a5668d6d/drinks/93ae7684-2b35-44ee-acf3-9d11d4e0f07e/Clag_Brewing_Company___Absolutely_Nothing.jpg,,,active,production_drinks_2026-06-30_conservative_exact_key,1,1,1,1,93ae7684-2b35-44ee-acf3-9d11d4e0f07e,831db2a1-ee47-4d88-9c0b-3e19a5668d6d,Absolutely Nothing,Clag Brewing Company,Clag Brewing Company,Single source drink; safe to create as standalone product if this row should enter pool.
candidate_0246,single_drink,create_product_then_link_source_drinks,Chepedelic,,,ISM Brewing,ISM Brewing,,,,,,https://agtujigvxxdppngirqtu.supabase.co/storage/v1/object/public/taplist-media/494bcf1f-8346-480f-a396-204b104c9313/drinks/6645e492-ea9a-43b3-9ca7-96a937fa6b26/no-menu-beer-artwork__74_.jpg,,,active,production_drinks_2026-06-30_conservative_exact_key,1,1,0,1,6645e492-ea9a-43b3-9ca7-96a937fa6b26,494bcf1f-8346-480f-a396-204b104c9313,Chepedelic,ISM Brewing,ISM Brewing,Single source drink; safe to create as standalone product if this row should enter pool.
candidate_0582,single_drink,create_product_then_link_source_drinks,CINCO,,,SHRED,SHRED,墨西哥拉格,4.5,,美国,,https://agtujigvxxdppngirqtu.supabase.co/storage/v1/object/public/taplist-media/de4207d0-d3c8-455a-8450-0d5b3e846ff0/drinks/d84d492f-a630-49fd-9cdd-09679c0b592f/no-menu-beer-artwork__38_.jpg,,,active,production_drinks_2026-06-30_conservative_exact_key,1,1,1,1,d84d492f-a630-49fd-9cdd-09679c0b592f,de4207d0-d3c8-455a-8450-0d5b3e846ff0,CINCO,SHRED,SHRED,Single source drink; safe to create as standalone product if this row should enter pool.
candidate_0328,single_drink,create_product_then_link_source_drinks,Come back to 2016,,,明日,明日,IPA,6.6,,,,https://agtujigvxxdppngirqtu.supabase.co/storage/v1/object/public/taplist-media/1cff208a-4424-4867-966d-a7839ac59f6f/drinks/02f7db50-c0c8-4f0a-92e6-9c56901cc619/no-menu-beer-artwork__93_.jpg,,,active,production_drinks_2026-06-30_conservative_exact_key,1,1,1,1,02f7db50-c0c8-4f0a-92e6-9c56901cc619,1cff208a-4424-4867-966d-a7839ac59f6f,Come back to 2016,明日,明日,Single source drink; safe to create as standalone product if this row should enter pool.
candidate_0380,single_drink,create_product_then_link_source_drinks,Come Back to 2016,,,明日酿造,明日酿造,西海岸IPA,6.6,,上海,,https://agtujigvxxdppngirqtu.supabase.co/storage/v1/object/public/taplist-media/da21ab4e-93f7-49ca-8318-15fcbae24a93/drinks/a211483d-b5ca-494d-9a5a-52c1ae24e46c/no-menu-beer-artwork__6_.jpg,,,active,production_drinks_2026-06-30_conservative_exact_key,1,1,1,1,a211483d-b5ca-494d-9a5a-52c1ae24e46c,da21ab4e-93f7-49ca-8318-15fcbae24a93,Come Back to 2016,明日酿造,明日酿造,Single source drink; safe to create as standalone product if this row should enter pool.
candidate_0140,single_drink,create_product_then_link_source_drinks,Dale's Pale Ale,,,Oskar Blues,Oskar Blues,,,,,,https://images.unsplash.com/photo-1618885472179-5e474019f2a9?auto=format&fit=crop&w=900&q=80,,,active,production_drinks_2026-06-30_conservative_exact_key,1,1,1,1,d1000001-0001-4001-8001-000000000403,b1000001-0001-4001-8001-000000000004,Dale's Pale Ale,Oskar Blues,Oskar Blues,Single source drink; safe to create as standalone product if this row should enter pool.
candidate_0131,single_drink,create_product_then_link_source_drinks,DIPA,,,Monkish,Monkish,,,,,,https://images.unsplash.com/photo-1571613316887-6f8d5cbf7ef7?auto=format&fit=crop&w=900&q=80,,,active,production_drinks_2026-06-30_conservative_exact_key,1,1,1,1,d1000001-0001-4001-8001-000000000402,b1000001-0001-4001-8001-000000000004,DIPA,Monkish,Monkish,Single source drink; safe to create as standalone product if this row should enter pool.
candidate_0279,single_drink,create_product_then_link_source_drinks,DR 凉茶,,,Dr.Lab,Dr.Lab,超深烘超苦黑拉格,5,,,,https://agtujigvxxdppngirqtu.supabase.co/storage/v1/object/public/taplist-media/3d6cb427-a8c3-4583-a7c4-5a3ad9f5f787/drinks/37c24c34-c917-404f-9320-fd808789a3d3/_____20260604223639_96_60.jpg,,,active,production_drinks_2026-06-30_conservative_exact_key,1,1,1,1,37c24c34-c917-404f-9320-fd808789a3d3,3d6cb427-a8c3-4583-a7c4-5a3ad9f5f787,DR 凉茶,Dr.Lab,Dr.Lab,Single source drink; safe to create as standalone product if this row should enter pool.
candidate_0180,single_drink,create_product_then_link_source_drinks,Fredrick's Violin V26,,,Dr.Lab,Dr.Lab,,,,,,https://agtujigvxxdppngirqtu.supabase.co/storage/v1/object/public/taplist-media/3d6cb427-a8c3-4583-a7c4-5a3ad9f5f787/drinks/3d6cb427-a8c3-4583-a7c4-5a3ad9f5f507/no-menu-beer-artwork__8_.jpg,,,active,production_drinks_2026-06-30_conservative_exact_key,1,1,0,1,3d6cb427-a8c3-4583-a7c4-5a3ad9f5f507,3d6cb427-a8c3-4583-a7c4-5a3ad9f5f787,Fredrick's Violin V26,Dr.Lab,Dr.Lab,Single source drink; safe to create as standalone product if this row should enter pool.
candidate_0673,single_drink,create_product_then_link_source_drinks,Fresh Hop,,,酒花名族,酒花民族,Chop IPA,6,,澳大利亚,,https://agtujigvxxdppngirqtu.supabase.co/storage/v1/object/public/taplist-media/a4f4002f-fccd-41dd-bbc5-153d30fc5385/drinks/5f9567a5-9be2-4334-9677-d482c7b90e1e/no-menu-beer-artwork__22_.jpg,,,active,production_drinks_2026-06-30_conservative_exact_key,1,1,1,1,5f9567a5-9be2-4334-9677-d482c7b90e1e,a4f4002f-fccd-41dd-bbc5-153d30fc5385,Fresh Hop,酒花名族,酒花民族,Single source drink; safe to create as standalone product if this row should enter pool.
candidate_0166,single_drink,create_product_then_link_source_drinks,Kid Casino,,,僧侣,僧侣,DDH Hazy DIPA,8.6,,,,https://agtujigvxxdppngirqtu.supabase.co/storage/v1/object/public/taplist-media/3d6cb427-a8c3-4583-a7c4-5a3ad9f5f787/drinks/3d6cb427-a8c3-4583-a7c4-5a3ad9f5f506/no-menu-beer-artwork__7_.jpg,,,active,production_drinks_2026-06-30_conservative_exact_key,1,1,1,1,3d6cb427-a8c3-4583-a7c4-5a3ad9f5f506,3d6cb427-a8c3-4583-a7c4-5a3ad9f5f787,Kid Casino,僧侣,僧侣,Single source drink; safe to create as standalone product if this row should enter pool.
candidate_0257,single_drink,create_product_then_link_source_drinks,LIMA,,,Derive Brewery,Derive Brewery,,,,,,https://agtujigvxxdppngirqtu.supabase.co/storage/v1/object/public/taplist-media/494bcf1f-8346-480f-a396-204b104c9313/drinks/79e88d38-296a-46aa-bebd-e8d48aebb48e/no-menu-beer-artwork__62_.jpg,,,active,production_drinks_2026-06-30_conservative_exact_key,1,1,0,1,79e88d38-296a-46aa-bebd-e8d48aebb48e,494bcf1f-8346-480f-a396-204b104c9313,LIMA,Derive Brewery,Derive Brewery,Single source drink; safe to create as standalone product if this row should enter pool.
candidate_0394,single_drink,create_product_then_link_source_drinks,Little Egg,,,Everywhere,Everywhere,新西兰IPA,5.4,,美国,,https://agtujigvxxdppngirqtu.supabase.co/storage/v1/object/public/taplist-media/831db2a1-ee47-4d88-9c0b-3e19a5668d6d/drinks/e7935425-de93-4f72-a8ed-41067e099af8/no-menu-beer-artwork__16_.jpg,,,active,production_drinks_2026-06-30_conservative_exact_key,1,1,1,1,e7935425-de93-4f72-a8ed-41067e099af8,831db2a1-ee47-4d88-9c0b-3e19a5668d6d,Little Egg,Everywhere,Everywhere,Single source drink; safe to create as standalone product if this row should enter pool.
candidate_0195,single_drink,create_product_then_link_source_drinks,Lux,,,Bissell Brothers Brewing,Bissell Brothers Brewing,,,,,,,,,active,production_drinks_2026-06-30_conservative_exact_key,1,1,0,1,df810ea7-5fe1-4584-8cf6-257241a7376d,831db2a1-ee47-4d88-9c0b-3e19a5668d6d,Lux,Bissell Brothers Brewing,Bissell Brothers Brewing,Single source drink; safe to create as standalone product if this row should enter pool.
candidate_0465,single_drink,create_product_then_link_source_drinks,Motu-Moment,,,Origin 4,Origin 4,,,,,,,,,active,production_drinks_2026-06-30_conservative_exact_key,1,1,0,1,40a211f9-fe18-45c8-b651-1514d4078577,1cff208a-4424-4867-966d-a7839ac59f6f,Motu-Moment,Origin 4,Origin 4,Single source drink; safe to create as standalone product if this row should enter pool.
candidate_0468,single_drink,create_product_then_link_source_drinks,Motu-Moment,,,Origin4,Origin4,淡色艾尔,5.2,,上海,,,,,active,production_drinks_2026-06-30_conservative_exact_key,1,1,1,1,30cb5100-a304-4731-92ff-2fa280e53551,1cff208a-4424-4867-966d-a7839ac59f6f,Motu-Moment,Origin4,Origin4,Single source drink; safe to create as standalone product if this row should enter pool.
candidate_0683,single_drink,create_product_then_link_source_drinks,Naive,,,撬啤酿造,撬啤酿造,亚当苹果汁,0,,,,,,,active,production_drinks_2026-06-30_conservative_exact_key,1,1,1,1,d804e7a8-40a0-48c1-a926-a1ce0c3b7910,d897a73b-37fb-4c57-af0f-79d8759173cb,Naive,撬啤酿造,撬啤酿造,Single source drink; safe to create as standalone product if this row should enter pool.
candidate_0261,single_drink,create_product_then_link_source_drinks,Nebula Nectar,,,裂变酿造,裂变酿造,,,,,,https://agtujigvxxdppngirqtu.supabase.co/storage/v1/object/public/taplist-media/494bcf1f-8346-480f-a396-204b104c9313/drinks/dd0128c7-16f1-48c5-aff9-595f75528362/no-menu-beer-artwork__61_.jpg,,,active,production_drinks_2026-06-30_conservative_exact_key,1,1,0,1,dd0128c7-16f1-48c5-aff9-595f75528362,494bcf1f-8346-480f-a396-204b104c9313,Nebula Nectar,裂变酿造,裂变酿造,Single source drink; safe to create as standalone product if this row should enter pool.
candidate_0286,single_drink,create_product_then_link_source_drinks,Nippori 日暮里,,,2062&独墨,2062&独墨,Red Ale,5.6,,上海&石家庄,,https://agtujigvxxdppngirqtu.supabase.co/storage/v1/object/public/taplist-media/4d1da7d9-8b21-4706-b535-355b9ff79388/drinks/35831510-3fca-4fcd-be36-20d4512b3825/no-menu-beer-artwork__83_.jpg,,,active,production_drinks_2026-06-30_conservative_exact_key,1,1,1,1,35831510-3fca-4fcd-be36-20d4512b3825,4d1da7d9-8b21-4706-b535-355b9ff79388,Nippori 日暮里,2062&独墨,2062&独墨,Single source drink; safe to create as standalone product if this row should enter pool.
candidate_0120,single_drink,create_product_then_link_source_drinks,Pale Ale,,,Sierra Nevada,Sierra Nevada,,,,,,https://images.unsplash.com/photo-1600788886242-5c96aabe3757?auto=format&fit=crop&w=900&q=80,,,active,production_drinks_2026-06-30_conservative_exact_key,1,1,1,1,d1000001-0001-4001-8001-000000000201,b1000001-0001-4001-8001-000000000002,Pale Ale,Sierra Nevada,Sierra Nevada,Single source drink; safe to create as standalone product if this row should enter pool.
candidate_0183,single_drink,create_product_then_link_source_drinks,Powder Hound无序双板滑雪,,,OOO:,OOO:,,,,,,,,,active,production_drinks_2026-06-30_conservative_exact_key,1,1,0,1,90d30cd3-5bf4-4d9a-8336-123d7b2e2030,57d005da-1193-4bd2-955a-ef6b9653516d,Powder Hound无序双板滑雪,OOO:,OOO:,Single source drink; safe to create as standalone product if this row should enter pool.
candidate_0207,single_drink,create_product_then_link_source_drinks,Raveyard,,,旺达Wondrous•Raveyard,旺达Wondrous,Unfiltered IPA,6.6,,,,https://agtujigvxxdppngirqtu.supabase.co/storage/v1/object/public/taplist-media/3d6cb427-a8c3-4583-a7c4-5a3ad9f5f787/drinks/e8f27b98-9773-4bad-9654-9a93fca55c35/no-menu-beer-artwork__33_.jpg,,,active,production_drinks_2026-06-30_conservative_exact_key,1,1,1,1,e8f27b98-9773-4bad-9654-9a93fca55c35,3d6cb427-a8c3-4583-a7c4-5a3ad9f5f787,Raveyard,旺达Wondrous•Raveyard,旺达Wondrous,Single source drink; safe to create as standalone product if this row should enter pool.
candidate_0123,single_drink,create_product_then_link_source_drinks,Saison,,,Allagash,Allagash,,,,,,https://images.unsplash.com/photo-1535958636474-b021ee887b13?auto=format&fit=crop&w=900&q=80,,,active,production_drinks_2026-06-30_conservative_exact_key,1,1,1,1,d1000001-0001-4001-8001-000000000204,b1000001-0001-4001-8001-000000000002,Saison,Allagash,Allagash,Single source drink; safe to create as standalone product if this row should enter pool.
candidate_0013,single_drink,create_product_then_link_source_drinks,SAPPORO/ KIRIN,,,,,,,,,,,,,active,production_drinks_2026-06-30_conservative_exact_key,1,1,0,0,73fc76f4-6dd6-47da-a8d0-ce0c8160d33e,00000000-0000-0000-0000-000000000001,SAPPORO/ KIRIN,,,Single source drink; safe to create as standalone product if this row should enter pool.
candidate_0517,single_drink,create_product_then_link_source_drinks,Steal This Beer,,,欧米尼珀罗X深酥,欧米尼珀罗X深酥,帝国IPA,8,,瑞典,,https://agtujigvxxdppngirqtu.supabase.co/storage/v1/object/public/taplist-media/57d005da-1193-4bd2-955a-ef6b9653516d/drinks/e54e17ed-9dc6-4df2-b235-ceb912373044/no-menu-beer-artwork__57_.jpg,,,active,production_drinks_2026-06-30_conservative_exact_key,1,1,1,1,e54e17ed-9dc6-4df2-b235-ceb912373044,57d005da-1193-4bd2-955a-ef6b9653516d,Steal This Beer,欧米尼珀罗X深酥,欧米尼珀罗X深酥,Single source drink; safe to create as standalone product if this row should enter pool.
candidate_0186,single_drink,create_product_then_link_source_drinks,Sweep Broom Peel无序冰壶,,,OOO:,OOO:,,,,,,,,,active,production_drinks_2026-06-30_conservative_exact_key,1,1,0,1,f16eaf15-17f2-4f45-aa9e-5720f2d5fb15,57d005da-1193-4bd2-955a-ef6b9653516d,Sweep Broom Peel无序冰壶,OOO:,OOO:,Single source drink; safe to create as standalone product if this row should enter pool.
candidate_0125,single_drink,create_product_then_link_source_drinks,Two Hearted IPA,,,Bell's,Bell's,,,,,,https://images.unsplash.com/photo-1600788886242-5c96aabe3757?auto=format&fit=crop&w=900&q=80,,,active,production_drinks_2026-06-30_conservative_exact_key,1,1,1,1,d1000001-0001-4001-8001-000000000301,b1000001-0001-4001-8001-000000000003,Two Hearted IPA,Bell's,Bell's,Single source drink; safe to create as standalone product if this row should enter pool.
