candidate_id,confidence,recommended_action,name,name_en,aliases,brand_name,brewery,beer_style,abv,ibu,country,origin_region,image_url,description,tasting_note,status,source,source_drink_count,source_tenant_count,public_visible_count,enabled_count,source_drink_ids,source_tenant_ids,source_names,source_brand_names,source_breweries,review_note
candidate_0159,exact_brand_name_match,create_product_then_link_source_drinks,喵醺,,,Alus,Alus,,,,,,https://agtujigvxxdppngirqtu.supabase.co/storage/v1/object/public/taplist-media/81a90487-39c9-46bb-b221-68ff631275d6/drinks/a21803a7-2d2b-47ee-8bf0-e794e10744e3/no-menu-beer-artwork__26_.jpg,,,active,production_drinks_2026-06-30_conservative_exact_key,3,2,0,1,493f723f-4886-47cb-ad52-9bf7348163b5|a21803a7-2d2b-47ee-8bf0-e794e10744e3|2bebe397-2f85-48a5-8799-5250ff20b541,81a90487-39c9-46bb-b221-68ff631275d6|c3af90db-9734-4750-927c-38f6b37fb3e0,喵醺,Alus,Alus,Exact normalized brand+name matched. Still review before merging if packaging/bar-specific naming differs.
candidate_0173,exact_brand_name_match,create_product_then_link_source_drinks,南方,,,Alus,Alus,,,,,,https://agtujigvxxdppngirqtu.supabase.co/storage/v1/object/public/taplist-media/81a90487-39c9-46bb-b221-68ff631275d6/drinks/ece461ac-2c0b-4c6d-bd91-0cac5bb7d8a4/no-menu-beer-artwork__1_.jpg,,,active,production_drinks_2026-06-30_conservative_exact_key,3,2,0,3,ece461ac-2c0b-4c6d-bd91-0cac5bb7d8a4|e7dde07b-11d6-4310-86fb-91d8ad0eac28|7771ff07-fcdc-427c-a354-335051e917ca,81a90487-39c9-46bb-b221-68ff631275d6|7aa1147c-5c8b-4c68-bc11-56ce34608689,南方,Alus,Alus,Exact normalized brand+name matched. Still review before merging if packaging/bar-specific naming differs.
candidate_0355,exact_brand_name_match,create_product_then_link_source_drinks,阿罗哈POG西打,,,佳卡哈,佳卡哈,,,,,,https://agtujigvxxdppngirqtu.supabase.co/storage/v1/object/public/taplist-media/494bcf1f-8346-480f-a396-204b104c9313/drinks/b73ea8ab-168d-4857-b2ca-0c88c65d27ba/no-menu-beer-artwork__5_.jpg,,,active,production_drinks_2026-06-30_conservative_exact_key,2,2,0,2,558647b4-cdd4-43e1-b137-6de18c2019f8|b73ea8ab-168d-4857-b2ca-0c88c65d27ba,7aa1147c-5c8b-4c68-bc11-56ce34608689|494bcf1f-8346-480f-a396-204b104c9313,阿罗哈POG西打,佳卡哈,佳卡哈,Exact normalized brand+name matched. Still review before merging if packaging/bar-specific naming differs.
candidate_0464,exact_brand_name_match,create_product_then_link_source_drinks,白拉格2026,,,Fever,Fever,,,,,,https://agtujigvxxdppngirqtu.supabase.co/storage/v1/object/public/taplist-media/7cce9b27-acd5-4bdc-a302-153c8245a1c1/drinks/a734c1a9-99c4-4060-a901-b410cd9cdccf/no-menu-beer-artwork__24_.jpg,,,active,production_drinks_2026-06-30_conservative_exact_key,2,2,0,2,a734c1a9-99c4-4060-a901-b410cd9cdccf|b43a966c-5c24-4602-8073-d6cee91bec59,7cce9b27-acd5-4bdc-a302-153c8245a1c1|283206e3-22d9-4a54-b8a5-70694b1ec062,白拉格2026,Fever,Fever,Exact normalized brand+name matched. Still review before merging if packaging/bar-specific naming differs.
candidate_0431,exact_brand_name_match,create_product_then_link_source_drinks,白日梦,,,辉光,辉光,,,,,,https://agtujigvxxdppngirqtu.supabase.co/storage/v1/object/public/taplist-media/c3af90db-9734-4750-927c-38f6b37fb3e0/drinks/545fd669-0d8c-4aac-b24c-6a3cde97ff52/______.png,,,active,production_drinks_2026-06-30_conservative_exact_key,2,2,0,2,545fd669-0d8c-4aac-b24c-6a3cde97ff52|720a7dcc-769f-43d3-b427-7b18dc9401c8,c3af90db-9734-4750-927c-38f6b37fb3e0|283206e3-22d9-4a54-b8a5-70694b1ec062,白日梦,辉光,辉光,Exact normalized brand+name matched. Still review before merging if packaging/bar-specific naming differs.
candidate_0234,exact_brand_name_match,create_product_then_link_source_drinks,白天使,,,玄水屋,玄水屋,,,,,,https://agtujigvxxdppngirqtu.supabase.co/storage/v1/object/public/taplist-media/283206e3-22d9-4a54-b8a5-70694b1ec062/drinks/78f27fb8-ffcc-4ced-8f13-c98cd3cb3034/no-menu-beer-artwork_-_2026-06-07T193736.739.jpg,,,active,production_drinks_2026-06-30_conservative_exact_key,2,2,0,2,2408feaa-3bca-4eb8-8036-90c30ee5b25b|78f27fb8-ffcc-4ced-8f13-c98cd3cb3034,d897a73b-37fb-4c57-af0f-79d8759173cb|283206e3-22d9-4a54-b8a5-70694b1ec062,白天使,玄水屋,玄水屋,Exact normalized brand+name matched. Still review before merging if packaging/bar-specific naming differs.
candidate_0179,exact_brand_name_match,create_product_then_link_source_drinks,北地显影,,,蔓延,蔓延,,,,,,,,,active,production_drinks_2026-06-30_conservative_exact_key,2,2,0,2,4d1da7d9-8b21-4706-b535-355b9ff70102|60161074-2410-42f8-b5a4-8a3c65593fab,4d1da7d9-8b21-4706-b535-355b9ff79388|57d005da-1193-4bd2-955a-ef6b9653516d,北地显影,蔓延,蔓延,Exact normalized brand+name matched. Still review before merging if packaging/bar-specific naming differs.
candidate_0503,exact_brand_name_match,create_product_then_link_source_drinks,潮汐热吻,,,以及,以及,,,,,,https://agtujigvxxdppngirqtu.supabase.co/storage/v1/object/public/taplist-media/81a90487-39c9-46bb-b221-68ff631275d6/drinks/d367fdfd-b335-4c60-8700-3dbdf27cc269/no-menu-beer-artwork__60_.jpg,,,active,production_drinks_2026-06-30_conservative_exact_key,2,1,0,2,c991c37a-8b4b-4ec5-a146-b0e32c9fe0f2|d367fdfd-b335-4c60-8700-3dbdf27cc269,81a90487-39c9-46bb-b221-68ff631275d6,潮汐热吻,以及,以及,Exact normalized brand+name matched. Still review before merging if packaging/bar-specific naming differs.
candidate_0191,exact_brand_name_match,create_product_then_link_source_drinks,副本,,,浦江半岛,浦江半岛,,,,,,https://agtujigvxxdppngirqtu.supabase.co/storage/v1/object/public/taplist-media/4d1da7d9-8b21-4706-b535-355b9ff79388/drinks/4d1da7d9-8b21-4706-b535-355b9ff70105/no-menu-beer-artwork__17_.jpg,,,active,production_drinks_2026-06-30_conservative_exact_key,2,2,0,2,4d1da7d9-8b21-4706-b535-355b9ff70105|41a7c973-03e8-423a-9829-16ccc1ddb9d1,4d1da7d9-8b21-4706-b535-355b9ff79388|13b6f277-ab0d-4c19-ba8a-d97a5af9f51d,副本,浦江半岛,浦江半岛,Exact normalized brand+name matched. Still review before merging if packaging/bar-specific naming differs.
candidate_0162,exact_brand_name_match,create_product_then_link_source_drinks,谷仓铜,,,Fever,Fever,,,,,,https://agtujigvxxdppngirqtu.supabase.co/storage/v1/object/public/taplist-media/2c191730-69f6-4031-8256-91aa59e5bc52/drinks/6fc0f737-7b31-416f-b5aa-f197d20a416e/no-menu-beer-artwork__70_.jpg,,,active,production_drinks_2026-06-30_conservative_exact_key,2,2,0,1,04045c1e-642a-467f-be0c-3cf1031f1b70|6fc0f737-7b31-416f-b5aa-f197d20a416e,81a90487-39c9-46bb-b221-68ff631275d6|2c191730-69f6-4031-8256-91aa59e5bc52,谷仓铜,Fever|FEVER,Fever|FEVER,Exact normalized brand+name matched. Still review before merging if packaging/bar-specific naming differs.
candidate_0319,exact_brand_name_match,create_product_then_link_source_drinks,果味满满,,,回头客,回头客,,,,,,https://agtujigvxxdppngirqtu.supabase.co/storage/v1/object/public/taplist-media/283206e3-22d9-4a54-b8a5-70694b1ec062/drinks/d07741c4-3943-426c-af05-6908d7c4f63a/no-menu-beer-artwork__92_.jpg,,,active,production_drinks_2026-06-30_conservative_exact_key,2,2,0,2,d07741c4-3943-426c-af05-6908d7c4f63a|7dce1b6f-0f72-4a76-804b-29b514410ee0,283206e3-22d9-4a54-b8a5-70694b1ec062|c3af90db-9734-4750-927c-38f6b37fb3e0,果味满满,回头客,回头客,Exact normalized brand+name matched. Still review before merging if packaging/bar-specific naming differs.
candidate_0353,exact_brand_name_match,create_product_then_link_source_drinks,寒鸦与钟声,,,彼岸酿造,彼岸酿造,,,,,,https://agtujigvxxdppngirqtu.supabase.co/storage/v1/object/public/taplist-media/494bcf1f-8346-480f-a396-204b104c9313/drinks/d06d6219-2e87-4fb3-adf6-a1247f953050/no-menu-beer-artwork__1_.jpg,,,active,production_drinks_2026-06-30_conservative_exact_key,2,2,0,2,883c61a5-dac8-454b-b97a-e5296016faab|d06d6219-2e87-4fb3-adf6-a1247f953050,7aa1147c-5c8b-4c68-bc11-56ce34608689|494bcf1f-8346-480f-a396-204b104c9313,寒鸦与钟声,彼岸酿造,彼岸酿造,Exact normalized brand+name matched. Still review before merging if packaging/bar-specific naming differs.
candidate_0132,exact_brand_name_match,create_product_then_link_source_drinks,黄河之水,,,或不凡,或不凡,,,,,,,,,active,production_drinks_2026-06-30_conservative_exact_key,2,2,0,2,44a4429c-fb70-47a5-923b-370fce8f0108|b03bd279-f7e0-42f4-9692-b35ac88e408d,44a4429c-fb70-47a5-923b-370fce8f167e|81a90487-39c9-46bb-b221-68ff631275d6,黄河之水,或不凡,或不凡,Exact normalized brand+name matched. Still review before merging if packaging/bar-specific naming differs.
candidate_0358,exact_brand_name_match,create_product_then_link_source_drinks,今日与春风相会,,,云朴精酿,云朴精酿,,,,,,https://agtujigvxxdppngirqtu.supabase.co/storage/v1/object/public/taplist-media/494bcf1f-8346-480f-a396-204b104c9313/drinks/380ff1b2-db96-4791-a407-5d7b75bf0edf/no-menu-beer-artwork__3_.jpg,,,active,production_drinks_2026-06-30_conservative_exact_key,2,2,0,2,8edee3c4-0a93-4a56-ac1e-c036738d24da|380ff1b2-db96-4791-a407-5d7b75bf0edf,7aa1147c-5c8b-4c68-bc11-56ce34608689|494bcf1f-8346-480f-a396-204b104c9313,今日与春风相会,云朴精酿,云朴精酿,Exact normalized brand+name matched. Still review before merging if packaging/bar-specific naming differs.
candidate_0333,exact_brand_name_match,create_product_then_link_source_drinks,金星的日落,,,Fever,Fever,,,,,,https://agtujigvxxdppngirqtu.supabase.co/storage/v1/object/public/taplist-media/1cff208a-4424-4867-966d-a7839ac59f6f/drinks/c4d0361b-be49-4d06-abd3-39bf809cfe89/no-menu-beer-artwork__98_.jpg,,,active,production_drinks_2026-06-30_conservative_exact_key,2,2,0,2,c4d0361b-be49-4d06-abd3-39bf809cfe89|c00abd44-577a-4af3-903a-6b2751cf7eeb,1cff208a-4424-4867-966d-a7839ac59f6f|da21ab4e-93f7-49ca-8318-15fcbae24a93,金星的日落,Fever|FEVER,Fever|FEVER,Exact normalized brand+name matched. Still review before merging if packaging/bar-specific naming differs.
candidate_0356,exact_brand_name_match,create_product_then_link_source_drinks,南部之星,,,彼岸酿造,彼岸酿造,,,,,,https://agtujigvxxdppngirqtu.supabase.co/storage/v1/object/public/taplist-media/494bcf1f-8346-480f-a396-204b104c9313/drinks/a013ee16-127e-428e-8123-246fd8f2dc7b/no-menu-beer-artwork__6_.jpg,,,active,production_drinks_2026-06-30_conservative_exact_key,2,2,0,2,6f6b7d63-7da0-4a77-a210-dc104843b43f|a013ee16-127e-428e-8123-246fd8f2dc7b,7aa1147c-5c8b-4c68-bc11-56ce34608689|494bcf1f-8346-480f-a396-204b104c9313,南部之星,彼岸酿造,彼岸酿造,Exact normalized brand+name matched. Still review before merging if packaging/bar-specific naming differs.
candidate_0461,exact_brand_name_match,create_product_then_link_source_drinks,轻硫醇皮尔森,,,疯熊,疯熊,,,,,,,,,active,production_drinks_2026-06-30_conservative_exact_key,2,2,0,2,d0813363-3501-46ab-9207-e2cef2ce63d2|01efc528-8874-4dcc-a4d2-1c5aba6774f6,7cce9b27-acd5-4bdc-a302-153c8245a1c1|283206e3-22d9-4a54-b8a5-70694b1ec062,轻硫醇皮尔森,疯熊,疯熊,Exact normalized brand+name matched. Still review before merging if packaging/bar-specific naming differs.
candidate_0168,exact_brand_name_match,create_product_then_link_source_drinks,全明,,,Fever,Fever,,,,,,https://agtujigvxxdppngirqtu.supabase.co/storage/v1/object/public/taplist-media/7aa1147c-5c8b-4c68-bc11-56ce34608689/drinks/4e8264e2-5521-4906-b387-478327c0f370/no-menu-beer-artwork_-_2026-06-08T022759.072.jpg,,,active,production_drinks_2026-06-30_conservative_exact_key,2,2,0,2,4d1da7d9-8b21-4706-b535-355b9ff70106|4e8264e2-5521-4906-b387-478327c0f370,4d1da7d9-8b21-4706-b535-355b9ff79388|7aa1147c-5c8b-4c68-bc11-56ce34608689,全明,Fever,Fever,Exact normalized brand+name matched. Still review before merging if packaging/bar-specific naming differs.
candidate_0282,exact_brand_name_match,create_product_then_link_source_drinks,全视之眼,,,生命长河,生命长河,,,,,,https://agtujigvxxdppngirqtu.supabase.co/storage/v1/object/public/taplist-media/81a90487-39c9-46bb-b221-68ff631275d6/drinks/5fcf9afb-e5ff-4da0-8bf1-c20f656f3e95/no-menu-beer-artwork__87_.jpg,,,active,production_drinks_2026-06-30_conservative_exact_key,2,1,0,2,7ca8030b-20ba-41f6-8282-dbbe4ace1297|5fcf9afb-e5ff-4da0-8bf1-c20f656f3e95,81a90487-39c9-46bb-b221-68ff631275d6,全视之眼,生命长河,生命长河,Exact normalized brand+name matched. Still review before merging if packaging/bar-specific naming differs.
candidate_0154,exact_brand_name_match,create_product_then_link_source_drinks,山麓,,,会饮,会饮,,,,,,https://agtujigvxxdppngirqtu.supabase.co/storage/v1/object/public/taplist-media/81a90487-39c9-46bb-b221-68ff631275d6/drinks/4361773b-0e19-4a36-ad8f-45e6290da109/no-menu-beer-artwork__25_.jpg,,,active,production_drinks_2026-06-30_conservative_exact_key,2,1,0,2,4361773b-0e19-4a36-ad8f-45e6290da109|83b96972-e52b-46d1-90a5-f44c326f73b8,81a90487-39c9-46bb-b221-68ff631275d6,山麓,会饮,会饮,Exact normalized brand+name matched. Still review before merging if packaging/bar-specific naming differs.
candidate_0147,exact_brand_name_match,create_product_then_link_source_drinks,突袭面包店,,,谷语者,谷语者,,,,,,https://agtujigvxxdppngirqtu.supabase.co/storage/v1/object/public/taplist-media/81a90487-39c9-46bb-b221-68ff631275d6/drinks/59704f0c-eb3a-4043-a45f-d86286454e29/no-menu-beer-artwork__24_.jpg,,,active,production_drinks_2026-06-30_conservative_exact_key,2,1,0,2,441c3a33-bb7f-4a33-9752-0c27f07c9887|59704f0c-eb3a-4043-a45f-d86286454e29,81a90487-39c9-46bb-b221-68ff631275d6,突袭面包店,谷语者,谷语者,Exact normalized brand+name matched. Still review before merging if packaging/bar-specific naming differs.
candidate_0145,exact_brand_name_match,create_product_then_link_source_drinks,西普西普,,,卡布拉多,卡布拉多,,,,,,https://agtujigvxxdppngirqtu.supabase.co/storage/v1/object/public/taplist-media/81a90487-39c9-46bb-b221-68ff631275d6/drinks/b325cd7a-55c4-4c99-b8e9-365f48ea2275/no-menu-beer-artwork__27_.jpg,,,active,production_drinks_2026-06-30_conservative_exact_key,2,1,0,2,942742ae-5a27-48e8-b20c-90e1f02ee7c1|b325cd7a-55c4-4c99-b8e9-365f48ea2275,81a90487-39c9-46bb-b221-68ff631275d6,西普西普,卡布拉多,卡布拉多,Exact normalized brand+name matched. Still review before merging if packaging/bar-specific naming differs.
candidate_0152,exact_brand_name_match,create_product_then_link_source_drinks,小花冠,,,虽吴,虽吴,,,,,,https://agtujigvxxdppngirqtu.supabase.co/storage/v1/object/public/taplist-media/7aa1147c-5c8b-4c68-bc11-56ce34608689/drinks/d8368ac1-8dd5-40b8-b4bf-61e915e55372/no-menu-beer-artwork_-_2026-06-08T022655.125.jpg,,,active,production_drinks_2026-06-30_conservative_exact_key,2,2,0,2,3d6cb427-a8c3-4583-a7c4-5a3ad9f5f505|d8368ac1-8dd5-40b8-b4bf-61e915e55372,3d6cb427-a8c3-4583-a7c4-5a3ad9f5f787|7aa1147c-5c8b-4c68-bc11-56ce34608689,小花冠,虽吴,虽吴,Exact normalized brand+name matched. Still review before merging if packaging/bar-specific naming differs.
candidate_0297,exact_brand_name_match,create_product_then_link_source_drinks,业劫,,,本末·特伦,本末·特伦,,,,,,https://agtujigvxxdppngirqtu.supabase.co/storage/v1/object/public/taplist-media/283206e3-22d9-4a54-b8a5-70694b1ec062/drinks/c72e93d8-ec7f-44a8-b69d-9492605e232e/__.jpg,,,active,production_drinks_2026-06-30_conservative_exact_key,2,2,0,2,c8eb822f-58e9-4d1d-bcfd-eab18fb972ae|c72e93d8-ec7f-44a8-b69d-9492605e232e,57d005da-1193-4bd2-955a-ef6b9653516d|283206e3-22d9-4a54-b8a5-70694b1ec062,业劫,本末·特伦,本末·特伦,Exact normalized brand+name matched. Still review before merging if packaging/bar-specific naming differs.
candidate_0148,exact_brand_name_match,create_product_then_link_source_drinks,夜莺,,,野鹅,野鹅,,,,,,https://agtujigvxxdppngirqtu.supabase.co/storage/v1/object/public/taplist-media/81a90487-39c9-46bb-b221-68ff631275d6/drinks/566e3c14-9c5b-488b-923e-b7f66cae978f/no-menu-beer-artwork__31_.jpg,,,active,production_drinks_2026-06-30_conservative_exact_key,2,1,0,2,7e6d6f74-d090-45f9-99a9-60e5ea81a3f7|566e3c14-9c5b-488b-923e-b7f66cae978f,81a90487-39c9-46bb-b221-68ff631275d6,夜莺,野鹅,野鹅,Exact normalized brand+name matched. Still review before merging if packaging/bar-specific naming differs.
candidate_0174,exact_brand_name_match,create_product_then_link_source_drinks,一丛殊花,,,赤屿谷盗,赤屿谷盗,,,,,,https://agtujigvxxdppngirqtu.supabase.co/storage/v1/object/public/taplist-media/4d1da7d9-8b21-4706-b535-355b9ff79388/drinks/4d1da7d9-8b21-4706-b535-355b9ff70107/no-menu-beer-artwork__23_.jpg,,,active,production_drinks_2026-06-30_conservative_exact_key,2,2,0,2,4d1da7d9-8b21-4706-b535-355b9ff70107|d293b32a-da03-42f3-a99b-23dd828b82ad,4d1da7d9-8b21-4706-b535-355b9ff79388|82bf1237-e90c-4379-a2bc-a6dad2726b93,一丛殊花,赤屿谷盗,赤屿谷盗,Exact normalized brand+name matched. Still review before merging if packaging/bar-specific naming differs.
candidate_0371,exact_brand_name_match,create_product_then_link_source_drinks,紫露,,,洄游造物,洄游造物,,,,,,https://agtujigvxxdppngirqtu.supabase.co/storage/v1/object/public/taplist-media/81a90487-39c9-46bb-b221-68ff631275d6/drinks/68f9656e-427d-4757-9fed-b8f48b38a808/no-menu-event-image__2_.jpg,,,active,production_drinks_2026-06-30_conservative_exact_key,2,2,0,2,68f9656e-427d-4757-9fed-b8f48b38a808|aa28c24b-2738-4724-992d-bdc4b92c8387,81a90487-39c9-46bb-b221-68ff631275d6|7aa1147c-5c8b-4c68-bc11-56ce34608689,紫露,洄游造物,洄游造物,Exact normalized brand+name matched. Still review before merging if packaging/bar-specific naming differs.
candidate_0187,single_drink,create_product_then_link_source_drinks,120美元2号,,,善良胡夫,善良胡夫,,,,,,,,,active,production_drinks_2026-06-30_conservative_exact_key,1,1,0,1,39944426-0e1c-4adc-8c88-301d1d5c9277,57d005da-1193-4bd2-955a-ef6b9653516d,120美元2号,善良胡夫,善良胡夫,Single source drink; safe to create as standalone product if this row should enter pool.
candidate_0497,single_drink,create_product_then_link_source_drinks,3乘3七号,,,欧米尼珀罗,欧米尼珀罗,,,,,,https://agtujigvxxdppngirqtu.supabase.co/storage/v1/object/public/taplist-media/a4f4002f-fccd-41dd-bbc5-153d30fc5385/drinks/47d0c850-ef74-40b9-8b55-958e54edd068/no-menu-beer-artwork__47_.jpg,,,active,production_drinks_2026-06-30_conservative_exact_key,1,1,0,1,47d0c850-ef74-40b9-8b55-958e54edd068,a4f4002f-fccd-41dd-bbc5-153d30fc5385,3乘3七号,欧米尼珀罗,欧米尼珀罗,Single source drink; safe to create as standalone product if this row should enter pool.
candidate_0016,single_drink,create_product_then_link_source_drinks,阿贝10年,,,,,,,,,,,,,active,production_drinks_2026-06-30_conservative_exact_key,1,1,0,1,7b0cc0bd-1a4d-4806-ac66-8646da57f512,00000000-0000-0000-0000-000000000001,阿贝10年,,,Single source drink; safe to create as standalone product if this row should enter pool.
candidate_0305,single_drink,create_product_then_link_source_drinks,阿尔科莱,,,洛莱,洛莱,,,,,,,,,active,production_drinks_2026-06-30_conservative_exact_key,1,1,0,1,0db1661b-490d-4a1d-b75d-d4ab74dde418,57d005da-1193-4bd2-955a-ef6b9653516d,阿尔科莱,洛莱,洛莱,Single source drink; safe to create as standalone product if this row should enter pool.
candidate_0181,single_drink,create_product_then_link_source_drinks,阿尔克斯,,,洛莱,洛莱,,,,,,,,,active,production_drinks_2026-06-30_conservative_exact_key,1,1,0,1,f0f0b611-1eab-4f36-b6ee-a9548b136f8f,57d005da-1193-4bd2-955a-ef6b9653516d,阿尔克斯,洛莱,洛莱,Single source drink; safe to create as standalone product if this row should enter pool.
candidate_0211,single_drink,create_product_then_link_source_drinks,阿努尔夫街52号,,,小回酿造 / Turn Right Brewing,小回酿造 / Turn Right Brewing,,,,,,https://agtujigvxxdppngirqtu.supabase.co/storage/v1/object/public/taplist-media/831db2a1-ee47-4d88-9c0b-3e19a5668d6d/drinks/6129dcea-a0c0-44aa-a458-4fa2c68058d3/no-menu-beer-artwork__40_.jpg,,,active,production_drinks_2026-06-30_conservative_exact_key,1,1,0,1,6129dcea-a0c0-44aa-a458-4fa2c68058d3,831db2a1-ee47-4d88-9c0b-3e19a5668d6d,阿努尔夫街52号,小回酿造 / Turn Right Brewing,小回酿造 / Turn Right Brewing,Single source drink; safe to create as standalone product if this row should enter pool.
candidate_0190,single_drink,create_product_then_link_source_drinks,阿温,,,2062,2062,,,,,,https://agtujigvxxdppngirqtu.supabase.co/storage/v1/object/public/taplist-media/4d1da7d9-8b21-4706-b535-355b9ff79388/drinks/4d1da7d9-8b21-4706-b535-355b9ff70101/no-menu-beer-artwork__21_.jpg,,,active,production_drinks_2026-06-30_conservative_exact_key,1,1,0,1,4d1da7d9-8b21-4706-b535-355b9ff70101,4d1da7d9-8b21-4706-b535-355b9ff79388,阿温,2062,2062,Single source drink; safe to create as standalone product if this row should enter pool.
candidate_0365,single_drink,create_product_then_link_source_drinks,埃尔登,,,费尔岛,费尔岛,,,,,,https://agtujigvxxdppngirqtu.supabase.co/storage/v1/object/public/taplist-media/7aa1147c-5c8b-4c68-bc11-56ce34608689/drinks/1c8e4a0e-a8f0-48c3-86f4-4efd965dc3b2/no-menu-beer-artwork_-_2026-06-08T022809.059.jpg,,,active,production_drinks_2026-06-30_conservative_exact_key,1,1,0,1,1c8e4a0e-a8f0-48c3-86f4-4efd965dc3b2,7aa1147c-5c8b-4c68-bc11-56ce34608689,埃尔登,费尔岛,费尔岛,Single source drink; safe to create as standalone product if this row should enter pool.
candidate_0037,single_drink,create_product_then_link_source_drinks,艾帝达姆,,,,,,,,,,,,,active,production_drinks_2026-06-30_conservative_exact_key,1,1,0,1,dc7e6227-d9da-4b60-8873-015ce883e972,00000000-0000-0000-0000-000000000001,艾帝达姆,,,Single source drink; safe to create as standalone product if this row should enter pool.
candidate_0171,single_drink,create_product_then_link_source_drinks,艾斯高巴,,,Beerhead,Beerhead,,,,,,https://agtujigvxxdppngirqtu.supabase.co/storage/v1/object/public/taplist-media/3d6cb427-a8c3-4583-a7c4-5a3ad9f5f787/drinks/3d6cb427-a8c3-4583-a7c4-5a3ad9f5f501/no-menu-beer-artwork__6_.jpg,,,active,production_drinks_2026-06-30_conservative_exact_key,1,1,0,1,3d6cb427-a8c3-4583-a7c4-5a3ad9f5f501,3d6cb427-a8c3-4583-a7c4-5a3ad9f5f787,艾斯高巴,Beerhead,Beerhead,Single source drink; safe to create as standalone product if this row should enter pool.
candidate_0188,single_drink,create_product_then_link_source_drinks,暗椰,,,勿幕,勿幕,,,,,,,,,active,production_drinks_2026-06-30_conservative_exact_key,1,1,0,1,3d6cb427-a8c3-4583-a7c4-5a3ad9f5f508,3d6cb427-a8c3-4583-a7c4-5a3ad9f5f787,暗椰,勿幕,勿幕,Single source drink; safe to create as standalone product if this row should enter pool.
candidate_0259,single_drink,create_product_then_link_source_drinks,芭比之殇,,,闪电萨拉玛,闪电萨拉玛,,,,,,https://agtujigvxxdppngirqtu.supabase.co/storage/v1/object/public/taplist-media/a4f4002f-fccd-41dd-bbc5-153d30fc5385/drinks/78b9c9f7-1419-4359-a2d4-b4d1df7ab3be/no-menu-beer-artwork__67_.jpg,,,active,production_drinks_2026-06-30_conservative_exact_key,1,1,0,1,78b9c9f7-1419-4359-a2d4-b4d1df7ab3be,a4f4002f-fccd-41dd-bbc5-153d30fc5385,芭比之殇,闪电萨拉玛,闪电萨拉玛,Single source drink; safe to create as standalone product if this row should enter pool.
candidate_0189,single_drink,create_product_then_link_source_drinks,芭适,,,独墨,独墨,,,,,,https://agtujigvxxdppngirqtu.supabase.co/storage/v1/object/public/taplist-media/4d1da7d9-8b21-4706-b535-355b9ff79388/drinks/4d1da7d9-8b21-4706-b535-355b9ff70109/no-menu-beer-artwork__20_.jpg,,,active,production_drinks_2026-06-30_conservative_exact_key,1,1,0,1,4d1da7d9-8b21-4706-b535-355b9ff70109,4d1da7d9-8b21-4706-b535-355b9ff79388,芭适,独墨,独墨,Single source drink; safe to create as standalone product if this row should enter pool.
candidate_0298,single_drink,create_product_then_link_source_drinks,爸爸 papa,,,退界,退界,,,,,,,,,active,production_drinks_2026-06-30_conservative_exact_key,1,1,0,1,bd1aaaea-a930-4cad-b509-58ec0b268147,57d005da-1193-4bd2-955a-ef6b9653516d,爸爸 papa,退界,退界,Single source drink; safe to create as standalone product if this row should enter pool.
candidate_0540,single_drink,create_product_then_link_source_drinks,爸爸papà,,,退界,退界,,,,,,https://agtujigvxxdppngirqtu.supabase.co/storage/v1/object/public/taplist-media/494bcf1f-8346-480f-a396-204b104c9313/drinks/3ca0db1f-4378-4fb4-af2c-3ffd79e04edb/no-menu-beer-artwork__6_.jpg,,,active,production_drinks_2026-06-30_conservative_exact_key,1,1,0,1,3ca0db1f-4378-4fb4-af2c-3ffd79e04edb,494bcf1f-8346-480f-a396-204b104c9313,爸爸papà,退界,退界,Single source drink; safe to create as standalone product if this row should enter pool.
candidate_0167,single_drink,create_product_then_link_source_drinks,爆猩饼,,,仿猩会,仿猩会,,,,,,https://agtujigvxxdppngirqtu.supabase.co/storage/v1/object/public/taplist-media/4d1da7d9-8b21-4706-b535-355b9ff79388/drinks/4d1da7d9-8b21-4706-b535-355b9ff70104/no-menu-beer-artwork__22_.jpg,,,active,production_drinks_2026-06-30_conservative_exact_key,1,1,0,1,4d1da7d9-8b21-4706-b535-355b9ff70104,4d1da7d9-8b21-4706-b535-355b9ff79388,爆猩饼,仿猩会,仿猩会,Single source drink; safe to create as standalone product if this row should enter pool.
candidate_0395,single_drink,create_product_then_link_source_drinks,北海道哈密瓜,,,小樽酿造,小樽酿造,,,,,,,,,active,production_drinks_2026-06-30_conservative_exact_key,1,1,0,1,fefc174b-0eed-49a8-aa20-880caba1ffcd,7cce9b27-acd5-4bdc-a302-153c8245a1c1,北海道哈密瓜,小樽酿造,小樽酿造,Single source drink; safe to create as standalone product if this row should enter pool.
candidate_0597,single_drink,create_product_then_link_source_drinks,北极星 浑浊IPA,,,TAPSTAR,TAPSTAR,,,,,,,,,active,production_drinks_2026-06-30_conservative_exact_key,1,1,0,1,eb577554-2f1a-45ab-8f1f-efdcd906634e,00000000-0000-0000-0000-000000000001,北极星 浑浊IPA,TAPSTAR,TAPSTAR,Single source drink; safe to create as standalone product if this row should enter pool.
candidate_0456,single_drink,create_product_then_link_source_drinks,背包,,,僧侣,僧侣,,,,,,https://agtujigvxxdppngirqtu.supabase.co/storage/v1/object/public/taplist-media/44a4429c-fb70-47a5-923b-370fce8f167e/drinks/253c7597-4637-441e-b4f8-8ef4a089848d/_____.png,,,active,production_drinks_2026-06-30_conservative_exact_key,1,1,0,1,253c7597-4637-441e-b4f8-8ef4a089848d,44a4429c-fb70-47a5-923b-370fce8f167e,背包,僧侣,僧侣,Single source drink; safe to create as standalone product if this row should enter pool.
candidate_0321,single_drink,create_product_then_link_source_drinks,本劫,,,本末·特伦,本末·特伦,,,,,,,,,active,production_drinks_2026-06-30_conservative_exact_key,1,1,0,1,03d988a3-4833-4266-8b4f-93a679701c52,57d005da-1193-4bd2-955a-ef6b9653516d,本劫,本末·特伦,本末·特伦,Single source drink; safe to create as standalone product if this row should enter pool.
candidate_0346,single_drink,create_product_then_link_source_drinks,本劫,,,本末特伦,本末特伦,,,,,,https://agtujigvxxdppngirqtu.supabase.co/storage/v1/object/public/taplist-media/283206e3-22d9-4a54-b8a5-70694b1ec062/drinks/0a83c634-fa20-48a8-957b-708ad3141659/__.jpg,,,active,production_drinks_2026-06-30_conservative_exact_key,1,1,0,1,0a83c634-fa20-48a8-957b-708ad3141659,283206e3-22d9-4a54-b8a5-70694b1ec062,本劫,本末特伦,本末特伦,Single source drink; safe to create as standalone product if this row should enter pool.
candidate_0336,single_drink,create_product_then_link_source_drinks,笔触,,,僧侣,僧侣,,,,,,,,,active,production_drinks_2026-06-30_conservative_exact_key,1,1,0,1,157da64a-35f2-4da9-83dd-84a95a00a86d,7aa1147c-5c8b-4c68-bc11-56ce34608689,笔触,僧侣,僧侣,Single source drink; safe to create as standalone product if this row should enter pool.
candidate_0548,single_drink,create_product_then_link_source_drinks,碧堡,,,碧特博格,碧特博格,,,,,,https://agtujigvxxdppngirqtu.supabase.co/storage/v1/object/public/taplist-media/a4f4002f-fccd-41dd-bbc5-153d30fc5385/drinks/52c65ab2-b125-46e5-8499-e58a434ac2f0/_______.jpg,,,active,production_drinks_2026-06-30_conservative_exact_key,1,1,0,1,52c65ab2-b125-46e5-8499-e58a434ac2f0,a4f4002f-fccd-41dd-bbc5-153d30fc5385,碧堡,碧特博格,碧特博格,Single source drink; safe to create as standalone product if this row should enter pool.
candidate_0232,single_drink,create_product_then_link_source_drinks,冰川,,,勿幕酿造 / WUMU Brewery,勿幕酿造 / WUMU Brewery,,,,,,https://agtujigvxxdppngirqtu.supabase.co/storage/v1/object/public/taplist-media/831db2a1-ee47-4d88-9c0b-3e19a5668d6d/drinks/ad0e8fab-748a-4ef3-af0d-cfcc1a4ae90c/no-menu-beer-artwork__53_.jpg,,,active,production_drinks_2026-06-30_conservative_exact_key,1,1,0,1,ad0e8fab-748a-4ef3-af0d-cfcc1a4ae90c,831db2a1-ee47-4d88-9c0b-3e19a5668d6d,冰川,勿幕酿造 / WUMU Brewery,勿幕酿造 / WUMU Brewery,Single source drink; safe to create as standalone product if this row should enter pool.
candidate_0417,single_drink,create_product_then_link_source_drinks,冰川,,,勿幕,勿幕,,,,,,https://agtujigvxxdppngirqtu.supabase.co/storage/v1/object/public/taplist-media/7cce9b27-acd5-4bdc-a302-153c8245a1c1/drinks/d379fd2e-3a86-4621-9e51-bce5a6d438c6/no-menu-beer-artwork__15_.jpg,,,active,production_drinks_2026-06-30_conservative_exact_key,1,1,0,1,d379fd2e-3a86-4621-9e51-bce5a6d438c6,7cce9b27-acd5-4bdc-a302-153c8245a1c1,冰川,勿幕,勿幕,Single source drink; safe to create as standalone product if this row should enter pool.
candidate_0310,single_drink,create_product_then_link_source_drinks,波兰皮尔森,,,第三阶段,第三阶段,,,,,,,,,active,production_drinks_2026-06-30_conservative_exact_key,1,1,0,1,85d6ba25-a13a-4bbd-b958-df10a7632f8f,283206e3-22d9-4a54-b8a5-70694b1ec062,波兰皮尔森,第三阶段,第三阶段,Single source drink; safe to create as standalone product if this row should enter pool.
candidate_0345,single_drink,create_product_then_link_source_drinks,博卡,,,蔓延,蔓延,,,,,,https://agtujigvxxdppngirqtu.supabase.co/storage/v1/object/public/taplist-media/1cff208a-4424-4867-966d-a7839ac59f6f/drinks/5cea973f-1226-42af-8c10-9140122033ea/no-menu-beer-artwork__100_.jpg,,,active,production_drinks_2026-06-30_conservative_exact_key,1,1,0,1,5cea973f-1226-42af-8c10-9140122033ea,1cff208a-4424-4867-966d-a7839ac59f6f,博卡,蔓延,蔓延,Single source drink; safe to create as standalone product if this row should enter pool.
candidate_0666,single_drink,create_product_then_link_source_drinks,布拉格金色愿望,,,风土酿造,风土酿造,,,,,,https://agtujigvxxdppngirqtu.supabase.co/storage/v1/object/public/taplist-media/487685c5-99f1-463c-9e19-9eeea1cf6699/drinks/b968353c-b46c-43d1-9f2c-d5c31f75e592/no-menu-beer-artwork__24_.jpg,,,active,production_drinks_2026-06-30_conservative_exact_key,1,1,0,1,b968353c-b46c-43d1-9f2c-d5c31f75e592,487685c5-99f1-463c-9e19-9eeea1cf6699,布拉格金色愿望,风土酿造,风土酿造,Single source drink; safe to create as standalone product if this row should enter pool.
candidate_0201,single_drink,create_product_then_link_source_drinks,布里斯班淡影,,,远山啤酒 / Far Mont Beer,远山啤酒 / Far Mont Beer,,,,,,https://agtujigvxxdppngirqtu.supabase.co/storage/v1/object/public/taplist-media/831db2a1-ee47-4d88-9c0b-3e19a5668d6d/drinks/08cde394-e1d2-4097-a6b0-c4dc1a8c740c/no-menu-beer-artwork__34_.jpg,,,active,production_drinks_2026-06-30_conservative_exact_key,1,1,0,1,08cde394-e1d2-4097-a6b0-c4dc1a8c740c,831db2a1-ee47-4d88-9c0b-3e19a5668d6d,布里斯班淡影,远山啤酒 / Far Mont Beer,远山啤酒 / Far Mont Beer,Single source drink; safe to create as standalone product if this row should enter pool.
candidate_0475,single_drink,create_product_then_link_source_drinks,陈皮的旅行,,,野鹅微醺,野鹅微醺,,,,,,https://agtujigvxxdppngirqtu.supabase.co/storage/v1/object/public/taplist-media/00234890-ee30-4985-992d-98ab8ce1d5de/drinks/b7e88011-db0f-4325-8854-3c5471754a2e/no-menu-beer-artwork__19_.jpg,,,active,production_drinks_2026-06-30_conservative_exact_key,1,1,0,1,b7e88011-db0f-4325-8854-3c5471754a2e,00234890-ee30-4985-992d-98ab8ce1d5de,陈皮的旅行,野鹅微醺,野鹅微醺,Single source drink; safe to create as standalone product if this row should enter pool.
candidate_0267,single_drink,create_product_then_link_source_drinks,春季拉格,,,裂变酿造,裂变酿造,,,,,,https://agtujigvxxdppngirqtu.supabase.co/storage/v1/object/public/taplist-media/4d1da7d9-8b21-4706-b535-355b9ff79388/drinks/c9bb2b9e-7a3a-4a2d-bfe8-76651ee59f4d/no-menu-beer-artwork__66_.jpg,,,active,production_drinks_2026-06-30_conservative_exact_key,1,1,0,1,c9bb2b9e-7a3a-4a2d-bfe8-76651ee59f4d,4d1da7d9-8b21-4706-b535-355b9ff79388,春季拉格,裂变酿造,裂变酿造,Single source drink; safe to create as standalone product if this row should enter pool.
candidate_0473,single_drink,create_product_then_link_source_drinks,春日来信,,,彼岸酿造,彼岸酿造,,,,,,https://agtujigvxxdppngirqtu.supabase.co/storage/v1/object/public/taplist-media/00234890-ee30-4985-992d-98ab8ce1d5de/drinks/1d9f9f2c-0f72-4c70-a3c1-deb2bfc5ae4a/no-menu-beer-artwork__14_.jpg,,,active,production_drinks_2026-06-30_conservative_exact_key,1,1,0,1,1d9f9f2c-0f72-4c70-a3c1-deb2bfc5ae4a,00234890-ee30-4985-992d-98ab8ce1d5de,春日来信,彼岸酿造,彼岸酿造,Single source drink; safe to create as standalone product if this row should enter pool.
candidate_0349,single_drink,create_product_then_link_source_drinks,春日色卡,,,寻蜜酿造,寻蜜酿造,,,,,,https://agtujigvxxdppngirqtu.supabase.co/storage/v1/object/public/taplist-media/44a4429c-fb70-47a5-923b-370fce8f167e/drinks/44a4429c-fb70-47a5-923b-370fce8f0102/no-menu-beer-artwork_-_2026-06-07T171247.645.jpg,,,active,production_drinks_2026-06-30_conservative_exact_key,1,1,0,1,44a4429c-fb70-47a5-923b-370fce8f0102,44a4429c-fb70-47a5-923b-370fce8f167e,春日色卡,寻蜜酿造,寻蜜酿造,Single source drink; safe to create as standalone product if this row should enter pool.
candidate_0402,single_drink,create_product_then_link_source_drinks,此店需要更多更大的啤酒,,,邪恶双子,邪恶双子,,,,,,https://agtujigvxxdppngirqtu.supabase.co/storage/v1/object/public/taplist-media/7cce9b27-acd5-4bdc-a302-153c8245a1c1/drinks/c62db724-df24-45a8-bf75-1b8c501bc94d/no-menu-beer-artwork__9_.jpg,,,active,production_drinks_2026-06-30_conservative_exact_key,1,1,0,1,c62db724-df24-45a8-bf75-1b8c501bc94d,7cce9b27-acd5-4bdc-a302-153c8245a1c1,此店需要更多更大的啤酒,邪恶双子,邪恶双子,Single source drink; safe to create as standalone product if this row should enter pool.
candidate_0523,single_drink,create_product_then_link_source_drinks,此刻是吾,,,悠航,悠航,,,,,,https://agtujigvxxdppngirqtu.supabase.co/storage/v1/object/public/taplist-media/13b6f277-ab0d-4c19-ba8a-d97a5af9f51d/drinks/252735b4-8127-45c8-9fd3-9d26eb1d5010/no-menu-beer-artwork__82_.jpg,,,active,production_drinks_2026-06-30_conservative_exact_key,1,1,0,1,252735b4-8127-45c8-9fd3-9d26eb1d5010,13b6f277-ab0d-4c19-ba8a-d97a5af9f51d,此刻是吾,悠航,悠航,Single source drink; safe to create as standalone product if this row should enter pool.
candidate_0453,single_drink,create_product_then_link_source_drinks,打个大西瓜,,,以及酿造,以及酿造,,,,,,https://agtujigvxxdppngirqtu.supabase.co/storage/v1/object/public/taplist-media/00234890-ee30-4985-992d-98ab8ce1d5de/drinks/f3011989-c45e-4033-b28d-30cd406d4d2a/no-menu-beer-artwork__17_.jpg,,,active,production_drinks_2026-06-30_conservative_exact_key,1,1,0,1,f3011989-c45e-4033-b28d-30cd406d4d2a,00234890-ee30-4985-992d-98ab8ce1d5de,打个大西瓜,以及酿造,以及酿造,Single source drink; safe to create as standalone product if this row should enter pool.
candidate_0398,single_drink,create_product_then_link_source_drinks,大米拉格,,,大米拉格,大米拉格,,,,,,,,,active,production_drinks_2026-06-30_conservative_exact_key,1,1,0,1,8777ce64-1744-4166-b6dd-0ba1831fcfa5,7cce9b27-acd5-4bdc-a302-153c8245a1c1,大米拉格,大米拉格,大米拉格,Single source drink; safe to create as standalone product if this row should enter pool.
candidate_0474,single_drink,create_product_then_link_source_drinks,大师杯（十五周年限定）,,,拾伍,拾伍,,,,,,https://agtujigvxxdppngirqtu.supabase.co/storage/v1/object/public/taplist-media/00234890-ee30-4985-992d-98ab8ce1d5de/drinks/4f1e7bf3-357e-42aa-a018-81a422c227fe/no-menu-beer-artwork__18_.jpg,,,active,production_drinks_2026-06-30_conservative_exact_key,1,1,0,1,4f1e7bf3-357e-42aa-a018-81a422c227fe,00234890-ee30-4985-992d-98ab8ce1d5de,大师杯（十五周年限定）,拾伍,拾伍,Single source drink; safe to create as standalone product if this row should enter pool.
candidate_0615,single_drink,create_product_then_link_source_drinks,呆瓜再见,,,善良胡夫,善良胡夫,,,,,,,,,active,production_drinks_2026-06-30_conservative_exact_key,1,1,0,1,ba0290fa-9c13-4461-9e1c-f81acb9c832f,7cce9b27-acd5-4bdc-a302-153c8245a1c1,呆瓜再见,善良胡夫,善良胡夫,Single source drink; safe to create as standalone product if this row should enter pool.
candidate_0285,single_drink,create_product_then_link_source_drinks,代号猫,,,薛定谔的酒,薛定谔的酒,,,,,,https://agtujigvxxdppngirqtu.supabase.co/storage/v1/object/public/taplist-media/44a4429c-fb70-47a5-923b-370fce8f167e/drinks/44a4429c-fb70-47a5-923b-370fce8f0103/no-menu-beer-artwork__79_.jpg,,,active,production_drinks_2026-06-30_conservative_exact_key,1,1,0,1,44a4429c-fb70-47a5-923b-370fce8f0103,44a4429c-fb70-47a5-923b-370fce8f167e,代号猫,薛定谔的酒,薛定谔的酒,Single source drink; safe to create as standalone product if this row should enter pool.
candidate_0110,single_drink,create_product_then_link_source_drinks,德国莱茵 昆斯特勒 雷司令干白,,,,,,,,,,,,,active,production_drinks_2026-06-30_conservative_exact_key,1,1,0,1,dd4a7712-69f2-49d3-9633-f595a0a80ab6,00000000-0000-0000-0000-000000000001,德国莱茵 昆斯特勒 雷司令干白,,,Single source drink; safe to create as standalone product if this row should enter pool.
candidate_0102,single_drink,create_product_then_link_source_drinks,德国玫瑰园雷司令半干白,,,,,,,,,,,,,active,production_drinks_2026-06-30_conservative_exact_key,1,1,0,1,e9847069-cfe5-435f-b6f1-c016ee215b80,00000000-0000-0000-0000-000000000001,德国玫瑰园雷司令半干白,,,Single source drink; safe to create as standalone product if this row should enter pool.
candidate_0107,single_drink,create_product_then_link_source_drinks,德国奇迹酒庄霞多丽白皮诺干白,,,,,,,,,,,,,active,production_drinks_2026-06-30_conservative_exact_key,1,1,0,1,d114ce51-1863-4980-aaaf-1285f5f20df9,00000000-0000-0000-0000-000000000001,德国奇迹酒庄霞多丽白皮诺干白,,,Single source drink; safe to create as standalone product if this row should enter pool.
candidate_0250,single_drink,create_product_then_link_source_drinks,低档狂飙,,,闪电萨拉玛,闪电萨拉玛,,,,,,https://agtujigvxxdppngirqtu.supabase.co/storage/v1/object/public/taplist-media/a4f4002f-fccd-41dd-bbc5-153d30fc5385/drinks/62ec0bc9-639e-4bb2-9f58-357bdd7195c6/no-menu-beer-artwork__70_.jpg,,,active,production_drinks_2026-06-30_conservative_exact_key,1,1,0,1,62ec0bc9-639e-4bb2-9f58-357bdd7195c6,a4f4002f-fccd-41dd-bbc5-153d30fc5385,低档狂飙,闪电萨拉玛,闪电萨拉玛,Single source drink; safe to create as standalone product if this row should enter pool.
candidate_0221,single_drink,create_product_then_link_source_drinks,第一个纪念日,,,风土,风土,,,,,,,,,active,production_drinks_2026-06-30_conservative_exact_key,1,1,0,1,1e933cb1-25da-4b81-8f0d-33515120e727,57d005da-1193-4bd2-955a-ef6b9653516d,第一个纪念日,风土,风土,Single source drink; safe to create as standalone product if this row should enter pool.
candidate_0490,single_drink,create_product_then_link_source_drinks,电气涡轮,,,小回,小回,,,,,,https://agtujigvxxdppngirqtu.supabase.co/storage/v1/object/public/taplist-media/82bf1237-e90c-4379-a2bc-a6dad2726b93/drinks/13aa2231-c7b1-41f7-9ff4-d7781d4a79c8/no-menu-beer-artwork__41_.jpg,,,active,production_drinks_2026-06-30_conservative_exact_key,1,1,0,1,13aa2231-c7b1-41f7-9ff4-d7781d4a79c8,82bf1237-e90c-4379-a2bc-a6dad2726b93,电气涡轮,小回,小回,Single source drink; safe to create as standalone product if this row should enter pool.
candidate_0212,single_drink,create_product_then_link_source_drinks,东分影,,,疯熊工业 / Crazy Bear Industry,疯熊工业 / Crazy Bear Industry,,,,,,,,,active,production_drinks_2026-06-30_conservative_exact_key,1,1,0,1,03ef756e-2c94-488c-83bc-f474ea756577,831db2a1-ee47-4d88-9c0b-3e19a5668d6d,东分影,疯熊工业 / Crazy Bear Industry,疯熊工业 / Crazy Bear Industry,Single source drink; safe to create as standalone product if this row should enter pool.
candidate_0258,single_drink,create_product_then_link_source_drinks,东分影,,,疯熊工业,疯熊工业,,,,,,https://agtujigvxxdppngirqtu.supabase.co/storage/v1/object/public/taplist-media/a4f4002f-fccd-41dd-bbc5-153d30fc5385/drinks/9549329d-528b-4f32-84e5-9155a6a7977c/no-menu-beer-artwork__72_.jpg,,,active,production_drinks_2026-06-30_conservative_exact_key,1,1,0,1,9549329d-528b-4f32-84e5-9155a6a7977c,a4f4002f-fccd-41dd-bbc5-153d30fc5385,东分影,疯熊工业,疯熊工业,Single source drink; safe to create as standalone product if this row should enter pool.
candidate_0409,single_drink,create_product_then_link_source_drinks,动物气球,,,哈德逊河谷,哈德逊河谷,,,,,,https://agtujigvxxdppngirqtu.supabase.co/storage/v1/object/public/taplist-media/7cce9b27-acd5-4bdc-a302-153c8245a1c1/drinks/64a79420-9833-47cb-9468-b0ce2b23bc28/no-menu-beer-artwork__5_.jpg,,,active,production_drinks_2026-06-30_conservative_exact_key,1,1,0,1,64a79420-9833-47cb-9468-b0ce2b23bc28,7cce9b27-acd5-4bdc-a302-153c8245a1c1,动物气球,哈德逊河谷,哈德逊河谷,Single source drink; safe to create as standalone product if this row should enter pool.
candidate_0363,single_drink,create_product_then_link_source_drinks,法里纳,,,矛盾体,矛盾体,,,,,,https://agtujigvxxdppngirqtu.supabase.co/storage/v1/object/public/taplist-media/7aa1147c-5c8b-4c68-bc11-56ce34608689/drinks/67ed396c-6f62-409c-a912-d7af6f92fe46/no-menu-beer-artwork_-_2026-06-08T022848.185.jpg,,,active,production_drinks_2026-06-30_conservative_exact_key,1,1,0,1,67ed396c-6f62-409c-a912-d7af6f92fe46,7aa1147c-5c8b-4c68-bc11-56ce34608689,法里纳,矛盾体,矛盾体,Single source drink; safe to create as standalone product if this row should enter pool.
candidate_0213,single_drink,create_product_then_link_source_drinks,番茄工厂,,,另一半,另一半,,,,,,https://agtujigvxxdppngirqtu.supabase.co/storage/v1/object/public/taplist-media/c3af90db-9734-4750-927c-38f6b37fb3e0/drinks/03bbaee6-19b6-4360-8a11-7600cd4021fd/no-menu-beer-artwork__23_.jpg,,,active,production_drinks_2026-06-30_conservative_exact_key,1,1,0,1,03bbaee6-19b6-4360-8a11-7600cd4021fd,c3af90db-9734-4750-927c-38f6b37fb3e0,番茄工厂,另一半,另一半,Single source drink; safe to create as standalone product if this row should enter pool.
candidate_0442,single_drink,create_product_then_link_source_drinks,繁花花园,,,,,,,,,,,,,active,production_drinks_2026-06-30_conservative_exact_key,1,1,0,1,6e12da7f-48aa-4e14-a2ee-ec289b6a9b27,00000000-0000-0000-0000-000000000001,繁花花园,,,Single source drink; safe to create as standalone product if this row should enter pool.
candidate_0249,single_drink,create_product_then_link_source_drinks,飞履,,,凡人,凡人,,,,,,,,,active,production_drinks_2026-06-30_conservative_exact_key,1,1,0,1,8be8e4ff-9bac-4a00-81c9-1affcfa49bf7,a4f4002f-fccd-41dd-bbc5-153d30fc5385,飞履,凡人,凡人,Single source drink; safe to create as standalone product if this row should enter pool.
candidate_0566,single_drink,create_product_then_link_source_drinks,飞向山,,,元醴,元醴,,,,,,https://agtujigvxxdppngirqtu.supabase.co/storage/v1/object/public/taplist-media/283206e3-22d9-4a54-b8a5-70694b1ec062/drinks/aa8cc082-b8ac-4adc-ae28-28b57a76ed2b/no-menu-beer-artwork__9_.jpg,,,active,production_drinks_2026-06-30_conservative_exact_key,1,1,0,1,aa8cc082-b8ac-4adc-ae28-28b57a76ed2b,283206e3-22d9-4a54-b8a5-70694b1ec062,飞向山,元醴,元醴,Single source drink; safe to create as standalone product if this row should enter pool.
candidate_0290,single_drink,create_product_then_link_source_drinks,飞越云海,,,虽吾酿造,虽吾酿造,,,,,,https://agtujigvxxdppngirqtu.supabase.co/storage/v1/object/public/taplist-media/44a4429c-fb70-47a5-923b-370fce8f167e/drinks/44a4429c-fb70-47a5-923b-370fce8f0111/no-menu-beer-artwork__75_.jpg,,,active,production_drinks_2026-06-30_conservative_exact_key,1,1,0,1,44a4429c-fb70-47a5-923b-370fce8f0111,44a4429c-fb70-47a5-923b-370fce8f167e,飞越云海,虽吾酿造,虽吾酿造,Single source drink; safe to create as standalone product if this row should enter pool.
candidate_0457,single_drink,create_product_then_link_source_drinks,飞越云海,,,虽吾,虽吾,,,,,,https://agtujigvxxdppngirqtu.supabase.co/storage/v1/object/public/taplist-media/00234890-ee30-4985-992d-98ab8ce1d5de/drinks/7a1a41aa-181f-4a4d-85b9-79bc9d40ab96/no-menu-beer-artwork__21_.jpg,,,active,production_drinks_2026-06-30_conservative_exact_key,1,1,0,1,7a1a41aa-181f-4a4d-85b9-79bc9d40ab96,00234890-ee30-4985-992d-98ab8ce1d5de,飞越云海,虽吾,虽吾,Single source drink; safe to create as standalone product if this row should enter pool.
candidate_0430,single_drink,create_product_then_link_source_drinks,翡翠湾,,,修订,修订,,,,,,https://agtujigvxxdppngirqtu.supabase.co/storage/v1/object/public/taplist-media/7cce9b27-acd5-4bdc-a302-153c8245a1c1/drinks/ec34990c-9470-483a-b6b1-c7f8331bf612/no-menu-beer-artwork__12_.jpg,,,active,production_drinks_2026-06-30_conservative_exact_key,1,1,0,1,ec34990c-9470-483a-b6b1-c7f8331bf612,7cce9b27-acd5-4bdc-a302-153c8245a1c1,翡翠湾,修订,修订,Single source drink; safe to create as standalone product if this row should enter pool.
candidate_0206,single_drink,create_product_then_link_source_drinks,分形,,,幻果实验室,幻果实验室,,,,,,,,,active,production_drinks_2026-06-30_conservative_exact_key,1,1,0,1,4f93a1b6-cf77-49ac-89f1-d2f9a1d6884d,c3af90db-9734-4750-927c-38f6b37fb3e0,分形,幻果实验室,幻果实验室,Single source drink; safe to create as standalone product if this row should enter pool.
candidate_0264,single_drink,create_product_then_link_source_drinks,分形,,,幻果实验,幻果实验,,,,,,,,,active,production_drinks_2026-06-30_conservative_exact_key,1,1,0,1,549ad378-946c-4f76-906d-1e76d2655f8c,a4f4002f-fccd-41dd-bbc5-153d30fc5385,分形,幻果实验,幻果实验,Single source drink; safe to create as standalone product if this row should enter pool.
candidate_0031,single_drink,create_product_then_link_source_drinks,汾酒,,,,,,,,,,,,,active,production_drinks_2026-06-30_conservative_exact_key,1,1,0,1,fd1605f7-e47b-4ef7-a706-86b474a67bf1,00000000-0000-0000-0000-000000000001,汾酒,,,Single source drink; safe to create as standalone product if this row should enter pool.
candidate_0318,single_drink,create_product_then_link_source_drinks,粉红色的夏天,,,SMOOJ,SMOOJ,,,,,,,,,active,production_drinks_2026-06-30_conservative_exact_key,1,1,0,1,d34aec53-01c4-4422-ba85-0b6eaad4267d,283206e3-22d9-4a54-b8a5-70694b1ec062,粉红色的夏天,SMOOJ,SMOOJ,Single source drink; safe to create as standalone product if this row should enter pool.
candidate_0379,single_drink,create_product_then_link_source_drinks,风景这边独好,,,明日酿造,明日酿造,,,,,,https://agtujigvxxdppngirqtu.supabase.co/storage/v1/object/public/taplist-media/da21ab4e-93f7-49ca-8318-15fcbae24a93/drinks/56c5af57-f4ea-4bfd-951b-6c11bc461e2e/no-menu-beer-artwork__3_.jpg,,,active,production_drinks_2026-06-30_conservative_exact_key,1,1,0,1,56c5af57-f4ea-4bfd-951b-6c11bc461e2e,da21ab4e-93f7-49ca-8318-15fcbae24a93,风景这边独好,明日酿造,明日酿造,Single source drink; safe to create as standalone product if this row should enter pool.
candidate_0164,single_drink,create_product_then_link_source_drinks,凤尾果香,,,虽吴,虽吴,,,,,,https://agtujigvxxdppngirqtu.supabase.co/storage/v1/object/public/taplist-media/3d6cb427-a8c3-4583-a7c4-5a3ad9f5f787/drinks/3d6cb427-a8c3-4583-a7c4-5a3ad9f5f504/no-menu-beer-artwork__5_.jpg,,,active,production_drinks_2026-06-30_conservative_exact_key,1,1,0,1,3d6cb427-a8c3-4583-a7c4-5a3ad9f5f504,3d6cb427-a8c3-4583-a7c4-5a3ad9f5f787,凤尾果香,虽吴,虽吴,Single source drink; safe to create as standalone product if this row should enter pool.
candidate_0251,single_drink,create_product_then_link_source_drinks,凤尾果香,,,虽吾酿造 / SUIWU,虽吾酿造 / SUIWU,,,,,,https://agtujigvxxdppngirqtu.supabase.co/storage/v1/object/public/taplist-media/831db2a1-ee47-4d88-9c0b-3e19a5668d6d/drinks/452f6f22-12ea-4d3c-a14d-60027fdc4cec/no-menu-beer-artwork__38_.jpg,,,active,production_drinks_2026-06-30_conservative_exact_key,1,1,0,1,452f6f22-12ea-4d3c-a14d-60027fdc4cec,831db2a1-ee47-4d88-9c0b-3e19a5668d6d,凤尾果香,虽吾酿造 / SUIWU,虽吾酿造 / SUIWU,Single source drink; safe to create as standalone product if this row should enter pool.
candidate_0284,single_drink,create_product_then_link_source_drinks,辅助奶两口,,,山乘酿造,山乘酿造,,,,,,https://agtujigvxxdppngirqtu.supabase.co/storage/v1/object/public/taplist-media/44a4429c-fb70-47a5-923b-370fce8f167e/drinks/44a4429c-fb70-47a5-923b-370fce8f0104/no-menu-beer-artwork__78_.jpg,,,active,production_drinks_2026-06-30_conservative_exact_key,1,1,0,1,44a4429c-fb70-47a5-923b-370fce8f0104,44a4429c-fb70-47a5-923b-370fce8f167e,辅助奶两口,山乘酿造,山乘酿造,Single source drink; safe to create as standalone product if this row should enter pool.
candidate_0528,single_drink,create_product_then_link_source_drinks,柑橘起源,,,秦人造,秦人造,,,,,,https://agtujigvxxdppngirqtu.supabase.co/storage/v1/object/public/taplist-media/13b6f277-ab0d-4c19-ba8a-d97a5af9f51d/drinks/f3592ba6-31a6-4c22-a02d-91a84e16c4aa/no-menu-beer-artwork__84_.jpg,,,active,production_drinks_2026-06-30_conservative_exact_key,1,1,0,1,f3592ba6-31a6-4c22-a02d-91a84e16c4aa,13b6f277-ab0d-4c19-ba8a-d97a5af9f51d,柑橘起源,秦人造,秦人造,Single source drink; safe to create as standalone product if this row should enter pool.
candidate_0341,single_drink,create_product_then_link_source_drinks,干就完了,,,艾尔复兴,艾尔复兴,,,,,,,,,active,production_drinks_2026-06-30_conservative_exact_key,1,1,0,1,d9a1fe2c-66e4-42f2-806c-453fe25adf82,7aa1147c-5c8b-4c68-bc11-56ce34608689,干就完了,艾尔复兴,艾尔复兴,Single source drink; safe to create as standalone product if this row should enter pool.
candidate_0185,single_drink,create_product_then_link_source_drinks,孤注一掷,,,鸭池,鸭池,,,,,,,,,active,production_drinks_2026-06-30_conservative_exact_key,1,1,0,1,487b007b-9511-43cf-bfcf-d1138f1bacaa,57d005da-1193-4bd2-955a-ef6b9653516d,孤注一掷,鸭池,鸭池,Single source drink; safe to create as standalone product if this row should enter pool.
candidate_0233,single_drink,create_product_then_link_source_drinks,古盾,,,麻马麻,麻马麻,,,,,,https://agtujigvxxdppngirqtu.supabase.co/storage/v1/object/public/taplist-media/d897a73b-37fb-4c57-af0f-79d8759173cb/drinks/c7f40b32-7762-435b-be51-6734b92e30a9/no-menu-beer-artwork__43_.jpg,,,active,production_drinks_2026-06-30_conservative_exact_key,1,1,0,1,c7f40b32-7762-435b-be51-6734b92e30a9,d897a73b-37fb-4c57-af0f-79d8759173cb,古盾,麻马麻,麻马麻,Single source drink; safe to create as standalone product if this row should enter pool.
candidate_0196,single_drink,create_product_then_link_source_drinks,果味满满19号,,,回头客,回头客,,,,,,,,,active,production_drinks_2026-06-30_conservative_exact_key,1,1,0,1,f5cd9550-527a-40b8-8996-f0d91f6d9207,c3af90db-9734-4750-927c-38f6b37fb3e0,果味满满19号,回头客,回头客,Single source drink; safe to create as standalone product if this row should enter pool.
candidate_0007,single_drink,create_product_then_link_source_drinks,嗨棒,,,,,,,,,,,,,active,production_drinks_2026-06-30_conservative_exact_key,1,1,0,1,3f5d62f3-6ffe-4e09-ae1c-55f38b038290,00000000-0000-0000-0000-000000000001,嗨棒,,,Single source drink; safe to create as standalone product if this row should enter pool.
candidate_0276,single_drink,create_product_then_link_source_drinks,海边驿站,,,狐朋酿造,狐朋酿造,,,,,,https://agtujigvxxdppngirqtu.supabase.co/storage/v1/object/public/taplist-media/44a4429c-fb70-47a5-923b-370fce8f167e/drinks/ce74e0d0-0872-474d-90a2-e112d3b94bb7/no-menu-beer-artwork__81_.jpg,,,active,production_drinks_2026-06-30_conservative_exact_key,1,1,0,1,ce74e0d0-0872-474d-90a2-e112d3b94bb7,44a4429c-fb70-47a5-923b-370fce8f167e,海边驿站,狐朋酿造,狐朋酿造,Single source drink; safe to create as standalone product if this row should enter pool.
candidate_0412,single_drink,create_product_then_link_source_drinks,海冬,,,费登斯,费登斯,,,,,,https://agtujigvxxdppngirqtu.supabase.co/storage/v1/object/public/taplist-media/7cce9b27-acd5-4bdc-a302-153c8245a1c1/drinks/3d009b86-388f-494b-b39b-a6d7fed674bb/no-menu-beer-artwork__11_.jpg,,,active,production_drinks_2026-06-30_conservative_exact_key,1,1,0,1,3d009b86-388f-494b-b39b-a6d7fed674bb,7cce9b27-acd5-4bdc-a302-153c8245a1c1,海冬,费登斯,费登斯,Single source drink; safe to create as standalone product if this row should enter pool.
candidate_0266,single_drink,create_product_then_link_source_drinks,豪华赛松,,,塞拉多艾尔,塞拉多艾尔,,,,,,,,,active,production_drinks_2026-06-30_conservative_exact_key,1,1,0,1,f4547426-5f2d-48e7-b601-60e995d1ba6f,a4f4002f-fccd-41dd-bbc5-153d30fc5385,豪华赛松,塞拉多艾尔,塞拉多艾尔,Single source drink; safe to create as standalone product if this row should enter pool.
candidate_0255,single_drink,create_product_then_link_source_drinks,和平奏鸣曲,,,头脑冷静,头脑冷静,,,,,,https://agtujigvxxdppngirqtu.supabase.co/storage/v1/object/public/taplist-media/a4f4002f-fccd-41dd-bbc5-153d30fc5385/drinks/518812c8-ddb7-4ff4-86cc-f6c9f030a43d/CoolHead.jpg,,,active,production_drinks_2026-06-30_conservative_exact_key,1,1,0,1,518812c8-ddb7-4ff4-86cc-f6c9f030a43d,a4f4002f-fccd-41dd-bbc5-153d30fc5385,和平奏鸣曲,头脑冷静,头脑冷静,Single source drink; safe to create as standalone product if this row should enter pool.
candidate_0326,single_drink,create_product_then_link_source_drinks,河谷,,,哈德逊河谷,哈德逊河谷,,,,,,,,,active,production_drinks_2026-06-30_conservative_exact_key,1,1,0,1,508f0327-b9b6-4253-8270-9656a955339c,57d005da-1193-4bd2-955a-ef6b9653516d,河谷,哈德逊河谷,哈德逊河谷,Single source drink; safe to create as standalone product if this row should enter pool.
candidate_0220,single_drink,create_product_then_link_source_drinks,河谷2024,,,哈德逊河谷,哈德逊河谷,,,,,,,,,active,production_drinks_2026-06-30_conservative_exact_key,1,1,0,1,796c0280-f352-418b-a976-1905c1bc0f61,57d005da-1193-4bd2-955a-ef6b9653516d,河谷2024,哈德逊河谷,哈德逊河谷,Single source drink; safe to create as standalone product if this row should enter pool.
candidate_0472,single_drink,create_product_then_link_source_drinks,黑尔戈蓝岛日落,,,彼岸酿造,彼岸酿造,,,,,,https://agtujigvxxdppngirqtu.supabase.co/storage/v1/object/public/taplist-media/00234890-ee30-4985-992d-98ab8ce1d5de/drinks/10515dc6-5ebb-4ada-8c8b-4558952448d6/no-menu-beer-artwork__20_.jpg,,,active,production_drinks_2026-06-30_conservative_exact_key,1,1,0,1,10515dc6-5ebb-4ada-8c8b-4558952448d6,00234890-ee30-4985-992d-98ab8ce1d5de,黑尔戈蓝岛日落,彼岸酿造,彼岸酿造,Single source drink; safe to create as standalone product if this row should enter pool.
candidate_0244,single_drink,create_product_then_link_source_drinks,黑森林古法窖藏啤酒,,,Waldhaus,Waldhaus,,,,,,https://agtujigvxxdppngirqtu.supabase.co/storage/v1/object/public/taplist-media/494bcf1f-8346-480f-a396-204b104c9313/drinks/155ecbb4-7741-495c-be8b-7fad943e2c40/no-menu-beer-artwork__56_.jpg,,,active,production_drinks_2026-06-30_conservative_exact_key,1,1,0,1,155ecbb4-7741-495c-be8b-7fad943e2c40,494bcf1f-8346-480f-a396-204b104c9313,黑森林古法窖藏啤酒,Waldhaus,Waldhaus,Single source drink; safe to create as standalone product if this row should enter pool.
candidate_0369,single_drink,create_product_then_link_source_drinks,黑森林金牌皮尔森啤酒,,,Waldhaus,Waldhaus,,,,,,https://agtujigvxxdppngirqtu.supabase.co/storage/v1/object/public/taplist-media/494bcf1f-8346-480f-a396-204b104c9313/drinks/38ca1117-5cc5-4ffa-8b5a-b61a885aaeea/no-menu-beer-artwork__57_.jpg,,,active,production_drinks_2026-06-30_conservative_exact_key,1,1,0,1,38ca1117-5cc5-4ffa-8b5a-b61a885aaeea,494bcf1f-8346-480f-a396-204b104c9313,黑森林金牌皮尔森啤酒,Waldhaus,Waldhaus,Single source drink; safe to create as standalone product if this row should enter pool.
candidate_0516,single_drink,create_product_then_link_source_drinks,黑羽,,,小荷,小荷,,,,,,https://agtujigvxxdppngirqtu.supabase.co/storage/v1/object/public/taplist-media/2c191730-69f6-4031-8256-91aa59e5bc52/drinks/db0889ca-e66d-4ae7-9bd6-d1cdcacd617f/_____20260617131204_26_645.jpg,,,active,production_drinks_2026-06-30_conservative_exact_key,1,1,0,1,db0889ca-e66d-4ae7-9bd6-d1cdcacd617f,2c191730-69f6-4031-8256-91aa59e5bc52,黑羽,小荷,小荷,Single source drink; safe to create as standalone product if this row should enter pool.
candidate_0360,single_drink,create_product_then_link_source_drinks,后花园的混合黄皮,,,狐朋酿造,狐朋酿造,,,,,,https://agtujigvxxdppngirqtu.supabase.co/storage/v1/object/public/taplist-media/7aa1147c-5c8b-4c68-bc11-56ce34608689/drinks/663beb8d-f192-45a9-b8ef-e6bec9851f67/no-menu-beer-artwork_-_2026-06-08T022717.386.jpg,,,active,production_drinks_2026-06-30_conservative_exact_key,1,1,0,1,663beb8d-f192-45a9-b8ef-e6bec9851f67,7aa1147c-5c8b-4c68-bc11-56ce34608689,后花园的混合黄皮,狐朋酿造,狐朋酿造,Single source drink; safe to create as standalone product if this row should enter pool.
candidate_0489,single_drink,create_product_then_link_source_drinks,弧度,,,矛盾体,矛盾体,,,,,,https://agtujigvxxdppngirqtu.supabase.co/storage/v1/object/public/taplist-media/7aa1147c-5c8b-4c68-bc11-56ce34608689/drinks/b82a5b0d-e285-4901-bcc2-52571505b722/no-menu-beer-artwork__53_.jpg,,,active,production_drinks_2026-06-30_conservative_exact_key,1,1,0,1,b82a5b0d-e285-4901-bcc2-52571505b722,7aa1147c-5c8b-4c68-bc11-56ce34608689,弧度,矛盾体,矛盾体,Single source drink; safe to create as standalone product if this row should enter pool.
candidate_0411,single_drink,create_product_then_link_source_drinks,胡夫水坝,,,特纳亚溪,特纳亚溪,,,,,,,,,active,production_drinks_2026-06-30_conservative_exact_key,1,1,0,1,8346fa59-1115-4cf3-b1d2-c102b4fd5585,7cce9b27-acd5-4bdc-a302-153c8245a1c1,胡夫水坝,特纳亚溪,特纳亚溪,Single source drink; safe to create as standalone product if this row should enter pool.
candidate_0239,single_drink,create_product_then_link_source_drinks,琥珀艾尔,,,隔壁老李,隔壁老李,,,,,,https://agtujigvxxdppngirqtu.supabase.co/storage/v1/object/public/taplist-media/d897a73b-37fb-4c57-af0f-79d8759173cb/drinks/c991412a-60ff-41bf-8c0e-54d6a5c17062/no-menu-beer-artwork__51_.jpg,,,active,production_drinks_2026-06-30_conservative_exact_key,1,1,0,1,c991412a-60ff-41bf-8c0e-54d6a5c17062,d897a73b-37fb-4c57-af0f-79d8759173cb,琥珀艾尔,隔壁老李,隔壁老李,Single source drink; safe to create as standalone product if this row should enter pool.
candidate_0256,single_drink,create_product_then_link_source_drinks,幻境拉拉,,,闪电萨拉玛,闪电萨拉玛,,,,,,https://agtujigvxxdppngirqtu.supabase.co/storage/v1/object/public/taplist-media/a4f4002f-fccd-41dd-bbc5-153d30fc5385/drinks/0454a993-679a-44f2-92cd-d36d4c163139/no-menu-beer-artwork__69_.jpg,,,active,production_drinks_2026-06-30_conservative_exact_key,1,1,0,1,0454a993-679a-44f2-92cd-d36d4c163139,a4f4002f-fccd-41dd-bbc5-153d30fc5385,幻境拉拉,闪电萨拉玛,闪电萨拉玛,Single source drink; safe to create as standalone product if this row should enter pool.
candidate_0299,single_drink,create_product_then_link_source_drinks,黄米拉格,,,赤耳,赤耳,,,,,,,,,active,production_drinks_2026-06-30_conservative_exact_key,1,1,0,1,3fdc5360-376e-4bc7-b205-19d2f5ae440d,57d005da-1193-4bd2-955a-ef6b9653516d,黄米拉格,赤耳,赤耳,Single source drink; safe to create as standalone product if this row should enter pool.
candidate_0450,single_drink,create_product_then_link_source_drinks,灰猎犬,,,酒花民族,酒花民族,,,,,,https://agtujigvxxdppngirqtu.supabase.co/storage/v1/object/public/taplist-media/57d005da-1193-4bd2-955a-ef6b9653516d/drinks/502ea784-ee16-4609-8321-8ee24693cb55/no-menu-beer-artwork__9_.jpg,,,active,production_drinks_2026-06-30_conservative_exact_key,1,1,0,1,502ea784-ee16-4609-8321-8ee24693cb55,57d005da-1193-4bd2-955a-ef6b9653516d,灰猎犬,酒花民族,酒花民族,Single source drink; safe to create as standalone product if this row should enter pool.
candidate_0590,single_drink,create_product_then_link_source_drinks,惠比寿全麦,,,三宝乐,三宝乐,,,,,,https://agtujigvxxdppngirqtu.supabase.co/storage/v1/object/public/taplist-media/27c1beca-c912-4f4a-bee5-3ccf0e5d981f/drinks/7720ea9d-a099-4ff2-bc62-67701d8b1d09/____________.jpg,,,active,production_drinks_2026-06-30_conservative_exact_key,1,1,0,1,7720ea9d-a099-4ff2-bc62-67701d8b1d09,27c1beca-c912-4f4a-bee5-3ccf0e5d981f,惠比寿全麦,三宝乐,三宝乐,Single source drink; safe to create as standalone product if this row should enter pool.
candidate_0575,single_drink,create_product_then_link_source_drinks,火把梨,,,田园酿造,田园酿造,,,,,,https://agtujigvxxdppngirqtu.supabase.co/storage/v1/object/public/taplist-media/27c1beca-c912-4f4a-bee5-3ccf0e5d981f/drinks/75bf6e97-905d-4836-80aa-53dff23e73f7/______.png,,,active,production_drinks_2026-06-30_conservative_exact_key,1,1,0,1,75bf6e97-905d-4836-80aa-53dff23e73f7,27c1beca-c912-4f4a-bee5-3ccf0e5d981f,火把梨,田园酿造,田园酿造,Single source drink; safe to create as standalone product if this row should enter pool.
candidate_0061,single_drink,create_product_then_link_source_drinks,火成岩弥勒图高白桃荔枝干白,,,,,,,,,,,,,active,production_drinks_2026-06-30_conservative_exact_key,1,1,0,1,143cf5f4-203b-4907-83ef-5c93744f94bb,00000000-0000-0000-0000-000000000001,火成岩弥勒图高白桃荔枝干白,,,Single source drink; safe to create as standalone product if this row should enter pool.
candidate_0217,single_drink,create_product_then_link_source_drinks,机械神明,,,酸羽,酸羽,,,,,,,,,active,production_drinks_2026-06-30_conservative_exact_key,1,1,0,1,c71c3d7b-819f-48a3-87d1-a73dc854c786,57d005da-1193-4bd2-955a-ef6b9653516d,机械神明,酸羽,酸羽,Single source drink; safe to create as standalone product if this row should enter pool.
candidate_0270,single_drink,create_product_then_link_source_drinks,鸡有鸡味,,,狐朋酿造,狐朋酿造,,,,,,,,,active,production_drinks_2026-06-30_conservative_exact_key,1,1,0,1,d4845dd2-e38c-462e-9238-c57633cfe97e,44a4429c-fb70-47a5-923b-370fce8f167e,鸡有鸡味,狐朋酿造,狐朋酿造,Single source drink; safe to create as standalone product if this row should enter pool.
candidate_0314,single_drink,create_product_then_link_source_drinks,基数,,,矛盾体,矛盾体,,,,,,,,,active,production_drinks_2026-06-30_conservative_exact_key,1,1,0,1,0d67cb76-6c0e-4c53-b892-34b7e869e78d,57d005da-1193-4bd2-955a-ef6b9653516d,基数,矛盾体,矛盾体,Single source drink; safe to create as standalone product if this row should enter pool.
candidate_0137,single_drink,create_product_then_link_source_drinks,极光觅月,,,航标酿造,航标酿造,,,,,,,,,active,production_drinks_2026-06-30_conservative_exact_key,1,1,0,1,44a4429c-fb70-47a5-923b-370fce8f0107,44a4429c-fb70-47a5-923b-370fce8f167e,极光觅月,航标酿造,航标酿造,Single source drink; safe to create as standalone product if this row should enter pool.
candidate_0483,single_drink,create_product_then_link_source_drinks,计划四个秘密,,,头脑冷静&敌意&凡人,头脑冷静&敌意&凡人,,,,,,https://agtujigvxxdppngirqtu.supabase.co/storage/v1/object/public/taplist-media/a4f4002f-fccd-41dd-bbc5-153d30fc5385/drinks/97359465-544d-41bc-872c-9ccb6394f42d/no-menu-beer-artwork__46_.jpg,,,active,production_drinks_2026-06-30_conservative_exact_key,1,1,0,1,97359465-544d-41bc-872c-9ccb6394f42d,a4f4002f-fccd-41dd-bbc5-153d30fc5385,计划四个秘密,头脑冷静&敌意&凡人,头脑冷静&敌意&凡人,Single source drink; safe to create as standalone product if this row should enter pool.
candidate_0455,single_drink,create_product_then_link_source_drinks,剪影桃,,,哈德逊河谷,哈德逊河谷,,,,,,https://agtujigvxxdppngirqtu.supabase.co/storage/v1/object/public/taplist-media/44a4429c-fb70-47a5-923b-370fce8f167e/drinks/3239bdcf-4767-4881-abae-1251a187bf93/____________.png,,,active,production_drinks_2026-06-30_conservative_exact_key,1,1,0,1,3239bdcf-4767-4881-abae-1251a187bf93,44a4429c-fb70-47a5-923b-370fce8f167e,剪影桃,哈德逊河谷,哈德逊河谷,Single source drink; safe to create as standalone product if this row should enter pool.
candidate_0306,single_drink,create_product_then_link_source_drinks,僵尸猎鸭人,,,酒花僵尸,酒花僵尸,,,,,,,,,active,production_drinks_2026-06-30_conservative_exact_key,1,1,0,1,14e12f03-d63e-4dea-98c1-a2c4dce5e89a,283206e3-22d9-4a54-b8a5-70694b1ec062,僵尸猎鸭人,酒花僵尸,酒花僵尸,Single source drink; safe to create as standalone product if this row should enter pool.
candidate_0433,single_drink,create_product_then_link_source_drinks,降临,,,大九,大九,,,,,,https://agtujigvxxdppngirqtu.supabase.co/storage/v1/object/public/taplist-media/44a4429c-fb70-47a5-923b-370fce8f167e/drinks/b7a7896a-011a-4c28-9509-c9ae83b192bb/_______.jpg,,,active,production_drinks_2026-06-30_conservative_exact_key,1,1,0,1,b7a7896a-011a-4c28-9509-c9ae83b192bb,44a4429c-fb70-47a5-923b-370fce8f167e,降临,大九,大九,Single source drink; safe to create as standalone product if this row should enter pool.
candidate_0222,single_drink,create_product_then_link_source_drinks,解药,,,洛莱,洛莱,,,,,,,,,active,production_drinks_2026-06-30_conservative_exact_key,1,1,0,1,66d3d800-c8ee-481c-8eb0-0fcbcdc4e5e8,57d005da-1193-4bd2-955a-ef6b9653516d,解药,洛莱,洛莱,Single source drink; safe to create as standalone product if this row should enter pool.
candidate_0525,single_drink,create_product_then_link_source_drinks,金狼之舞,,,虽吾,虽吾,,,,,,https://agtujigvxxdppngirqtu.supabase.co/storage/v1/object/public/taplist-media/13b6f277-ab0d-4c19-ba8a-d97a5af9f51d/drinks/7616db18-01b7-45fb-81ee-54275952855c/no-menu-beer-artwork__89_.jpg,,,active,production_drinks_2026-06-30_conservative_exact_key,1,1,0,1,7616db18-01b7-45fb-81ee-54275952855c,13b6f277-ab0d-4c19-ba8a-d97a5af9f51d,金狼之舞,虽吾,虽吾,Single source drink; safe to create as standalone product if this row should enter pool.
candidate_0008,single_drink,create_product_then_link_source_drinks,金汤力,,,,,,,,,,,,,active,production_drinks_2026-06-30_conservative_exact_key,1,1,0,1,2ac88245-99ba-46f5-a67f-803be810bda6,00000000-0000-0000-0000-000000000001,金汤力,,,Single source drink; safe to create as standalone product if this row should enter pool.
candidate_0663,single_drink,create_product_then_link_source_drinks,惊慌,,,蔓延,蔓延,,,,,,https://agtujigvxxdppngirqtu.supabase.co/storage/v1/object/public/taplist-media/487685c5-99f1-463c-9e19-9eeea1cf6699/drinks/2535abdd-8c95-4005-ba8b-44611b916300/no-menu-beer-artwork__25_.jpg,,,active,production_drinks_2026-06-30_conservative_exact_key,1,1,0,1,2535abdd-8c95-4005-ba8b-44611b916300,487685c5-99f1-463c-9e19-9eeea1cf6699,惊慌,蔓延,蔓延,Single source drink; safe to create as standalone product if this row should enter pool.
candidate_0366,single_drink,create_product_then_link_source_drinks,惊魂记,,,碎片,碎片,,,,,,https://agtujigvxxdppngirqtu.supabase.co/storage/v1/object/public/taplist-media/7aa1147c-5c8b-4c68-bc11-56ce34608689/drinks/15879e45-1a22-45e1-8366-ef082e24b072/no-menu-beer-artwork_-_2026-06-08T022751.049.jpg,,,active,production_drinks_2026-06-30_conservative_exact_key,1,1,0,1,15879e45-1a22-45e1-8366-ef082e24b072,7aa1147c-5c8b-4c68-bc11-56ce34608689,惊魂记,碎片,碎片,Single source drink; safe to create as standalone product if this row should enter pool.
candidate_0273,single_drink,create_product_then_link_source_drinks,精益求精,,,费登斯,费登斯,,,,,,https://agtujigvxxdppngirqtu.supabase.co/storage/v1/object/public/taplist-media/a4f4002f-fccd-41dd-bbc5-153d30fc5385/drinks/d5033c8f-097a-460d-bfdf-501a66defc0f/no-menu-beer-artwork__73_.jpg,,,active,production_drinks_2026-06-30_conservative_exact_key,1,1,0,1,d5033c8f-097a-460d-bfdf-501a66defc0f,a4f4002f-fccd-41dd-bbc5-153d30fc5385,精益求精,费登斯,费登斯,Single source drink; safe to create as standalone product if this row should enter pool.
candidate_0215,single_drink,create_product_then_link_source_drinks,久别重逢,,,酒窖师,酒窖师,,,,,,,,,active,production_drinks_2026-06-30_conservative_exact_key,1,1,0,1,a6084abe-236e-42c9-8e88-0de66fcab043,57d005da-1193-4bd2-955a-ef6b9653516d,久别重逢,酒窖师,酒窖师,Single source drink; safe to create as standalone product if this row should enter pool.
candidate_0385,single_drink,create_product_then_link_source_drinks,酒花伞兵,,,气泡实验室,气泡实验室,,,,,,https://agtujigvxxdppngirqtu.supabase.co/storage/v1/object/public/taplist-media/57d005da-1193-4bd2-955a-ef6b9653516d/drinks/bd89687f-af14-4055-8c40-7a592985200b/no-menu-beer-artwork.jpg,,,active,production_drinks_2026-06-30_conservative_exact_key,1,1,0,1,bd89687f-af14-4055-8c40-7a592985200b,57d005da-1193-4bd2-955a-ef6b9653516d,酒花伞兵,气泡实验室,气泡实验室,Single source drink; safe to create as standalone product if this row should enter pool.
candidate_0283,single_drink,create_product_then_link_source_drinks,酒花英雄,,,狐朋酿造,狐朋酿造,,,,,,https://agtujigvxxdppngirqtu.supabase.co/storage/v1/object/public/taplist-media/44a4429c-fb70-47a5-923b-370fce8f167e/drinks/c6325198-fbca-4c76-83a7-60ebd4bcde1c/no-menu-beer-artwork__80_.jpg,,,active,production_drinks_2026-06-30_conservative_exact_key,1,1,0,1,c6325198-fbca-4c76-83a7-60ebd4bcde1c,44a4429c-fb70-47a5-923b-370fce8f167e,酒花英雄,狐朋酿造,狐朋酿造,Single source drink; safe to create as standalone product if this row should enter pool.
candidate_0449,single_drink,create_product_then_link_source_drinks,卡南代瓜优质拉格,,,回头客,回头客,,,,,,,,,active,production_drinks_2026-06-30_conservative_exact_key,1,1,0,1,48cf9ea3-babf-40d2-94ba-f84deafc3a86,283206e3-22d9-4a54-b8a5-70694b1ec062,卡南代瓜优质拉格,回头客,回头客,Single source drink; safe to create as standalone product if this row should enter pool.
candidate_0045,single_drink,create_product_then_link_source_drinks,卡斯特罗半甜,,,,,,,,,,,,,active,production_drinks_2026-06-30_conservative_exact_key,1,1,0,1,160f681e-a498-40ba-8caf-e78deb8032cf,00000000-0000-0000-0000-000000000001,卡斯特罗半甜,,,Single source drink; safe to create as standalone product if this row should enter pool.
candidate_0484,single_drink,create_product_then_link_source_drinks,科墨堡皮尔森,,,科隆巴赫,科隆巴赫,,,,,,https://agtujigvxxdppngirqtu.supabase.co/storage/v1/object/public/taplist-media/a4f4002f-fccd-41dd-bbc5-153d30fc5385/drinks/e71f300f-01a8-42fc-9713-aa07e14f55ef/no-menu-beer-artwork__50_.jpg,,,active,production_drinks_2026-06-30_conservative_exact_key,1,1,0,1,e71f300f-01a8-42fc-9713-aa07e14f55ef,a4f4002f-fccd-41dd-bbc5-153d30fc5385,科墨堡皮尔森,科隆巴赫,科隆巴赫,Single source drink; safe to create as standalone product if this row should enter pool.
candidate_0237,single_drink,create_product_then_link_source_drinks,科慕堡皮尔森,,,科慕堡,科慕堡,,,,,,https://agtujigvxxdppngirqtu.supabase.co/storage/v1/object/public/taplist-media/d897a73b-37fb-4c57-af0f-79d8759173cb/drinks/f236daee-6ab8-4969-9fad-6b946d091b16/no-menu-beer-artwork__44_.jpg,,,active,production_drinks_2026-06-30_conservative_exact_key,1,1,0,1,f236daee-6ab8-4969-9fad-6b946d091b16,d897a73b-37fb-4c57-af0f-79d8759173cb,科慕堡皮尔森,科慕堡,科慕堡,Single source drink; safe to create as standalone product if this row should enter pool.
candidate_0001,single_drink,create_product_then_link_source_drinks,克莱嘉赫13年,,,,,,,,,,,,,active,production_drinks_2026-06-30_conservative_exact_key,1,1,0,1,d74f0577-1251-4448-8a78-63d708475ab4,00000000-0000-0000-0000-000000000001,克莱嘉赫13年,,,Single source drink; safe to create as standalone product if this row should enter pool.
candidate_0002,single_drink,create_product_then_link_source_drinks,克里尼利基14年,,,,,,,,,,,,,active,production_drinks_2026-06-30_conservative_exact_key,1,1,0,1,c9dbdbf7-cd41-461d-8457-eaaddb0aabd9,00000000-0000-0000-0000-000000000001,克里尼利基14年,,,Single source drink; safe to create as standalone product if this row should enter pool.
candidate_0471,single_drink,create_product_then_link_source_drinks,浪裹,,,诚实啤酒,诚实啤酒,,,,,,https://agtujigvxxdppngirqtu.supabase.co/storage/v1/object/public/taplist-media/44a4429c-fb70-47a5-923b-370fce8f167e/drinks/ebebdace-2e10-4217-b820-ddce08ff6073/no-menu-beer-artwork__29_.jpg,,,active,production_drinks_2026-06-30_conservative_exact_key,1,1,0,1,ebebdace-2e10-4217-b820-ddce08ff6073,44a4429c-fb70-47a5-923b-370fce8f167e,浪裹,诚实啤酒,诚实啤酒,Single source drink; safe to create as standalone product if this row should enter pool.
candidate_0157,single_drink,create_product_then_link_source_drinks,老城琥珀,,,彼岸,彼岸,,,,,,,,,active,production_drinks_2026-06-30_conservative_exact_key,1,1,0,1,3d6cb427-a8c3-4583-a7c4-5a3ad9f5f503,3d6cb427-a8c3-4583-a7c4-5a3ad9f5f787,老城琥珀,彼岸,彼岸,Single source drink; safe to create as standalone product if this row should enter pool.
candidate_0598,single_drink,create_product_then_link_source_drinks,老伙计 西海岸IPA,,,TAPSTAR,TAPSTAR,,,,,,,,,active,production_drinks_2026-06-30_conservative_exact_key,1,1,0,1,22fae627-edb8-48ce-967f-b70e83e85c55,00000000-0000-0000-0000-000000000001,老伙计 西海岸IPA,TAPSTAR,TAPSTAR,Single source drink; safe to create as standalone product if this row should enter pool.
candidate_0338,single_drink,create_product_then_link_source_drinks,立方,,,蔓延,蔓延,,,,,,https://agtujigvxxdppngirqtu.supabase.co/storage/v1/object/public/taplist-media/283206e3-22d9-4a54-b8a5-70694b1ec062/drinks/7921f0c5-819e-4f7f-ac1a-d3029f9a7422/no-menu-beer-artwork__88_.jpg,,,active,production_drinks_2026-06-30_conservative_exact_key,1,1,0,1,7921f0c5-819e-4f7f-ac1a-d3029f9a7422,283206e3-22d9-4a54-b8a5-70694b1ec062,立方,蔓延,蔓延,Single source drink; safe to create as standalone product if this row should enter pool.
candidate_0599,single_drink,create_product_then_link_source_drinks,凉拖拖 青柠皮尔斯,,,TAPSTAR,TAPSTAR,,,,,,,,,active,production_drinks_2026-06-30_conservative_exact_key,1,1,0,1,ecc36e0f-a6de-47ca-9220-0d0829c05555,00000000-0000-0000-0000-000000000001,凉拖拖 青柠皮尔斯,TAPSTAR,TAPSTAR,Single source drink; safe to create as standalone product if this row should enter pool.
candidate_0170,single_drink,create_product_then_link_source_drinks,鬣狗,,,洛莱,洛莱,,,,,,,,,active,production_drinks_2026-06-30_conservative_exact_key,1,1,0,1,0720742d-7ef6-4398-a797-fc0a84a831c9,57d005da-1193-4bd2-955a-ef6b9653516d,鬣狗,洛莱,洛莱,Single source drink; safe to create as standalone product if this row should enter pool.
candidate_0288,single_drink,create_product_then_link_source_drinks,另一半12周年,,,另一半,另一半,,,,,,https://agtujigvxxdppngirqtu.supabase.co/storage/v1/object/public/taplist-media/c3af90db-9734-4750-927c-38f6b37fb3e0/drinks/ead7b5fa-46a0-429d-ba33-67ba030015e6/no-menu-beer-artwork__24_.jpg,,,active,production_drinks_2026-06-30_conservative_exact_key,1,1,0,1,ead7b5fa-46a0-429d-ba33-67ba030015e6,c3af90db-9734-4750-927c-38f6b37fb3e0,另一半12周年,另一半,另一半,Single source drink; safe to create as standalone product if this row should enter pool.
candidate_0194,single_drink,create_product_then_link_source_drinks,另一个吻·香草,,,Fever,Fever,,,,,,https://agtujigvxxdppngirqtu.supabase.co/storage/v1/object/public/taplist-media/4d1da7d9-8b21-4706-b535-355b9ff79388/drinks/6cca02e1-c879-4426-aeed-29a1e84ee4fe/no-menu-beer-artwork__34_.jpg,,,active,production_drinks_2026-06-30_conservative_exact_key,1,1,0,1,6cca02e1-c879-4426-aeed-29a1e84ee4fe,4d1da7d9-8b21-4706-b535-355b9ff79388,另一个吻·香草,Fever,Fever,Single source drink; safe to create as standalone product if this row should enter pool.
candidate_0307,single_drink,create_product_then_link_source_drinks,流动,,,疯熊酿造,疯熊酿造,,,,,,https://agtujigvxxdppngirqtu.supabase.co/storage/v1/object/public/taplist-media/283206e3-22d9-4a54-b8a5-70694b1ec062/drinks/af4e1c2f-a723-49ec-83d2-3f84f95fc243/no-menu-beer-artwork__90_.jpg,,,active,production_drinks_2026-06-30_conservative_exact_key,1,1,0,1,af4e1c2f-a723-49ec-83d2-3f84f95fc243,283206e3-22d9-4a54-b8a5-70694b1ec062,流动,疯熊酿造,疯熊酿造,Single source drink; safe to create as standalone product if this row should enter pool.
candidate_0415,single_drink,create_product_then_link_source_drinks,流动,,,疯熊,疯熊,,,,,,https://agtujigvxxdppngirqtu.supabase.co/storage/v1/object/public/taplist-media/7cce9b27-acd5-4bdc-a302-153c8245a1c1/drinks/674e3afb-6cd8-4852-b531-1b74522c560a/no-menu-beer-artwork__16_.jpg,,,active,production_drinks_2026-06-30_conservative_exact_key,1,1,0,1,674e3afb-6cd8-4852-b531-1b74522c560a,7cce9b27-acd5-4bdc-a302-153c8245a1c1,流动,疯熊,疯熊,Single source drink; safe to create as standalone product if this row should enter pool.
candidate_0012,single_drink,create_product_then_link_source_drinks,龙舌兰,,,,,,,,,,,,,active,production_drinks_2026-06-30_conservative_exact_key,1,1,0,1,d2748265-de0a-414b-986b-0e6491075e83,00000000-0000-0000-0000-000000000001,龙舌兰,,,Single source drink; safe to create as standalone product if this row should enter pool.
candidate_0254,single_drink,create_product_then_link_source_drinks,路特斯运行原理,,,蜕变,蜕变,,,,,,,,,active,production_drinks_2026-06-30_conservative_exact_key,1,1,0,1,83a757e8-d146-42a7-86e9-dddc210e32af,a4f4002f-fccd-41dd-bbc5-153d30fc5385,路特斯运行原理,蜕变,蜕变,Single source drink; safe to create as standalone product if this row should enter pool.
candidate_0559,single_drink,create_product_then_link_source_drinks,伦敦啸叫,,,半颠,半颠,,,,,,https://agtujigvxxdppngirqtu.supabase.co/storage/v1/object/public/taplist-media/13b6f277-ab0d-4c19-ba8a-d97a5af9f51d/drinks/27462586-f18c-43a4-a9c7-6642b3e01ec1/no-menu-beer-artwork__88_.jpg,,,active,production_drinks_2026-06-30_conservative_exact_key,1,1,0,1,27462586-f18c-43a4-a9c7-6642b3e01ec1,13b6f277-ab0d-4c19-ba8a-d97a5af9f51d,伦敦啸叫,半颠,半颠,Single source drink; safe to create as standalone product if this row should enter pool.
candidate_0399,single_drink,create_product_then_link_source_drinks,螺旋,,,稳态,稳态,,,,,,,,,active,production_drinks_2026-06-30_conservative_exact_key,1,1,0,1,f1fd6656-27b2-4a47-ac6d-d6f6a7c97516,283206e3-22d9-4a54-b8a5-70694b1ec062,螺旋,稳态,稳态,Single source drink; safe to create as standalone product if this row should enter pool.
candidate_0362,single_drink,create_product_then_link_source_drinks,洛城之花,,,僧侣,僧侣,,,,,,https://agtujigvxxdppngirqtu.supabase.co/storage/v1/object/public/taplist-media/7aa1147c-5c8b-4c68-bc11-56ce34608689/drinks/611ed966-b92b-4543-b6bc-1d9ba730f8e7/no-menu-beer-artwork_-_2026-06-08T022839.191.jpg,,,active,production_drinks_2026-06-30_conservative_exact_key,1,1,0,1,611ed966-b92b-4543-b6bc-1d9ba730f8e7,7aa1147c-5c8b-4c68-bc11-56ce34608689,洛城之花,僧侣,僧侣,Single source drink; safe to create as standalone product if this row should enter pool.
candidate_0278,single_drink,create_product_then_link_source_drinks,马上有桔,,,狐朋酿造,狐朋酿造,,,,,,,,,active,production_drinks_2026-06-30_conservative_exact_key,1,1,0,1,3e78f0b4-6480-4128-b242-cdd579b12a71,44a4429c-fb70-47a5-923b-370fce8f167e,马上有桔,狐朋酿造,狐朋酿造,Single source drink; safe to create as standalone product if this row should enter pool.
candidate_0004,single_drink,create_product_then_link_source_drinks,麦卡伦12年,,,,,,,,,,,,,active,production_drinks_2026-06-30_conservative_exact_key,1,1,0,1,e5960dfa-612b-4bcc-aa89-6c15aff281aa,00000000-0000-0000-0000-000000000001,麦卡伦12年,,,Single source drink; safe to create as standalone product if this row should enter pool.
candidate_0216,single_drink,create_product_then_link_source_drinks,芒果,,,斯莫及,斯莫及,,,,,,,,,active,production_drinks_2026-06-30_conservative_exact_key,1,1,0,1,771c3797-6e92-4558-b94c-fa06f93446cd,57d005da-1193-4bd2-955a-ef6b9653516d,芒果,斯莫及,斯莫及,Single source drink; safe to create as standalone product if this row should enter pool.
candidate_0469,single_drink,create_product_then_link_source_drinks,玫红草莓,,,猫宁,猫宁,,,,,,https://agtujigvxxdppngirqtu.supabase.co/storage/v1/object/public/taplist-media/82bf1237-e90c-4379-a2bc-a6dad2726b93/drinks/cdd16fa4-45ca-4a92-874f-0cc150023fd8/no-menu-beer-artwork__37_.jpg,,,active,production_drinks_2026-06-30_conservative_exact_key,1,1,0,1,cdd16fa4-45ca-4a92-874f-0cc150023fd8,82bf1237-e90c-4379-a2bc-a6dad2726b93,玫红草莓,猫宁,猫宁,Single source drink; safe to create as standalone product if this row should enter pool.
candidate_0272,single_drink,create_product_then_link_source_drinks,莓好前程,,,狐朋酿造,狐朋酿造,,,,,,,,,active,production_drinks_2026-06-30_conservative_exact_key,1,1,0,1,f5f0d101-e430-4275-9677-cc707e7f16c7,44a4429c-fb70-47a5-923b-370fce8f167e,莓好前程,狐朋酿造,狐朋酿造,Single source drink; safe to create as standalone product if this row should enter pool.
candidate_0172,single_drink,create_product_then_link_source_drinks,美洲豹,,,洛莱,洛莱,,,,,,,,,active,production_drinks_2026-06-30_conservative_exact_key,1,1,0,1,b7cad690-f65f-44ed-9a80-8280a8eeaa34,57d005da-1193-4bd2-955a-ef6b9653516d,美洲豹,洛莱,洛莱,Single source drink; safe to create as standalone product if this row should enter pool.
candidate_0204,single_drink,create_product_then_link_source_drinks,朦胧之吻,,,双尾酿造 / Twin Tails,双尾酿造 / Twin Tails,,,,,,https://agtujigvxxdppngirqtu.supabase.co/storage/v1/object/public/taplist-media/831db2a1-ee47-4d88-9c0b-3e19a5668d6d/drinks/95bfc70f-2ff8-444e-a79a-36442e5a4b34/no-menu-beer-artwork__39_.jpg,,,active,production_drinks_2026-06-30_conservative_exact_key,1,1,0,1,95bfc70f-2ff8-444e-a79a-36442e5a4b34,831db2a1-ee47-4d88-9c0b-3e19a5668d6d,朦胧之吻,双尾酿造 / Twin Tails,双尾酿造 / Twin Tails,Single source drink; safe to create as standalone product if this row should enter pool.
candidate_0368,single_drink,create_product_then_link_source_drinks,梦见风,,,Fever,Fever,,,,,,https://agtujigvxxdppngirqtu.supabase.co/storage/v1/object/public/taplist-media/7aa1147c-5c8b-4c68-bc11-56ce34608689/drinks/88dac05e-2be9-4d28-a259-050285c25cb9/no-menu-beer-artwork_-_2026-06-08T022743.653.jpg,,,active,production_drinks_2026-06-30_conservative_exact_key,1,1,0,1,88dac05e-2be9-4d28-a259-050285c25cb9,7aa1147c-5c8b-4c68-bc11-56ce34608689,梦见风,Fever,Fever,Single source drink; safe to create as standalone product if this row should enter pool.
candidate_0182,single_drink,create_product_then_link_source_drinks,梦想Rêve Coffee Stout,,,郡区,郡区,,,,,,,,,active,production_drinks_2026-06-30_conservative_exact_key,1,1,0,1,ae439041-8d86-439b-ba4e-bf1641c49d86,57d005da-1193-4bd2-955a-ef6b9653516d,梦想Rêve Coffee Stout,郡区,郡区,Single source drink; safe to create as standalone product if this row should enter pool.
candidate_0514,single_drink,create_product_then_link_source_drinks,米芯,,,蝴蝶结,蝴蝶结,,,,,,https://agtujigvxxdppngirqtu.supabase.co/storage/v1/object/public/taplist-media/57d005da-1193-4bd2-955a-ef6b9653516d/drinks/50d4ed2a-9e10-4e54-ac44-7a3dd4b1d6bc/no-menu-beer-artwork__56_.jpg,,,active,production_drinks_2026-06-30_conservative_exact_key,1,1,0,1,50d4ed2a-9e10-4e54-ac44-7a3dd4b1d6bc,57d005da-1193-4bd2-955a-ef6b9653516d,米芯,蝴蝶结,蝴蝶结,Single source drink; safe to create as standalone product if this row should enter pool.
candidate_0313,single_drink,create_product_then_link_source_drinks,米贼,,,赤屿谷盗,赤屿谷盗,,,,,,,,,active,production_drinks_2026-06-30_conservative_exact_key,1,1,0,1,40ee85d7-ae6e-43d3-8746-dadadee96d65,57d005da-1193-4bd2-955a-ef6b9653516d,米贼,赤屿谷盗,赤屿谷盗,Single source drink; safe to create as standalone product if this row should enter pool.
candidate_0637,single_drink,create_product_then_link_source_drinks,墨西哥勇士,,,酒花僵尸,酒花僵尸,,,,,,https://agtujigvxxdppngirqtu.supabase.co/storage/v1/object/public/taplist-media/7cce9b27-acd5-4bdc-a302-153c8245a1c1/drinks/be6e9394-a1c6-4e35-bc43-4c30f609d44c/beer_zombies_Los_Guerreros.jpg,,,active,production_drinks_2026-06-30_conservative_exact_key,1,1,0,1,be6e9394-a1c6-4e35-bc43-4c30f609d44c,7cce9b27-acd5-4bdc-a302-153c8245a1c1,墨西哥勇士,酒花僵尸,酒花僵尸,Single source drink; safe to create as standalone product if this row should enter pool.
candidate_0534,single_drink,create_product_then_link_source_drinks,南境之花,,,野鹅,野鹅,,,,,,https://agtujigvxxdppngirqtu.supabase.co/storage/v1/object/public/taplist-media/13b6f277-ab0d-4c19-ba8a-d97a5af9f51d/drinks/d06d5125-18ae-4eb4-aee5-1b13fcb1a6e7/no-menu-beer-artwork__33_.jpg,,,active,production_drinks_2026-06-30_conservative_exact_key,1,1,0,1,d06d5125-18ae-4eb4-aee5-1b13fcb1a6e7,13b6f277-ab0d-4c19-ba8a-d97a5af9f51d,南境之花,野鹅,野鹅,Single source drink; safe to create as standalone product if this row should enter pool.
candidate_0576,single_drink,create_product_then_link_source_drinks,南境之花,,,野鹅微醺,野鹅微醺,,,,,,https://agtujigvxxdppngirqtu.supabase.co/storage/v1/object/public/taplist-media/27c1beca-c912-4f4a-bee5-3ccf0e5d981f/drinks/687f9f00-4f93-4e2a-9f9e-17ce717fdc24/no-menu-beer-artwork__31_.jpg,,,active,production_drinks_2026-06-30_conservative_exact_key,1,1,0,1,687f9f00-4f93-4e2a-9f9e-17ce717fdc24,27c1beca-c912-4f4a-bee5-3ccf0e5d981f,南境之花,野鹅微醺,野鹅微醺,Single source drink; safe to create as standalone product if this row should enter pool.
candidate_0482,single_drink,create_product_then_link_source_drinks,南境之花NZ-105,,,野鹅微醺,野鹅微醺,,,,,,https://agtujigvxxdppngirqtu.supabase.co/storage/v1/object/public/taplist-media/82bf1237-e90c-4379-a2bc-a6dad2726b93/drinks/c2773640-a4fc-4e3a-a023-721a1604ff13/no-menu-beer-artwork__33_.jpg,,,active,production_drinks_2026-06-30_conservative_exact_key,1,1,0,1,c2773640-a4fc-4e3a-a023-721a1604ff13,82bf1237-e90c-4379-a2bc-a6dad2726b93,南境之花NZ-105,野鹅微醺,野鹅微醺,Single source drink; safe to create as standalone product if this row should enter pool.
candidate_0327,single_drink,create_product_then_link_source_drinks,尼雅新疆雷司令干白,,,,,,,,,,,,,active,production_drinks_2026-06-30_conservative_exact_key,1,1,0,1,fef41ec5-39fd-4aa2-a7c3-2b7861845171,00000000-0000-0000-0000-000000000001,尼雅新疆雷司令干白,,,Single source drink; safe to create as standalone product if this row should enter pool.
candidate_0236,single_drink,create_product_then_link_source_drinks,怒饮酒花儿,,,齿轮精酿,齿轮精酿,,,,,,https://agtujigvxxdppngirqtu.supabase.co/storage/v1/object/public/taplist-media/d897a73b-37fb-4c57-af0f-79d8759173cb/drinks/41c7b256-ad1e-44b7-8d2a-8076b92fe54e/no-menu-beer-artwork__49_.jpg,,,active,production_drinks_2026-06-30_conservative_exact_key,1,1,0,1,41c7b256-ad1e-44b7-8d2a-8076b92fe54e,d897a73b-37fb-4c57-af0f-79d8759173cb,怒饮酒花儿,齿轮精酿,齿轮精酿,Single source drink; safe to create as standalone product if this row should enter pool.
candidate_0260,single_drink,create_product_then_link_source_drinks,配瑟芬,,,凡人,凡人,,,,,,,,,active,production_drinks_2026-06-30_conservative_exact_key,1,1,0,1,29eb6701-69d3-4be4-8e00-040d0897a1c8,a4f4002f-fccd-41dd-bbc5-153d30fc5385,配瑟芬,凡人,凡人,Single source drink; safe to create as standalone product if this row should enter pool.
candidate_0545,single_drink,create_product_then_link_source_drinks,皮尔森生啤,,,百得福,百得福,,,,,,https://agtujigvxxdppngirqtu.supabase.co/storage/v1/object/public/taplist-media/494bcf1f-8346-480f-a396-204b104c9313/drinks/7d415a1a-08e6-4995-b569-6e767251bd0e/no-menu-beer-artwork__11_.jpg,,,active,production_drinks_2026-06-30_conservative_exact_key,1,1,0,1,7d415a1a-08e6-4995-b569-6e767251bd0e,494bcf1f-8346-480f-a396-204b104c9313,皮尔森生啤,百得福,百得福,Single source drink; safe to create as standalone product if this row should enter pool.
candidate_0184,single_drink,create_product_then_link_source_drinks,皮纳科达拉,,,斯莫及,斯莫及,,,,,,,,,active,production_drinks_2026-06-30_conservative_exact_key,1,1,0,1,18639144-991b-435a-aa05-bfdd75f26cb2,57d005da-1193-4bd2-955a-ef6b9653516d,皮纳科达拉,斯莫及,斯莫及,Single source drink; safe to create as standalone product if this row should enter pool.
candidate_0202,single_drink,create_product_then_link_source_drinks,啤酒实习生2603,,,疯熊工业 / Crazy Bear Industry,疯熊工业 / Crazy Bear Industry,,,,,,,,,active,production_drinks_2026-06-30_conservative_exact_key,1,1,0,1,a03ee8e0-400a-4dfd-9a64-3a7e87f71301,831db2a1-ee47-4d88-9c0b-3e19a5668d6d,啤酒实习生2603,疯熊工业 / Crazy Bear Industry,疯熊工业 / Crazy Bear Industry,Single source drink; safe to create as standalone product if this row should enter pool.
candidate_0364,single_drink,create_product_then_link_source_drinks,啤酒实习生2603,,,疯熊,疯熊,,,,,,https://agtujigvxxdppngirqtu.supabase.co/storage/v1/object/public/taplist-media/7aa1147c-5c8b-4c68-bc11-56ce34608689/drinks/2a267414-7ee8-4d9b-bed0-3c3706fcdedd/no-menu-beer-artwork_-_2026-06-08T022637.443.jpg,,,active,production_drinks_2026-06-30_conservative_exact_key,1,1,0,1,2a267414-7ee8-4d9b-bed0-3c3706fcdedd,7aa1147c-5c8b-4c68-bc11-56ce34608689,啤酒实习生2603,疯熊,疯熊,Single source drink; safe to create as standalone product if this row should enter pool.
candidate_0588,single_drink,create_product_then_link_source_drinks,普通的一天,,,赤耳,赤耳,,,,,,https://agtujigvxxdppngirqtu.supabase.co/storage/v1/object/public/taplist-media/7aa1147c-5c8b-4c68-bc11-56ce34608689/drinks/3e758938-aa9b-4d4b-a38a-95dfb954d18b/no-menu-beer-artwork__12_.jpg,,,active,production_drinks_2026-06-30_conservative_exact_key,1,1,0,1,3e758938-aa9b-4d4b-a38a-95dfb954d18b,7aa1147c-5c8b-4c68-bc11-56ce34608689,普通的一天,赤耳,赤耳,Single source drink; safe to create as standalone product if this row should enter pool.
candidate_0009,single_drink,create_product_then_link_source_drinks,麒麟（Kirin）,,,,,,,,,,,,,active,production_drinks_2026-06-30_conservative_exact_key,1,1,0,1,5c9664ab-1bc9-44d4-b1aa-9877e54cdf38,00000000-0000-0000-0000-000000000001,麒麟（Kirin）,,,Single source drink; safe to create as standalone product if this row should enter pool.
candidate_0218,single_drink,create_product_then_link_source_drinks,起始之日,,,种子,种子,,,,,,,,,active,production_drinks_2026-06-30_conservative_exact_key,1,1,0,1,42efe8ab-a5bd-4a66-9dae-41eb74a57f14,57d005da-1193-4bd2-955a-ef6b9653516d,起始之日,种子,种子,Single source drink; safe to create as standalone product if this row should enter pool.
candidate_0149,single_drink,create_product_then_link_source_drinks,青年养老院,,,制乐厂,制乐厂,,,,,,,,,active,production_drinks_2026-06-30_conservative_exact_key,1,1,0,1,f60d305d-cbcf-4172-98e6-38056033c3f9,81a90487-39c9-46bb-b221-68ff631275d6,青年养老院,制乐厂,制乐厂,Single source drink; safe to create as standalone product if this row should enter pool.
candidate_0419,single_drink,create_product_then_link_source_drinks,秋日酸艾,,,邪恶双子,邪恶双子,,,,,,,,,active,production_drinks_2026-06-30_conservative_exact_key,1,1,0,1,21567c04-8aa1-4f85-b40d-2a4b4bd34506,57d005da-1193-4bd2-955a-ef6b9653516d,秋日酸艾,邪恶双子,邪恶双子,Single source drink; safe to create as standalone product if this row should enter pool.
candidate_0557,single_drink,create_product_then_link_source_drinks,全场最佳,,,辉光,辉光,,,,,,,,,active,production_drinks_2026-06-30_conservative_exact_key,1,1,0,1,a69b21d1-5323-44ab-ac34-c9f3211fc691,283206e3-22d9-4a54-b8a5-70694b1ec062,全场最佳,辉光,辉光,Single source drink; safe to create as standalone product if this row should enter pool.
candidate_0235,single_drink,create_product_then_link_source_drinks,饶了地球,,,分野酿造 / Quadrant Brewing,分野酿造 / Quadrant Brewing,,,,,,https://agtujigvxxdppngirqtu.supabase.co/storage/v1/object/public/taplist-media/831db2a1-ee47-4d88-9c0b-3e19a5668d6d/drinks/3e179fb9-6cee-47cc-aeb4-72d22c4b0a38/no-menu-beer-artwork__37_.jpg,,,active,production_drinks_2026-06-30_conservative_exact_key,1,1,0,1,3e179fb9-6cee-47cc-aeb4-72d22c4b0a38,831db2a1-ee47-4d88-9c0b-3e19a5668d6d,饶了地球,分野酿造 / Quadrant Brewing,分野酿造 / Quadrant Brewing,Single source drink; safe to create as standalone product if this row should enter pool.
candidate_0397,single_drink,create_product_then_link_source_drinks,绕了地球,,,分野酿造,分野酿造,,,,,,https://agtujigvxxdppngirqtu.supabase.co/storage/v1/object/public/taplist-media/283206e3-22d9-4a54-b8a5-70694b1ec062/drinks/21a3ec66-a62b-41e4-b7e3-3387549d567f/no-menu-beer-artwork__2_.jpg,,,active,production_drinks_2026-06-30_conservative_exact_key,1,1,0,1,21a3ec66-a62b-41e4-b7e3-3387549d567f,283206e3-22d9-4a54-b8a5-70694b1ec062,绕了地球,分野酿造,分野酿造,Single source drink; safe to create as standalone product if this row should enter pool.
candidate_0289,single_drink,create_product_then_link_source_drinks,日暮里/Nippori,,,2062&独墨,2062&独墨,,,,,,https://agtujigvxxdppngirqtu.supabase.co/storage/v1/object/public/taplist-media/831db2a1-ee47-4d88-9c0b-3e19a5668d6d/drinks/02ab2efe-af07-4064-ac88-e3e1b03efe82/no-menu-beer-artwork__83_.jpg,,,active,production_drinks_2026-06-30_conservative_exact_key,1,1,0,1,02ab2efe-af07-4064-ac88-e3e1b03efe82,831db2a1-ee47-4d88-9c0b-3e19a5668d6d,日暮里/Nippori,2062&独墨,2062&独墨,Single source drink; safe to create as standalone product if this row should enter pool.
candidate_0281,single_drink,create_product_then_link_source_drinks,融雪之前,,,云朵,云朵,,,,,,,,,active,production_drinks_2026-06-30_conservative_exact_key,1,1,0,1,f8af5260-7214-4bbe-a773-04d446396fcc,c3af90db-9734-4750-927c-38f6b37fb3e0,融雪之前,云朵,云朵,Single source drink; safe to create as standalone product if this row should enter pool.
candidate_0426,single_drink,create_product_then_link_source_drinks,融雪之前,,,云朴,云朴,,,,,,https://agtujigvxxdppngirqtu.supabase.co/storage/v1/object/public/taplist-media/c3af90db-9734-4750-927c-38f6b37fb3e0/drinks/46ca2285-bca3-4b28-89ad-7b608145cf15/no-menu-beer-artwork__22_.jpg,,,active,production_drinks_2026-06-30_conservative_exact_key,1,1,0,1,46ca2285-bca3-4b28-89ad-7b608145cf15,c3af90db-9734-4750-927c-38f6b37fb3e0,融雪之前,云朴,云朴,Single source drink; safe to create as standalone product if this row should enter pool.
candidate_0323,single_drink,create_product_then_link_source_drinks,瑞瓦卡酒花,,,艾尔复兴,艾尔复兴,,,,,,,,,active,production_drinks_2026-06-30_conservative_exact_key,1,1,0,1,0b615ccd-2906-4824-89d9-02e05258f871,283206e3-22d9-4a54-b8a5-70694b1ec062,瑞瓦卡酒花,艾尔复兴,艾尔复兴,Single source drink; safe to create as standalone product if this row should enter pool.
candidate_0010,single_drink,create_product_then_link_source_drinks,三宝乐（Sapporo）,,,,,,,,,,,,,active,production_drinks_2026-06-30_conservative_exact_key,1,1,0,1,17616038-39f0-4eb2-9afb-377065a98799,00000000-0000-0000-0000-000000000001,三宝乐（Sapporo）,,,Single source drink; safe to create as standalone product if this row should enter pool.
candidate_0316,single_drink,create_product_then_link_source_drinks,三重未知,,,修订,修订,,,,,,,,,active,production_drinks_2026-06-30_conservative_exact_key,1,1,0,1,2adaae28-8ec9-4510-adfc-c90cbd553aca,283206e3-22d9-4a54-b8a5-70694b1ec062,三重未知,修订,修订,Single source drink; safe to create as standalone product if this row should enter pool.
candidate_0269,single_drink,create_product_then_link_source_drinks,沙滩小麦,,,MOJO,MOJO,,,,,,,,,active,production_drinks_2026-06-30_conservative_exact_key,1,1,0,1,44a4429c-fb70-47a5-923b-370fce8f0101,44a4429c-fb70-47a5-923b-370fce8f167e,沙滩小麦,MOJO,MOJO,Single source drink; safe to create as standalone product if this row should enter pool.
candidate_0114,single_drink,create_product_then_link_source_drinks,山野拾荒者,,,航标酿造,航标酿造,,,,,,,,,active,production_drinks_2026-06-30_conservative_exact_key,1,1,0,1,44a4429c-fb70-47a5-923b-370fce8f0112,44a4429c-fb70-47a5-923b-370fce8f167e,山野拾荒者,航标酿造,航标酿造,Single source drink; safe to create as standalone product if this row should enter pool.
candidate_0406,single_drink,create_product_then_link_source_drinks,生化梦境,,,稳态,稳态,,,,,,,,,active,production_drinks_2026-06-30_conservative_exact_key,1,1,0,1,c1c8e19c-89da-4953-9f6b-4c9d14e686c4,7cce9b27-acd5-4bdc-a302-153c8245a1c1,生化梦境,稳态,稳态,Single source drink; safe to create as standalone product if this row should enter pool.
candidate_0386,single_drink,create_product_then_link_source_drinks,实习生2603,,,疯熊,疯熊,,,,,,https://agtujigvxxdppngirqtu.supabase.co/storage/v1/object/public/taplist-media/da21ab4e-93f7-49ca-8318-15fcbae24a93/drinks/3bb78824-c945-4bdd-8067-74e8e1cf8958/no-menu-beer-artwork__5_.jpg,,,active,production_drinks_2026-06-30_conservative_exact_key,1,1,0,1,3bb78824-c945-4bdd-8067-74e8e1cf8958,da21ab4e-93f7-49ca-8318-15fcbae24a93,实习生2603,疯熊,疯熊,Single source drink; safe to create as standalone product if this row should enter pool.
candidate_0203,single_drink,create_product_then_link_source_drinks,史蒂夫之斧,,,欧米尼珀罗,欧米尼珀罗,,,,,,,,,active,production_drinks_2026-06-30_conservative_exact_key,1,1,0,1,b5c1d202-5150-4611-81d1-685287eb15a9,c3af90db-9734-4750-927c-38f6b37fb3e0,史蒂夫之斧,欧米尼珀罗,欧米尼珀罗,Single source drink; safe to create as standalone product if this row should enter pool.
candidate_0423,single_drink,create_product_then_link_source_drinks,世界杯,,,,,,,,,,,,,active,production_drinks_2026-06-30_conservative_exact_key,1,1,0,1,d54f304a-b02d-4932-bc22-bd28fbfb1bff,81a90487-39c9-46bb-b221-68ff631275d6,世界杯,,,Single source drink; safe to create as standalone product if this row should enter pool.
candidate_0199,single_drink,create_product_then_link_source_drinks,树莓兰比克,,,澎湃家族,澎湃家族,,,,,,,,,active,production_drinks_2026-06-30_conservative_exact_key,1,1,0,1,fb245134-8e0b-4bd2-9ad8-96bca6f9a666,c3af90db-9734-4750-927c-38f6b37fb3e0,树莓兰比克,澎湃家族,澎湃家族,Single source drink; safe to create as standalone product if this row should enter pool.
candidate_0304,single_drink,create_product_then_link_source_drinks,双板滑雪,,,艾尔复兴,艾尔复兴,,,,,,,,,active,production_drinks_2026-06-30_conservative_exact_key,1,1,0,1,c6e5a6a8-2845-4673-b35a-dc9a8c8c2152,57d005da-1193-4bd2-955a-ef6b9653516d,双板滑雪,艾尔复兴,艾尔复兴,Single source drink; safe to create as standalone product if this row should enter pool.
candidate_0451,single_drink,create_product_then_link_source_drinks,双倍爆汁,,,焊接工厂,焊接工厂,,,,,,https://agtujigvxxdppngirqtu.supabase.co/storage/v1/object/public/taplist-media/00234890-ee30-4985-992d-98ab8ce1d5de/drinks/61fefabf-7f15-4631-8fb7-66c08353e0ab/____________.png,,,active,production_drinks_2026-06-30_conservative_exact_key,1,1,0,1,61fefabf-7f15-4631-8fb7-66c08353e0ab,00234890-ee30-4985-992d-98ab8ce1d5de,双倍爆汁,焊接工厂,焊接工厂,Single source drink; safe to create as standalone product if this row should enter pool.
candidate_0403,single_drink,create_product_then_link_source_drinks,双倍跳东湖,,,十八酿造,十八酿造,,,,,,https://agtujigvxxdppngirqtu.supabase.co/storage/v1/object/public/taplist-media/7cce9b27-acd5-4bdc-a302-153c8245a1c1/drinks/36df6c46-2ee3-444a-8759-7ea804fa4ecb/no-menu-beer-artwork__13_.jpg,,,active,production_drinks_2026-06-30_conservative_exact_key,1,1,0,1,36df6c46-2ee3-444a-8759-7ea804fa4ecb,7cce9b27-acd5-4bdc-a302-153c8245a1c1,双倍跳东湖,十八酿造,十八酿造,Single source drink; safe to create as standalone product if this row should enter pool.
candidate_0443,single_drink,create_product_then_link_source_drinks,水果地图,,,,,,,,,,,,,active,production_drinks_2026-06-30_conservative_exact_key,1,1,0,1,81da6aa2-5bde-42b9-90fc-26b703a03049,00000000-0000-0000-0000-000000000001,水果地图,,,Single source drink; safe to create as standalone product if this row should enter pool.
candidate_0577,single_drink,create_product_then_link_source_drinks,水蜜桃,,,田园酿造,田园酿造,,,,,,https://agtujigvxxdppngirqtu.supabase.co/storage/v1/object/public/taplist-media/27c1beca-c912-4f4a-bee5-3ccf0e5d981f/drinks/7fa61c54-4f19-46bb-8c72-dedc95f27277/_____________.png,,,active,production_drinks_2026-06-30_conservative_exact_key,1,1,0,1,7fa61c54-4f19-46bb-8c72-dedc95f27277,27c1beca-c912-4f4a-bee5-3ccf0e5d981f,水蜜桃,田园酿造,田园酿造,Single source drink; safe to create as standalone product if this row should enter pool.
candidate_0404,single_drink,create_product_then_link_source_drinks,送你一朵小红花,,,犀首田园,犀首田园,,,,,,https://agtujigvxxdppngirqtu.supabase.co/storage/v1/object/public/taplist-media/7cce9b27-acd5-4bdc-a302-153c8245a1c1/drinks/4759a53b-8fdf-4500-ba8f-297106640183/no-menu-beer-artwork__7_.jpg,,,active,production_drinks_2026-06-30_conservative_exact_key,1,1,0,1,4759a53b-8fdf-4500-ba8f-297106640183,7cce9b27-acd5-4bdc-a302-153c8245a1c1,送你一朵小红花,犀首田园,犀首田园,Single source drink; safe to create as standalone product if this row should enter pool.
candidate_0262,single_drink,create_product_then_link_source_drinks,搜魂者,,,FEVER,FEVER,,,,,,https://agtujigvxxdppngirqtu.supabase.co/storage/v1/object/public/taplist-media/494bcf1f-8346-480f-a396-204b104c9313/drinks/c32cc2c6-17bf-433c-a97f-422c500f116f/no-menu-beer-artwork__58_.jpg,,,active,production_drinks_2026-06-30_conservative_exact_key,1,1,0,1,c32cc2c6-17bf-433c-a97f-422c500f116f,494bcf1f-8346-480f-a396-204b104c9313,搜魂者,FEVER,FEVER,Single source drink; safe to create as standalone product if this row should enter pool.
candidate_0105,single_drink,create_product_then_link_source_drinks,苏打水,,,,,,,,,,,,,active,production_drinks_2026-06-30_conservative_exact_key,1,1,0,1,2d8b3dcd-06c0-4462-90c1-e309857a291a,00000000-0000-0000-0000-000000000001,苏打水,,,Single source drink; safe to create as standalone product if this row should enter pool.
candidate_0337,single_drink,create_product_then_link_source_drinks,岁寒,,,无毛用,无毛用,,,,,,,,,active,production_drinks_2026-06-30_conservative_exact_key,1,1,0,1,4a21b136-6105-43d4-bc42-e9654cca9b10,1cff208a-4424-4867-966d-a7839ac59f6f,岁寒,无毛用,无毛用,Single source drink; safe to create as standalone product if this row should enter pool.
candidate_0106,single_drink,create_product_then_link_source_drinks,汤力水,,,,,,,,,,,,,active,production_drinks_2026-06-30_conservative_exact_key,1,1,0,1,811a7c20-e416-4332-b235-24ee6a11f130,00000000-0000-0000-0000-000000000001,汤力水,,,Single source drink; safe to create as standalone product if this row should enter pool.
candidate_0205,single_drink,create_product_then_link_source_drinks,天选之子,,,倾斜谷仓,倾斜谷仓,,,,,,,,,active,production_drinks_2026-06-30_conservative_exact_key,1,1,0,1,db2b28b4-d266-43bd-b7ce-0c7348233ad1,c3af90db-9734-4750-927c-38f6b37fb3e0,天选之子,倾斜谷仓,倾斜谷仓,Single source drink; safe to create as standalone product if this row should enter pool.
candidate_0265,single_drink,create_product_then_link_source_drinks,童年回忆,,,英雄啤酒,英雄啤酒,,,,,,https://agtujigvxxdppngirqtu.supabase.co/storage/v1/object/public/taplist-media/a4f4002f-fccd-41dd-bbc5-153d30fc5385/drinks/1dcc1f28-e36a-4363-91ee-ee73d52a3bb8/no-menu-beer-artwork__71_.jpg,,,active,production_drinks_2026-06-30_conservative_exact_key,1,1,0,1,1dcc1f28-e36a-4363-91ee-ee73d52a3bb8,a4f4002f-fccd-41dd-bbc5-153d30fc5385,童年回忆,英雄啤酒,英雄啤酒,Single source drink; safe to create as standalone product if this row should enter pool.
candidate_0253,single_drink,create_product_then_link_source_drinks,头脑风暴,,,闪电萨拉玛,闪电萨拉玛,,,,,,https://agtujigvxxdppngirqtu.supabase.co/storage/v1/object/public/taplist-media/a4f4002f-fccd-41dd-bbc5-153d30fc5385/drinks/3f088392-09da-4e1d-b75d-cab784332e47/no-menu-beer-artwork__68_.jpg,,,active,production_drinks_2026-06-30_conservative_exact_key,1,1,0,1,3f088392-09da-4e1d-b75d-cab784332e47,a4f4002f-fccd-41dd-bbc5-153d30fc5385,头脑风暴,闪电萨拉玛,闪电萨拉玛,Single source drink; safe to create as standalone product if this row should enter pool.
candidate_0408,single_drink,create_product_then_link_source_drinks,图尔帕,,,葡月圣树,葡月圣树,,,,,,,,,active,production_drinks_2026-06-30_conservative_exact_key,1,1,0,1,305ba96c-6cdc-46d3-9a85-f2fce06b83a8,7cce9b27-acd5-4bdc-a302-153c8245a1c1,图尔帕,葡月圣树,葡月圣树,Single source drink; safe to create as standalone product if this row should enter pool.
candidate_0138,single_drink,create_product_then_link_source_drinks,万万岁,,,风味屋,风味屋,,,,,,,,,active,production_drinks_2026-06-30_conservative_exact_key,1,1,0,1,44a4429c-fb70-47a5-923b-370fce8f0105,44a4429c-fb70-47a5-923b-370fce8f167e,万万岁,风味屋,风味屋,Single source drink; safe to create as standalone product if this row should enter pool.
candidate_0248,single_drink,create_product_then_link_source_drinks,万志,,,三得利,三得利,,,,,,,,,active,production_drinks_2026-06-30_conservative_exact_key,1,1,0,1,83a46892-4af4-43e3-b1bc-28315c5d06a2,a4f4002f-fccd-41dd-bbc5-153d30fc5385,万志,三得利,三得利,Single source drink; safe to create as standalone product if this row should enter pool.
candidate_0169,single_drink,create_product_then_link_source_drinks,望梅止渴,,,彼岸,彼岸,,,,,,https://agtujigvxxdppngirqtu.supabase.co/storage/v1/object/public/taplist-media/4d1da7d9-8b21-4706-b535-355b9ff79388/drinks/4d1da7d9-8b21-4706-b535-355b9ff70108/no-menu-beer-artwork__18_.jpg,,,active,production_drinks_2026-06-30_conservative_exact_key,1,1,0,1,4d1da7d9-8b21-4706-b535-355b9ff70108,4d1da7d9-8b21-4706-b535-355b9ff79388,望梅止渴,彼岸,彼岸,Single source drink; safe to create as standalone product if this row should enter pool.
candidate_0223,single_drink,create_product_then_link_source_drinks,望梅止渴,,,彼岸酿造,彼岸酿造,,,,,,https://agtujigvxxdppngirqtu.supabase.co/storage/v1/object/public/taplist-media/494bcf1f-8346-480f-a396-204b104c9313/drinks/4d5d1a4d-e272-43c1-ab8b-1d2cd3dbe369/no-menu-beer-artwork__59_.jpg,,,active,production_drinks_2026-06-30_conservative_exact_key,1,1,0,1,4d5d1a4d-e272-43c1-ab8b-1d2cd3dbe369,494bcf1f-8346-480f-a396-204b104c9313,望梅止渴,彼岸酿造,彼岸酿造,Single source drink; safe to create as standalone product if this row should enter pool.
candidate_0343,single_drink,create_product_then_link_source_drinks,维京征服,,,三子,三子,,,,,,https://agtujigvxxdppngirqtu.supabase.co/storage/v1/object/public/taplist-media/c3af90db-9734-4750-927c-38f6b37fb3e0/drinks/c663bc60-f535-4cf2-bba1-6154a941a7f3/no-menu-beer-artwork_-_2026-06-07T201753.702.jpg,,,active,production_drinks_2026-06-30_conservative_exact_key,1,1,0,1,c663bc60-f535-4cf2-bba1-6154a941a7f3,c3af90db-9734-4750-927c-38f6b37fb3e0,维京征服,三子,三子,Single source drink; safe to create as standalone product if this row should enter pool.
candidate_0198,single_drink,create_product_then_link_source_drinks,无限螺旋,,,野鹅微醺 x 佳卡哈,野鹅微醺 x 佳卡哈,,,,,,https://agtujigvxxdppngirqtu.supabase.co/storage/v1/object/public/taplist-media/831db2a1-ee47-4d88-9c0b-3e19a5668d6d/drinks/d5898f73-3a45-4793-b701-9a0ced4b716c/no-menu-beer-artwork__41_.jpg,,,active,production_drinks_2026-06-30_conservative_exact_key,1,1,0,1,d5898f73-3a45-4793-b701-9a0ced4b716c,831db2a1-ee47-4d88-9c0b-3e19a5668d6d,无限螺旋,野鹅微醺 x 佳卡哈,野鹅微醺 x 佳卡哈,Single source drink; safe to create as standalone product if this row should enter pool.
candidate_0499,single_drink,create_product_then_link_source_drinks,无限螺旋,,,野鹅微醺,野鹅微醺,,,,,,https://agtujigvxxdppngirqtu.supabase.co/storage/v1/object/public/taplist-media/82bf1237-e90c-4379-a2bc-a6dad2726b93/drinks/4bc1f11c-d51d-4795-b6f5-450480e22706/no-menu-beer-artwork__32_.jpg,,,active,production_drinks_2026-06-30_conservative_exact_key,1,1,0,1,4bc1f11c-d51d-4795-b6f5-450480e22706,82bf1237-e90c-4379-a2bc-a6dad2726b93,无限螺旋,野鹅微醺,野鹅微醺,Single source drink; safe to create as standalone product if this row should enter pool.
candidate_0208,single_drink,create_product_then_link_source_drinks,无序：汪汪惊喜,,,艾尔复兴,艾尔复兴,,,,,,,,,active,production_drinks_2026-06-30_conservative_exact_key,1,1,0,1,615c6ae0-04dc-480e-9696-55357fab4f58,c3af90db-9734-4750-927c-38f6b37fb3e0,无序：汪汪惊喜,艾尔复兴,艾尔复兴,Single source drink; safe to create as standalone product if this row should enter pool.
candidate_0263,single_drink,create_product_then_link_source_drinks,无序冰壶,,,艾尔复兴,艾尔复兴,,,,,,,,,active,production_drinks_2026-06-30_conservative_exact_key,1,1,0,1,463c221a-7314-4830-8290-b97f3c03fad0,a4f4002f-fccd-41dd-bbc5-153d30fc5385,无序冰壶,艾尔复兴,艾尔复兴,Single source drink; safe to create as standalone product if this row should enter pool.
candidate_0439,single_drink,create_product_then_link_source_drinks,像风,,,疯熊工业,疯熊工业,,,,,,https://agtujigvxxdppngirqtu.supabase.co/storage/v1/object/public/taplist-media/4d1da7d9-8b21-4706-b535-355b9ff79388/drinks/0c309081-c9b1-4532-81f9-7e95b22f5d0a/no-menu-beer-artwork__35_.jpg,,,active,production_drinks_2026-06-30_conservative_exact_key,1,1,0,1,0c309081-c9b1-4532-81f9-7e95b22f5d0a,4d1da7d9-8b21-4706-b535-355b9ff79388,像风,疯熊工业,疯熊工业,Single source drink; safe to create as standalone product if this row should enter pool.
candidate_0275,single_drink,create_product_then_link_source_drinks,像蔓越莓,,,蔓延,蔓延,,,,,,https://agtujigvxxdppngirqtu.supabase.co/storage/v1/object/public/taplist-media/4d1da7d9-8b21-4706-b535-355b9ff79388/drinks/e74844dd-9fae-450c-9c3b-322d7cf3d4b6/no-menu-beer-artwork__85_.jpg,,,active,production_drinks_2026-06-30_conservative_exact_key,1,1,0,1,e74844dd-9fae-450c-9c3b-322d7cf3d4b6,4d1da7d9-8b21-4706-b535-355b9ff79388,像蔓越莓,蔓延,蔓延,Single source drink; safe to create as standalone product if this row should enter pool.
candidate_0214,single_drink,create_product_then_link_source_drinks,小夫,,,退界,退界,,,,,,,,,active,production_drinks_2026-06-30_conservative_exact_key,1,1,0,1,6541041c-2c70-42f5-8e08-e9b55ffc923b,57d005da-1193-4bd2-955a-ef6b9653516d,小夫,退界,退界,Single source drink; safe to create as standalone product if this row should enter pool.
candidate_0448,single_drink,create_product_then_link_source_drinks,小花冠,,,虽吴酿造,虽吴酿造,,,,,,https://agtujigvxxdppngirqtu.supabase.co/storage/v1/object/public/taplist-media/44a4429c-fb70-47a5-923b-370fce8f167e/drinks/02771aa7-ffd4-470a-805f-ce520696e2ff/no-menu-beer-artwork__4_.jpg,,,active,production_drinks_2026-06-30_conservative_exact_key,1,1,0,1,02771aa7-ffd4-470a-805f-ce520696e2ff,44a4429c-fb70-47a5-923b-370fce8f167e,小花冠,虽吴酿造,虽吴酿造,Single source drink; safe to create as standalone product if this row should enter pool.
candidate_0370,single_drink,create_product_then_link_source_drinks,小花冠 墨西哥拉格,,,虽吴酿造,虽吴酿造,,,,,,https://agtujigvxxdppngirqtu.supabase.co/storage/v1/object/public/taplist-media/494bcf1f-8346-480f-a396-204b104c9313/drinks/512c0655-e419-44e8-a262-d3a95eb12726/no-menu-beer-artwork__8_.jpg,,,active,production_drinks_2026-06-30_conservative_exact_key,1,1,0,1,512c0655-e419-44e8-a262-d3a95eb12726,494bcf1f-8346-480f-a396-204b104c9313,小花冠 墨西哥拉格,虽吴酿造,虽吴酿造,Single source drink; safe to create as standalone product if this row should enter pool.
candidate_0050,single_drink,create_product_then_link_source_drinks,小太阳莫斯卡托起泡白葡萄酒,,,,,,,,,,,,,active,production_drinks_2026-06-30_conservative_exact_key,1,1,0,1,6ecb873a-3631-4879-9ad4-eaed50dd8b69,00000000-0000-0000-0000-000000000001,小太阳莫斯卡托起泡白葡萄酒,,,Single source drink; safe to create as standalone product if this row should enter pool.
candidate_0425,single_drink,create_product_then_link_source_drinks,辛青农舍,,,蔓延酿造,蔓延酿造,,,,,,https://agtujigvxxdppngirqtu.supabase.co/storage/v1/object/public/taplist-media/7cce9b27-acd5-4bdc-a302-153c8245a1c1/drinks/b63d9b00-617d-4f64-9391-507716ab11ae/no-menu-beer-artwork__14_.jpg,,,active,production_drinks_2026-06-30_conservative_exact_key,1,1,0,1,b63d9b00-617d-4f64-9391-507716ab11ae,7cce9b27-acd5-4bdc-a302-153c8245a1c1,辛青农舍,蔓延酿造,蔓延酿造,Single source drink; safe to create as standalone product if this row should enter pool.
candidate_0135,single_drink,create_product_then_link_source_drinks,辛香农舍,,,蔓延酿造,蔓延酿造,,,,,,https://agtujigvxxdppngirqtu.supabase.co/storage/v1/object/public/taplist-media/44a4429c-fb70-47a5-923b-370fce8f167e/drinks/44a4429c-fb70-47a5-923b-370fce8f0109/no-menu-beer-artwork__76_.jpg,,,active,production_drinks_2026-06-30_conservative_exact_key,1,1,0,1,44a4429c-fb70-47a5-923b-370fce8f0109,44a4429c-fb70-47a5-923b-370fce8f167e,辛香农舍,蔓延酿造,蔓延酿造,Single source drink; safe to create as standalone product if this row should enter pool.
candidate_0335,single_drink,create_product_then_link_source_drinks,星际物质,,,玄水屋,玄水屋,,,,,,https://agtujigvxxdppngirqtu.supabase.co/storage/v1/object/public/taplist-media/1cff208a-4424-4867-966d-a7839ac59f6f/drinks/f33b7ef4-839f-4edd-98d0-5be69cfadd78/no-menu-beer-artwork__96_.jpg,,,active,production_drinks_2026-06-30_conservative_exact_key,1,1,0,1,f33b7ef4-839f-4edd-98d0-5be69cfadd78,1cff208a-4424-4867-966d-a7839ac59f6f,星际物质,玄水屋,玄水屋,Single source drink; safe to create as standalone product if this row should enter pool.
candidate_0367,single_drink,create_product_then_link_source_drinks,星空领航员,,,Fever,Fever,,,,,,https://agtujigvxxdppngirqtu.supabase.co/storage/v1/object/public/taplist-media/7aa1147c-5c8b-4c68-bc11-56ce34608689/drinks/af97e920-9d77-45b6-9509-f0a68c596d58/no-menu-beer-artwork_-_2026-06-08T022708.210.jpg,,,active,production_drinks_2026-06-30_conservative_exact_key,1,1,0,1,af97e920-9d77-45b6-9509-f0a68c596d58,7aa1147c-5c8b-4c68-bc11-56ce34608689,星空领航员,Fever,Fever,Single source drink; safe to create as standalone product if this row should enter pool.
candidate_0252,single_drink,create_product_then_link_source_drinks,星云甘露,,,裂变酿造,裂变酿造,,,,,,https://agtujigvxxdppngirqtu.supabase.co/storage/v1/object/public/taplist-media/4d1da7d9-8b21-4706-b535-355b9ff79388/drinks/678ccfae-391d-4cfc-8aad-29939b3caec2/no-menu-beer-artwork__65_.jpg,,,active,production_drinks_2026-06-30_conservative_exact_key,1,1,0,1,678ccfae-391d-4cfc-8aad-29939b3caec2,4d1da7d9-8b21-4706-b535-355b9ff79388,星云甘露,裂变酿造,裂变酿造,Single source drink; safe to create as standalone product if this row should enter pool.
candidate_0315,single_drink,create_product_then_link_source_drinks,锈钉 2024,,,佛里蒙,佛里蒙,,,,,,https://agtujigvxxdppngirqtu.supabase.co/storage/v1/object/public/taplist-media/283206e3-22d9-4a54-b8a5-70694b1ec062/drinks/92db30c5-bfa0-4cfc-9bb7-1a73fb4130e5/_____2024_1______________.jpg,,,active,production_drinks_2026-06-30_conservative_exact_key,1,1,0,1,92db30c5-bfa0-4cfc-9bb7-1a73fb4130e5,283206e3-22d9-4a54-b8a5-70694b1ec062,锈钉 2024,佛里蒙,佛里蒙,Single source drink; safe to create as standalone product if this row should enter pool.
candidate_0311,single_drink,create_product_then_link_source_drinks,亚特兰大出口,,,矛盾体,矛盾体,,,,,,,,,active,production_drinks_2026-06-30_conservative_exact_key,1,1,0,1,91cdbf1f-c9ae-43b3-b312-cfc9bf06767f,57d005da-1193-4bd2-955a-ef6b9653516d,亚特兰大出口,矛盾体,矛盾体,Single source drink; safe to create as standalone product if this row should enter pool.
candidate_0334,single_drink,create_product_then_link_source_drinks,烟熏乌梅,,,勿幕,勿幕,,,,,,https://agtujigvxxdppngirqtu.supabase.co/storage/v1/object/public/taplist-media/1cff208a-4424-4867-966d-a7839ac59f6f/drinks/24b6fa8d-3a36-4583-93e7-436629b92fef/no-menu-beer-artwork__97_.jpg,,,active,production_drinks_2026-06-30_conservative_exact_key,1,1,0,1,24b6fa8d-3a36-4583-93e7-436629b92fef,1cff208a-4424-4867-966d-a7839ac59f6f,烟熏乌梅,勿幕,勿幕,Single source drink; safe to create as standalone product if this row should enter pool.
candidate_0495,single_drink,create_product_then_link_source_drinks,盐洞·柑橘风暴眼,,,勿幕,勿幕,,,,,,https://agtujigvxxdppngirqtu.supabase.co/storage/v1/object/public/taplist-media/82bf1237-e90c-4379-a2bc-a6dad2726b93/drinks/5f3c0cca-8d2c-4aa1-8bfc-72b1e03f4b37/no-menu-beer-artwork__40_.jpg,,,active,production_drinks_2026-06-30_conservative_exact_key,1,1,0,1,5f3c0cca-8d2c-4aa1-8bfc-72b1e03f4b37,82bf1237-e90c-4379-a2bc-a6dad2726b93,盐洞·柑橘风暴眼,勿幕,勿幕,Single source drink; safe to create as standalone product if this row should enter pool.
candidate_0441,single_drink,create_product_then_link_source_drinks,阳光洒肩头,,,赤耳,赤耳,,,,,,https://agtujigvxxdppngirqtu.supabase.co/storage/v1/object/public/taplist-media/44a4429c-fb70-47a5-923b-370fce8f167e/drinks/b4066115-8e10-4abb-82be-4fd3486396de/no-menu-beer-artwork__12_.jpg,,,active,production_drinks_2026-06-30_conservative_exact_key,1,1,0,1,b4066115-8e10-4abb-82be-4fd3486396de,44a4429c-fb70-47a5-923b-370fce8f167e,阳光洒肩头,赤耳,赤耳,Single source drink; safe to create as standalone product if this row should enter pool.
candidate_0332,single_drink,create_product_then_link_source_drinks,夜曲,,,彼岸,彼岸,,,,,,https://agtujigvxxdppngirqtu.supabase.co/storage/v1/object/public/taplist-media/1cff208a-4424-4867-966d-a7839ac59f6f/drinks/4a1649f8-1455-4337-94ac-dcc763350001/no-menu-beer-artwork__99_.jpg,,,active,production_drinks_2026-06-30_conservative_exact_key,1,1,0,1,4a1649f8-1455-4337-94ac-dcc763350001,1cff208a-4424-4867-966d-a7839ac59f6f,夜曲,彼岸,彼岸,Single source drink; safe to create as standalone product if this row should enter pool.
candidate_0160,single_drink,create_product_then_link_source_drinks,一路发达4周年,,,Dr.Lab,Dr.Lab,,,,,,,,,active,production_drinks_2026-06-30_conservative_exact_key,1,1,0,1,3d6cb427-a8c3-4583-a7c4-5a3ad9f5f502,3d6cb427-a8c3-4583-a7c4-5a3ad9f5f787,一路发达4周年,Dr.Lab,Dr.Lab,Single source drink; safe to create as standalone product if this row should enter pool.
candidate_0193,single_drink,create_product_then_link_source_drinks,一起漂浮,,,艾尔复兴,艾尔复兴,,,,,,,,,active,production_drinks_2026-06-30_conservative_exact_key,1,1,0,1,3569ae7f-2177-4296-b09d-4860499644b8,57d005da-1193-4bd2-955a-ef6b9653516d,一起漂浮,艾尔复兴,艾尔复兴,Single source drink; safe to create as standalone product if this row should enter pool.
candidate_0108,single_drink,create_product_then_link_source_drinks,意大利阿杰诺橙酒自然酒,,,,,,,,,,,,,active,production_drinks_2026-06-30_conservative_exact_key,1,1,0,1,1fdcfd06-c0be-4c8d-8a8c-4f0e2ff3963a,00000000-0000-0000-0000-000000000001,意大利阿杰诺橙酒自然酒,,,Single source drink; safe to create as standalone product if this row should enter pool.
candidate_0109,single_drink,create_product_then_link_source_drinks,意大利苏维亚酒园苏阿维干白,,,,,,,,,,,,,active,production_drinks_2026-06-30_conservative_exact_key,1,1,0,1,7fb7e9c4-909f-496d-aa53-53532b15bfc0,00000000-0000-0000-0000-000000000001,意大利苏维亚酒园苏阿维干白,,,Single source drink; safe to create as standalone product if this row should enter pool.
candidate_0209,single_drink,create_product_then_link_source_drinks,银苹果,,,啤脑酿造 / Beer Head,啤脑酿造 / Beer Head,,,,,,https://agtujigvxxdppngirqtu.supabase.co/storage/v1/object/public/taplist-media/831db2a1-ee47-4d88-9c0b-3e19a5668d6d/drinks/c0222c49-6d63-44fd-b623-abc13529266e/no-menu-beer-artwork__35_.jpg,,,active,production_drinks_2026-06-30_conservative_exact_key,1,1,0,1,c0222c49-6d63-44fd-b623-abc13529266e,831db2a1-ee47-4d88-9c0b-3e19a5668d6d,银苹果,啤脑酿造 / Beer Head,啤脑酿造 / Beer Head,Single source drink; safe to create as standalone product if this row should enter pool.
candidate_0377,single_drink,create_product_then_link_source_drinks,永恒之涯,,,索拉里斯,索拉里斯,,,,,,https://agtujigvxxdppngirqtu.supabase.co/storage/v1/object/public/taplist-media/494bcf1f-8346-480f-a396-204b104c9313/drinks/2c361277-8feb-4527-854a-40e88c188855/no-menu-beer-artwork__7_.jpg,,,active,production_drinks_2026-06-30_conservative_exact_key,1,1,0,1,2c361277-8feb-4527-854a-40e88c188855,494bcf1f-8346-480f-a396-204b104c9313,永恒之涯,索拉里斯,索拉里斯,Single source drink; safe to create as standalone product if this row should enter pool.
candidate_0357,single_drink,create_product_then_link_source_drinks,永恒之注,,,索拉里斯,索拉里斯,,,,,,,,,active,production_drinks_2026-06-30_conservative_exact_key,1,1,0,1,332ad5f9-ec23-4222-bd65-cc4e066f2645,7aa1147c-5c8b-4c68-bc11-56ce34608689,永恒之注,索拉里斯,索拉里斯,Single source drink; safe to create as standalone product if this row should enter pool.
candidate_0136,single_drink,create_product_then_link_source_drinks,涌,,,赤耳酿造,赤耳酿造,,,,,,,,,active,production_drinks_2026-06-30_conservative_exact_key,1,1,0,1,44a4429c-fb70-47a5-923b-370fce8f0106,44a4429c-fb70-47a5-923b-370fce8f167e,涌,赤耳酿造,赤耳酿造,Single source drink; safe to create as standalone product if this row should enter pool.
candidate_0650,single_drink,create_product_then_link_source_drinks,涌现,,,会饮酿造,会饮酿造,,,,,,https://agtujigvxxdppngirqtu.supabase.co/storage/v1/object/public/taplist-media/487685c5-99f1-463c-9e19-9eeea1cf6699/drinks/c984c13f-76cc-486c-af17-b4d1f1f5a6c1/no-menu-beer-artwork__29_.jpg,,,active,production_drinks_2026-06-30_conservative_exact_key,1,1,0,1,c984c13f-76cc-486c-af17-b4d1f1f5a6c1,487685c5-99f1-463c-9e19-9eeea1cf6699,涌现,会饮酿造,会饮酿造,Single source drink; safe to create as standalone product if this row should enter pool.
candidate_0219,single_drink,create_product_then_link_source_drinks,游隼,,,哈德逊河谷,哈德逊河谷,,,,,,,,,active,production_drinks_2026-06-30_conservative_exact_key,1,1,0,1,533389bd-35de-4d3e-939b-ca6b2eb04071,57d005da-1193-4bd2-955a-ef6b9653516d,游隼,哈德逊河谷,哈德逊河谷,Single source drink; safe to create as standalone product if this row should enter pool.
candidate_0596,single_drink,create_product_then_link_source_drinks,有限社交 美式淡色艾尔,,,TAPSTAR,TAPSTAR,,,,,,,,,active,production_drinks_2026-06-30_conservative_exact_key,1,1,0,1,c5579fd3-eb39-4555-b782-4771a8c47645,00000000-0000-0000-0000-000000000001,有限社交 美式淡色艾尔,TAPSTAR,TAPSTAR,Single source drink; safe to create as standalone product if this row should enter pool.
candidate_0161,single_drink,create_product_then_link_source_drinks,柚子大米拉格,,,分野,分野,,,,,,,,,active,production_drinks_2026-06-30_conservative_exact_key,1,1,0,1,e0c967ed-49ab-43dc-8b91-f95bcf274a20,81a90487-39c9-46bb-b221-68ff631275d6,柚子大米拉格,分野,分野,Single source drink; safe to create as standalone product if this row should enter pool.
candidate_0245,single_drink,create_product_then_link_source_drinks,月光宝盒,,,彼岸酿造,彼岸酿造,,,,,,https://agtujigvxxdppngirqtu.supabase.co/storage/v1/object/public/taplist-media/494bcf1f-8346-480f-a396-204b104c9313/drinks/fa7b1369-dd10-4980-bf42-4155279a3214/no-menu-beer-artwork__60_.jpg,,,active,production_drinks_2026-06-30_conservative_exact_key,1,1,0,1,fa7b1369-dd10-4980-bf42-4155279a3214,494bcf1f-8346-480f-a396-204b104c9313,月光宝盒,彼岸酿造,彼岸酿造,Single source drink; safe to create as standalone product if this row should enter pool.
candidate_0227,single_drink,create_product_then_link_source_drinks,月球旅行者,,,,,,,,,,,,,active,production_drinks_2026-06-30_conservative_exact_key,1,1,0,1,56f39089-7867-4322-b3bd-04174f7fa4ca,81a90487-39c9-46bb-b221-68ff631275d6,月球旅行者,,,Single source drink; safe to create as standalone product if this row should enter pool.
candidate_0047,single_drink,create_product_then_link_source_drinks,云湾长相思,,,,,,,,,,,,,active,production_drinks_2026-06-30_conservative_exact_key,1,1,0,1,ffdfbb16-706b-4c78-b45a-0ba0786a6bfe,00000000-0000-0000-0000-000000000001,云湾长相思,,,Single source drink; safe to create as standalone product if this row should enter pool.
candidate_0268,single_drink,create_product_then_link_source_drinks,云雾之峰,,,远山啤酒,远山啤酒,,,,,,https://agtujigvxxdppngirqtu.supabase.co/storage/v1/object/public/taplist-media/d897a73b-37fb-4c57-af0f-79d8759173cb/drinks/14a2b70b-56fa-43aa-8ee4-e94e0af12cbd/no-menu-beer-artwork__63_.jpg,,,active,production_drinks_2026-06-30_conservative_exact_key,1,1,0,1,14a2b70b-56fa-43aa-8ee4-e94e0af12cbd,d897a73b-37fb-4c57-af0f-79d8759173cb,云雾之峰,远山啤酒,远山啤酒,Single source drink; safe to create as standalone product if this row should enter pool.
candidate_0312,single_drink,create_product_then_link_source_drinks,杂散光,,,哈德逊河谷,哈德逊河谷,,,,,,,,,active,production_drinks_2026-06-30_conservative_exact_key,1,1,0,1,b6506658-e221-4f64-9452-7ce0c1e50c8e,57d005da-1193-4bd2-955a-ef6b9653516d,杂散光,哈德逊河谷,哈德逊河谷,Single source drink; safe to create as standalone product if this row should enter pool.
candidate_0351,single_drink,create_product_then_link_source_drinks,长安,,,风味屋,风味屋,,,,,,https://agtujigvxxdppngirqtu.supabase.co/storage/v1/object/public/taplist-media/7aa1147c-5c8b-4c68-bc11-56ce34608689/drinks/cc7d8b88-2146-4cc4-b9cc-7d3da3108fee/no-menu-beer-artwork_-_2026-06-08T022730.110.jpg,,,active,production_drinks_2026-06-30_conservative_exact_key,1,1,0,1,cc7d8b88-2146-4cc4-b9cc-7d3da3108fee,7aa1147c-5c8b-4c68-bc11-56ce34608689,长安,风味屋,风味屋,Single source drink; safe to create as standalone product if this row should enter pool.
candidate_0134,single_drink,create_product_then_link_source_drinks,长相思,,,明日酿造,明日酿造,,,,,,,,,active,production_drinks_2026-06-30_conservative_exact_key,1,1,0,1,44a4429c-fb70-47a5-923b-370fce8f0110,44a4429c-fb70-47a5-923b-370fce8f167e,长相思,明日酿造,明日酿造,Single source drink; safe to create as standalone product if this row should enter pool.
candidate_0407,single_drink,create_product_then_link_source_drinks,志气,,,花雅酿造,花雅酿造,,,,,,https://agtujigvxxdppngirqtu.supabase.co/storage/v1/object/public/taplist-media/b4c33fea-51e3-426d-9dfa-b13947153ac2/drinks/c41dd690-5899-4062-8799-25a5c1371fd6/no-menu-beer-artwork__15_.jpg,,,active,production_drinks_2026-06-30_conservative_exact_key,1,1,0,1,c41dd690-5899-4062-8799-25a5c1371fd6,b4c33fea-51e3-426d-9dfa-b13947153ac2,志气,花雅酿造,花雅酿造,Single source drink; safe to create as standalone product if this row should enter pool.
candidate_0303,single_drink,create_product_then_link_source_drinks,智美银帽,,,智美,智美,,,,,,,,,active,production_drinks_2026-06-30_conservative_exact_key,1,1,0,1,ca3c1606-4cd0-4b55-a928-e9593b86b921,283206e3-22d9-4a54-b8a5-70694b1ec062,智美银帽,智美,智美,Single source drink; safe to create as standalone product if this row should enter pool.
candidate_0422,single_drink,create_product_then_link_source_drinks,紫露,,,洄游,洄游,,,,,,,,,active,production_drinks_2026-06-30_conservative_exact_key,1,1,0,1,a85e5c3c-fc3c-40ba-8e34-6c59dcda43f3,81a90487-39c9-46bb-b221-68ff631275d6,紫露,洄游,洄游,Single source drink; safe to create as standalone product if this row should enter pool.
candidate_0527,single_drink,create_product_then_link_source_drinks,自然呼唤,,,山乘,山乘,,,,,,https://agtujigvxxdppngirqtu.supabase.co/storage/v1/object/public/taplist-media/13b6f277-ab0d-4c19-ba8a-d97a5af9f51d/drinks/6b74570d-0382-4241-b1d6-83c8f3e8ab92/no-menu-beer-artwork__81_.jpg,,,active,production_drinks_2026-06-30_conservative_exact_key,1,1,0,1,6b74570d-0382-4241-b1d6-83c8f3e8ab92,13b6f277-ab0d-4c19-ba8a-d97a5af9f51d,自然呼唤,山乘,山乘,Single source drink; safe to create as standalone product if this row should enter pool.
candidate_0416,single_drink,create_product_then_link_source_drinks,醉佳,,,辉光,辉光,,,,,,https://agtujigvxxdppngirqtu.supabase.co/storage/v1/object/public/taplist-media/c3af90db-9734-4750-927c-38f6b37fb3e0/drinks/0f6b08a0-4732-4058-8816-dbe2acc2af5a/_____.jpg,,,active,production_drinks_2026-06-30_conservative_exact_key,1,1,0,1,0f6b08a0-4732-4058-8816-dbe2acc2af5a,c3af90db-9734-4750-927c-38f6b37fb3e0,醉佳,辉光,辉光,Single source drink; safe to create as standalone product if this row should enter pool.
candidate_0246,single_drink,create_product_then_link_source_drinks,Chepedelic,,,ISM Brewing,ISM Brewing,,,,,,https://agtujigvxxdppngirqtu.supabase.co/storage/v1/object/public/taplist-media/494bcf1f-8346-480f-a396-204b104c9313/drinks/6645e492-ea9a-43b3-9ca7-96a937fa6b26/no-menu-beer-artwork__74_.jpg,,,active,production_drinks_2026-06-30_conservative_exact_key,1,1,0,1,6645e492-ea9a-43b3-9ca7-96a937fa6b26,494bcf1f-8346-480f-a396-204b104c9313,Chepedelic,ISM Brewing,ISM Brewing,Single source drink; safe to create as standalone product if this row should enter pool.
candidate_0180,single_drink,create_product_then_link_source_drinks,Fredrick's Violin V26,,,Dr.Lab,Dr.Lab,,,,,,https://agtujigvxxdppngirqtu.supabase.co/storage/v1/object/public/taplist-media/3d6cb427-a8c3-4583-a7c4-5a3ad9f5f787/drinks/3d6cb427-a8c3-4583-a7c4-5a3ad9f5f507/no-menu-beer-artwork__8_.jpg,,,active,production_drinks_2026-06-30_conservative_exact_key,1,1,0,1,3d6cb427-a8c3-4583-a7c4-5a3ad9f5f507,3d6cb427-a8c3-4583-a7c4-5a3ad9f5f787,Fredrick's Violin V26,Dr.Lab,Dr.Lab,Single source drink; safe to create as standalone product if this row should enter pool.
candidate_0257,single_drink,create_product_then_link_source_drinks,LIMA,,,Derive Brewery,Derive Brewery,,,,,,https://agtujigvxxdppngirqtu.supabase.co/storage/v1/object/public/taplist-media/494bcf1f-8346-480f-a396-204b104c9313/drinks/79e88d38-296a-46aa-bebd-e8d48aebb48e/no-menu-beer-artwork__62_.jpg,,,active,production_drinks_2026-06-30_conservative_exact_key,1,1,0,1,79e88d38-296a-46aa-bebd-e8d48aebb48e,494bcf1f-8346-480f-a396-204b104c9313,LIMA,Derive Brewery,Derive Brewery,Single source drink; safe to create as standalone product if this row should enter pool.
candidate_0195,single_drink,create_product_then_link_source_drinks,Lux,,,Bissell Brothers Brewing,Bissell Brothers Brewing,,,,,,,,,active,production_drinks_2026-06-30_conservative_exact_key,1,1,0,1,df810ea7-5fe1-4584-8cf6-257241a7376d,831db2a1-ee47-4d88-9c0b-3e19a5668d6d,Lux,Bissell Brothers Brewing,Bissell Brothers Brewing,Single source drink; safe to create as standalone product if this row should enter pool.
candidate_0465,single_drink,create_product_then_link_source_drinks,Motu-Moment,,,Origin 4,Origin 4,,,,,,,,,active,production_drinks_2026-06-30_conservative_exact_key,1,1,0,1,40a211f9-fe18-45c8-b651-1514d4078577,1cff208a-4424-4867-966d-a7839ac59f6f,Motu-Moment,Origin 4,Origin 4,Single source drink; safe to create as standalone product if this row should enter pool.
candidate_0261,single_drink,create_product_then_link_source_drinks,Nebula Nectar,,,裂变酿造,裂变酿造,,,,,,https://agtujigvxxdppngirqtu.supabase.co/storage/v1/object/public/taplist-media/494bcf1f-8346-480f-a396-204b104c9313/drinks/dd0128c7-16f1-48c5-aff9-595f75528362/no-menu-beer-artwork__61_.jpg,,,active,production_drinks_2026-06-30_conservative_exact_key,1,1,0,1,dd0128c7-16f1-48c5-aff9-595f75528362,494bcf1f-8346-480f-a396-204b104c9313,Nebula Nectar,裂变酿造,裂变酿造,Single source drink; safe to create as standalone product if this row should enter pool.
candidate_0183,single_drink,create_product_then_link_source_drinks,Powder Hound无序双板滑雪,,,OOO:,OOO:,,,,,,,,,active,production_drinks_2026-06-30_conservative_exact_key,1,1,0,1,90d30cd3-5bf4-4d9a-8336-123d7b2e2030,57d005da-1193-4bd2-955a-ef6b9653516d,Powder Hound无序双板滑雪,OOO:,OOO:,Single source drink; safe to create as standalone product if this row should enter pool.
candidate_0186,single_drink,create_product_then_link_source_drinks,Sweep Broom Peel无序冰壶,,,OOO:,OOO:,,,,,,,,,active,production_drinks_2026-06-30_conservative_exact_key,1,1,0,1,f16eaf15-17f2-4f45-aa9e-5720f2d5fb15,57d005da-1193-4bd2-955a-ef6b9653516d,Sweep Broom Peel无序冰壶,OOO:,OOO:,Single source drink; safe to create as standalone product if this row should enter pool.
